exercise_id,male_id,female_id,nome,tipo,equipamento,equipamento_secundario,musculos_alvo
7701d3964080a6f9b3ef11910385a55378cb6426baea5078b69df77550566133,,591512,3 Leg Chatarunga Pose,Stretching,Body weight,,Abs|Chest|Glutes|Hamstrings|Lats|Quads|Shoulders|Triceps
a1a85baf792e3374f8383b44bcfa5d0949931630cd27dc138fc8293ff62a4340,,588712,3 Leg Dog Pose,Stretching,Body weight,,Abs|Glutes|Hamstrings|Lats|Quads|Shoulders|Triceps
5a2e2b8bc0837bbb6cc7a4d0a88487f661a2f4a5db0950f0ae23b44bc7bfb0b4,112,247612,3/4 Sit-up,Strength,Body weight,,Abs
e6dd667d7e6a3663f0c1f73de52b197283063ac589ca1d4d2623610b038a58df,,580712,4 Coners Side Step,Aerobic,Body weight,,Abs|Chest|Glutes|Hamstrings|Quads|Shoulders
d6a11ceb28f2764320a69be655b080ba92773dde7d8a9f1137271d90c267b2c0,627812,,4 Corners Curtsy,Aerobic,Body weight,,Abs|Calves|Chest|Glutes|Hamstrings|Quads|Shoulders
c7c6fec3f930087bd65512aa806cca911e1d15ab4fa5fe6c355eee1f36ab49e5,,611112,4 Punches Side Squat,Aerobic,Body weight,,Abs|Calves|Chest|Glutes|Hamstrings|Quads|Shoulders
0e4681a22cdbeda19116f89050418a762d6f7a81f89bc94b12d59b7d99641e0b,,613412,4 Reverse Lunge and 4 Side Taps,Aerobic,Body weight,,Calves|Chest|Glutes|Hamstrings|Quads|Shoulders
758336d80f8d629327a3709a0b4eb9c7f790ff024ab4765c8af35cc4e694c944,526512,118512,45 Degrees Bicycle Twisting Crunch,Strength,Special Bench,,Abs|Quads
a80329599041dac573bbf5e22623d01c2ab34884d5c4f511ce506b03c234b851,580212,,45 Degrees Reverse Hyperextension,Strength,Special Bench,,Glutes
5c46dd65c86fd2dbc6bc3cd1fa80846820d5a20509c8a63552a1f0481c018bbc,212,243512,45 Degrees Side Bend,Strength,Special Bench,,Abs
d1433754d7605a8315115f48661f09846c1ee2051120b704474c5e7050def75e,,643412,45 Degrees Step Out,Aerobic,Body weight,,Calves|Glutes|Hamstrings|Quads
30303fccae9d5fc1a8f7abac35afc92581db9c7dbcf708261a7d29a2b1297a34,581312,87712,45 degrees hyperextension (arms in front of chest),Strength,Special Bar,,Glutes|Lats
4a3063f4e7677375255405f91d9020ad0e2e2ee20cf8cd6ff857de18d300c04e,,117112,45 degrees twisting hyperextension,Strength,Special Bar,,Abs|Hamstrings|Lats
55c9acb0a864de6e7fb78a291a712f38a006071a6ab4d4e9d6cb356a4c027fe0,640712,,5 Sec Fist Against Chin,Strength,Body weight,,Traps
23e56adde4a647bcc212bbce9ad2ef49ae3893e59aa931b3c2aa4a5ade72336e,400712,464412,90 Degrees Heel Touch,Strength,Body weight,,Abs
9f02908cdf665e0780d60bf56979d0a3163b9c3a74d8266387dd6ecbcff6ee6d,642812,,90 Degrees Heel Touch Legs Raised,Strength,Body weight,,Abs
76c4ea9bcfbcf89208938317cf952e9ed16c46de45e79185718ba0d8d6362c66,,593612,90 Degrees One Knee Crunch,Strength,Body weight,,Abs
8abc5e4f1b4de01f89100236d9c5e6a9a30ab21f7b4e9674c7e865d0c83836df,,226912,Ab Roller Crunch,Strength,Special Equipment,,Abs
9de1fafdedb7b7dada39377a5257a753d7b2d3f6ffe615db59322c9f5d6e3194,603312,,Ab Tuck,Strength,Special Bar,,Abs
9dfc31db7799ab4b1853368aaa1bf4e1f5a349f6f90ed3f82a51f15195086274,,324412,Abdominal Stretch,Stretching,Body weight,,Abs
966be3fc7c8679a795324bb7b64e76eafcba41e102972738c6799aa9d687e50d,177712,451412,Above Head Chest Stretch,Stretching,Body weight,,Chest|Shoulders
ddd6d56b93b86ff645fb1084144027a8261ede3af7491e4d4950df73663f3668,198012,,Across Chest Shoulder Stretch,Stretching,Body weight,,Lats|Shoulders|Traps
3ca186b70c799680fc59db59a19de2f7e2e2a7259b8377c416a36447bdf08a18,451212,93612,Adductor Stretch,Stretching,Body weight,,Glutes|Quads
90869d3e6a11196db76a20de98b627e1594c87e0ccf4b2f13a42143ca8a05472,312,239512,Air Bike,Strength,Body weight,,Abs
72f8403864506aa4aaf0700336e4cc12cd7acdf6a5255a3f89527335042e0291,,555012,Air Punches March,Aerobic,Body weight,,Biceps|Chest|Glutes|Hamstrings|Quads|Shoulders
d5ae600cf9db6d1f97ca21e51003d7db7dea20255f68ed8e79929fc04ad2b248,526612,,Air Twisting Crunch,Strength,Body weight,,Abs|Quads
e8b68c5eb0a81f69f5c02a162b0972caf146bd6d3cc685c0dcac6da042f1aeef,642612,,Air Twisting Crunch (V2),Strength,Body weight,,Abs
93bc508d49e2bbb639d2140c8cd2e96d581ddcf8064ecd9a57f3bbeb22af2ba8,151212,451312,All Fours Squad Stretch,Stretching,Body weight,,Glutes|Hamstrings|Quads
fb32876e279c268341c80c4c31bef3718147531b07607d2e22171545f4e16cbc,471312,,Alternate Front Kick in Place,Aerobic,Body weight,,Calves|Glutes|Hamstrings|Quads
cbc3c84264cb66125e67da8d8938be6eb63ff348f45e3e27d7d9d8db21512bdb,503712,,Alternate Front Kick in Place with Arm Circles,Aerobic,Body weight,,Calves|Chest|Glutes|Hamstrings|Quads|Shoulders
647dda204a25f3be1c9796384a7e11351e8ddf90240c1cf776e30b4a36362977,347912,,Alternate Heel Touch Side Kick Squat,Strength,Body weight,,Glutes|Quads
926228582ce0eea6f71a4b94cef77566f1ee1cf437291219e31e42fcd742c8d6,612,380112,Alternate Heel Touchers,Strength,Body weight,,Abs
978b41709987db73e3645c7365f86f2751098177754e82ef851d1a06edc897af,553812,,Alternate Leg Pull,Strength,Body weight,,Abs
73759371327a46d2bc4ad1a79a00fa5ad489d3e348b379a8c8560ba6147b255e,482612,161312,Alternate Leg Raise,Strength,Body weight,,Abs|Quads
4209d687def7af4f37bf2bcdf4d0910b17d64c07f29af9bdacb7c4a00397790c,,519912,Alternate Leg Raise from Reverse Plank Position,Strength,Body weight,,Abs|Quads
cdd73d8d8c67c43673dc844689720cc44d6b566ea138b400d95fc0dd6323cf2a,400112,427312,Alternate Leg Raise with Head-up,Strength,Body weight,,Abs|Quads
e1fe549b54b289c7c078b101b71cb8d37d24a0e77bf6c8d8807f6abb4e19249e,359012,812,Alternate Lying Floor Leg Raise,Strength,Body weight,,Abs|Quads
27217e96bdfe9d3ef5a9a62571649bb42b1bc7386ed30441a6cd6ea45a1ee846,435412,528012,Alternate Oblique Crunch,Strength,Body weight,,Abs
48b833bd38b663957f2ddfda5fc4333c722d646f6556542b449ff2e0997c4465,510412,,Alternate One Leg Raise Plank,Strength,Body weight,,Abs|Glutes
25379620949f4af91cb34b0a9e6f8f93ed21e2b5f5583cb68c1951937a3ddaa9,,380212,Alternate Punching,Aerobic,Body weight,,Chest|Shoulders
3c883ff5df01a3e42fa75a755b937d9245551dd699917dbff7ed345d180b4a45,348012,,Alternate Sprinter Lunge,Strength,Body weight,,Glutes|Quads
909806681aa3977e6fcdafb3d9b8c4d5651d631a155fc513f7c09b85705ba965,510612,,Alternate Toe Tap Leg Lift,Strength,Body weight,,Abs|Quads
a5f2bd46b5cb3931159b51002cca49fcb4adc544cfe0c7e3ece6a50724a0035e,563812,562512,Alternating Ankle Touch,Aerobic,Body weight,,Abs|Calves|Glutes|Hamstrings|Quads
4978ddb23d7fb7922662c5e73ac96b8d5efdce547b11bb0a575347eb8987a387,,560312,Alternating Hamstring Curl Double Kick,Aerobic,Body weight,,Calves|Glutes|Hamstrings|Quads
e738286e8f86a673ce209b3d7e522f3b6abd64663e8a52e9a072b47359a3c188,443712,548512,Alternating Hamstring Curl with Punche,Aerobic,Body weight,,Calves|Chest|Glutes|Hamstrings|Quads|Shoulders|Triceps
d01cf6d1b73a990980803e5ed91a410fdaaeeffcb0fb5329d2f7e98784ef0a54,,580912,Alternating Knee Thrust,Aerobic,Body weight,,Abs|Calves|Glutes|Hamstrings|Quads
918078704a16e84658fb931c937d311802ed3295dc16ff851dfe533e712e682a,524712,492612,Alternating Leg Downward Dog,Stretching,Body weight,,Abs|Chest|Glutes|Hamstrings|Shoulders
830d60280bbd918be3010a224e44c65611269ee7863b1b23fa76142e3cd285a3,443612,,Alternating Step Out,Aerobic,Body weight,,Calves|Glutes|Hamstrings|Quads
d885d412975c0417768897782617995f4a31740229bad052683ae4b790f9e498,470212,,Alternating Superman,Strength,Body weight,,Glutes|Lats
19d8f0744e239840a701298880e8b30f36ef8c47b365d85d2235fbbbf6c55c27,,613512,Alternating Tip Toe Knees,Aerobic,Body weight,,Abs|Biceps|Calves|Chest|Glutes|Hamstrings|Quads|Shoulders|Triceps
402235a8122c42a110495bc5e4a295ceef592388da729ac72f7b676f8d7b56f3,276112,,Ankle - Dorsal Flexion,Stretching,Body weight,,Calves
01c7270655d09f12623a5e2d8117ff0559ff58d062406b071560a91a3d56759b,276212,,Ankle - Plantar Flexion,Stretching,Body weight,,Calves
28ed24e72a8d60e4b5e70b039140cef3b9c646f6d04d3b995005f6d51cd11e32,,393112,Ankle Circles,Strength,Body weight,,Calves
40c2460e666c77c879b52151d521ddb342b2d0f6aa9217143d5887721ffc52b5,329312,,Archer Pull-up,Strength,Special Bar,,Lats|Shoulders|Traps
22c5029f439e0a6b7d1aff3bf845e9a6dd98079458586b1664a1ab03af3de08e,329412,,Archer Push-up,Strength,Body weight,,Chest
05acb0c2b984f7b478f297f6af72f990fb76026c1216a156420a0ac8d0f727cf,,555112,Archer Stepback,Aerobic,Body weight,,Abs|Chest|Glutes|Hamstrings|Quads|Shoulders
738d625ff3754b3f7a0c36347b90e092a02ceeaa65f515b02d251e24e4b0f85b,561012,561712,Arm Circle Stepback,Aerobic,Body weight,,Chest|Glutes|Hamstrings|Quads|Shoulders
ca1f33d3c819f8ec03cedf98c9abb294e227cc1f6c7aa203819b33d939f4ff4f,390512,,Arm Circles,Strength,Body weight,,Shoulders
7eb1add16934dcce09704ec899691335111a214228b353e1993c611ca0f96445,517212,466412,Arm Crossover,Strength,Body weight,,Chest
16cb9d75bd6bf4c949494956ebe125f61164d2dd1f08c46e5db2c8689f1a88b7,,535712,Arm Crossover Chest Out,Strength,Body weight,,Chest
b17126d405258dce9b7fa9039a56ba7ecadc2b25ca54ba49153623c862ef2ef1,559212,,Arm Crossover Curtsy,Aerobic,Body weight,,Abs|Calves|Chest|Glutes|Hamstrings|Quads|Shoulders
8804427d27b2de92834a73aa6182ac0670cb9ad2c84eea65c9df54ca38264921,,536512,Arm Double Crossover,Strength,Body weight,,Chest
49e1d363006c53d82dc21780bc4a2daa5905e88d719c356386b950ae600b1a4d,601412,601512,Arm Raise Step in Place,Aerobic,Body weight,,Calves|Glutes|Hamstrings|Quads|Shoulders|Triceps
4e5501a77462906e096c4cc54e2291bb29e41dabc49a8ce1c500457cbb913756,,513912,Arm Rotation Knee Lift,Aerobic,Body weight,,Abs
068e185e30b839ef1ddd925dca1c6251f74781f5fae038a7c5692febd56a85c5,,584912,Arm Swing Side Step,Aerobic,Body weight,,Calves|Chest|Glutes|Hamstrings|Quads|Shoulders
ca4c977a03f77342385441cc001d8898d3dccf893588efc3c8298415c05b744f,,637912,Arm Tuck Side Bend,Strength,Body weight,,Lats
53de4cd8658464ac79e5450a26f10660ba8793d5d550fa67abf8cedf0088f3c4,233312,,Arm slingers Hanging Straight Legs,Strength,Special Bar,Special Equipment,Abs|Quads
df81d7d001056e0e1c403cdb89a481cc1e74a47f7e1db2388002acccc1dd3e21,321412,,Arms Apart Circular Toe Touch,Strength,Body weight,,Abs
0c9e36b3c3b3b2ea435b28d1421bdf7186f12ce989a5c7ab9bddb37e253be345,,571312,Arms Circle Front Step,Aerobic,Body weight,,Calves|Chest|Glutes|Hamstrings|Quads|Shoulders
71624122ee975cd810f7ab3ebb5381a357e6ca64a0f9eeeffdf2c5e075f70bdd,,562412,Arms Forward Butt Kick,Aerobic,Body weight,,Calves|Chest|Glutes|Hamstrings|Quads|Shoulders
6b1b545b39afb5724f4348dc01548e3bc58434548ff84fe44deec686742d0230,517512,,Arms-up and Down,Aerobic,Body weight,,Chest|Shoulders
e1b1f01ee2f7ebdf38ca01323a5e4a6a4023b41bddd6e5d33e968f495ba02cde,,630512,Around the World Lying on Floor,Stretching,Body weight,,Traps
311811be923167172f2f173e5ff291c16abda6159329522df0305e32416b12da,348312,,Around the World Superman Hold,Strength,Body weight,,Glutes|Lats
acea746bac7c1e64633c648c08c2dd8eea6ec0b468e9a3a34ec5eb575576e800,389312,,Assault Bike Run,Aerobic,Special Machine,,Calves|Chest|Glutes|Hamstrings|Lats|Quads|Shoulders
cf4b7e9ed7c564ceffcc8ddf167bc5ac31d1276c67d0d22d033816ac05965dcf,422912,,Assault Run,Aerobic,Special Machine,,Calves|Glutes|Hamstrings|Quads
3da2eb456ed7d215455511bd90d4d5f154ce62698274f5c34aca7c23538ac56e,444212,,Assisted Bulgarian Split Squat,Strength,Body weight,,Hamstrings|Quads
9c1bb513012a5d8b76d766fb1bd106bff3bf35e0f91b48f1d672fbace500cb11,912,,Assisted Chest Dip (kneeling),Strength,Leverage machine,,Chest
9e13f44ba4efe5e060d3581b6e6e2d4ba8adce27bd5ff97b3f8cf20fa3201436,57212,254312,Assisted Chin-up,Strength,Leverage machine,,Lats|Shoulders|Traps
9338f025010d726319c80617d03ef118b7220f930c7be718912f985f62379db3,102712,,Assisted One Leg Press,Strength,Leverage machine,,Chest
faae022c4da032338f07a8034cca3a419541aaba308d5923eb15c52b1f4f068c,1512,,Assisted Parallel Close-Grip Pull-up,Strength,Leverage machine,,Lats
17d8b8afc4d99cb5830c434ac5ed5bf4bf6c035eb8f86932ea1f62201cb03413,1712,,Assisted Pull-up,Strength,Leverage machine,,Lats
0e0f870dcd5a776718bf17eb4e518c7d97c9218532e5e3f0dbd2039254741584,175812,,Assisted Sit-Up,Strength,Body weight,,Abs
466ead16c1d9e0c9965099ff5ae2cb8a0ea3c9eaf744a70b3c0b275a2ac1816d,1912,257512,Assisted Triceps Dip (kneeling),Strength,Leverage machine,,Triceps
194c1308e58e2d22d56532396c2e13d3e74814a9367f9998c8426731ff39a09b,117212,,Assisted Weighted Push-up,Strength,Weighted,,Chest
d0cfbe3c1025fab95e334345dfc1feb432d9b863804acf526bebc91c9808e008,322012,,Astride Jumps,Aerobic,Body weight,,Calves|Glutes|Hamstrings|Quads|Shoulders
65ea789dc944fdcf05b521b51818de29b0766c76db09258e10436659e5c52d48,131412,282112,Back Extension on Stability ball,Strength,Stability ball,,Lats
43bb575d21bd6166d304416ed1f5402766ee36860aae5a5ea5d89da0bbce9214,350212,257312,Back Forward Leg Swings,Strength,Body weight,,Glutes|Quads
d2c472f554851423b19e82ac2cc5c5827ca4faef25841ca099d7952a0e43a0c9,,609012,Back Kick Heel Touches,Aerobic,Body weight,,Abs|Calves|Glutes|Hamstrings|Quads
dd803bbd22db64507535a6cae3c99f2aac35ba3d01a4c11e735c478446644b8f,609712,609612,Back Kick Overhead Press,Aerobic,Body weight,,Abs|Calves|Chest|Glutes|Hamstrings|Quads|Shoulders|Triceps
970e396ea685e703e6c84b3ee95a0a8f95df396d9125037a8e22fbdef8da8370,639812,,Back Leg Lift Jack,Aerobic,Body weight,,Abs|Calves|Chest|Glutes|Hamstrings|Quads|Shoulders
8ce07b0efdfc8fcb17e52a8c0e787cc14d3e589bee62f2615183815efc6d9a94,140512,451512,Back Pec Stretch,Stretching,Body weight,,Chest|Lats|Shoulders
062ba69981fabe30319e75251ca4258081255a30afd35d5a56bf0682a6dee27b,399512,,Back Slaps Wrap Around Stretch,Stretching,Body weight,,Chest|Shoulders|Traps
980671c783f0b522c09667eadc7d51f18390f43cd7c2a0a8055e2fd2ed3a1985,,545212,Back Squeeze,Strength,Body weight,,Shoulders
b9ff791101ec938ba11210986898e80a6ffc32a2c75d0b95d8f3af5905855674,,536712,Back and Shoulders Stretch,Stretching,Body weight,,Lats|Shoulders|Triceps
8b2730c380dc5ee5eff439a0008eb017666ce36eee71145ac1266118d51c21b5,329712,,Back lever,Strength,Special Bar,,Lats|Shoulders|Traps
ffbd7bf2716d49410c1a989bc180ce75892b116a9a3a60656ea846423895fce3,,637512,Back scrub,Strength,Body weight,,Triceps
047382a3185e63e3e7e171e8194615decab06e900ea893a9d70f60b719bb3cd4,,466312,Backhand Raise,Strength,Body weight,,Shoulders|Traps
2a7e6fbc2db1e4a948b392516370aa51abf305217e8c755225b775685355edb7,400612,427012,Backward Abdominal Stretch,Stretching,Body weight,,Abs
95af44f8ba0dff128240fb98f99157b2adf00628b346f728280fae552a8c7b35,550512,,Backward Forward Turn to Side Neck Stretch,Stretching,Body weight,,Traps
5fbf6410394f76b3ef9d48d0deb6eb7cf64bbc261de029dd842b7029557decc7,530212,,Balance Board (V2),Strength,Special Equipment,,Calves|Glutes|Hamstrings|Quads
154e17f5503223dedd8a962d30b4eebc4cd91f08ffdd3fb76e911b9781bf5c07,,2112,Ball Sit-up (on stability ball),Strength,Stability ball,,Abs|Quads
b19910bfdfc3af5ebfb35f7496936c82ff2636c793d09e57ee7e0a2f1261b2ae,618112,560412,Ballerina Foot Tap Adduction,Strength,Body weight,,Abs|Glutes
670cb0315bc4888ed96014edc291e5d87daa820ba5a19f462a3a3e0282944385,,595912,Ballerina Side Bends,Strength,Body weight,,Abs
efb16775cc94a19be4c815113b3dbcc29d5d0a0a62de47c672a2f0df5ae8283e,598512,,Balloon Drill,Strength,Stability ball,,Hamstrings|Quads
dda159653bb3ad33edb9dd07b5b8dae041e6cd9d3ffa1d5cfb926d756ced12fe,408712,,Band 45 Degrees Biceps Curl,Strength,Band,,Biceps
c091ec1a4ee78d89e99493483190f2a45956991683437d82465235f4485218ae,592812,,Band 45 Degrees One Arm Biceps Curl,Strength,Band,,Biceps
56a7171a601c2975ab3d2aaf831bd7fbc0fb79d02da3a684ed563c805072a437,407812,,Band Alternate Low Chest Fly,Strength,Band,,Chest
5ee17e454f59680e99fe3847a86de611f9776072e617123bae785ef2fc01937c,420612,,Band Assisted Chin-Up (From Knee),Strength,Band,Special Bar,Lats|Shoulders|Traps
db366f3603ee9ab75f29fdc28aeb24db581d51af59dd90672cfbe54a1388bcb7,420512,,Band Assisted Dip,Strength,Band,Special Bar,Triceps
a15f33e7d1ec5b756a2a69f4b4d434c01133fbe1dde6aa0495ec60db134ee954,299712,384412,Band Assisted Pull-Up (V3),Strength,Band,Special Bar,Lats|Shoulders|Traps
213851c8830196f6e6d9747ba83442f101dd59f815569e1f370da28fb9db783d,149912,,Band Behind Neck Shoulder Press,Strength,Band,,Shoulders
5229212e20df45ae75d7cefebc9805a1154a517b8f04e04e42a5f4af21ac84c9,125412,,Band Bench Press,Strength,Band,,Chest
c1ab0abb42e8a3f66efc455034dd13de92d57d0df4539ec676afafd9fbdfde0e,414412,,Band Bent-Over Lat Pulldown,Strength,Band,,Lats
2aa0361e1e9086e44aaf32248ade86a9c389590af285dc9c420274a22a7ab132,587812,,Band Bent-Over One Arm Kickback,Strength,Band,,Triceps
4267bd31d6073bc0ee58449ba155801bcd54fc8a013d989ae339134a9e283fcc,403512,98012,Band Bent-over Hip Extension,Strength,Band,,Glutes
3953a9cee783839ff57c5657cf19b88c51914651fe701c59038871a0a6423d5f,389912,89212,Band Bent-over Row,Strength,Band,,Lats|Shoulders|Traps
c45956f3d51dfc09358d275db5c402b688351d098d6573049054a19968c6200a,406312,,Band Biceps Curl,Strength,Band,,Biceps
74d862b520dbecf9455866d77b821e96026a905bf5a3e0e0ef612324cc8d0f9a,97212,,Band Bicycle Crunch,Strength,Band,,Abs|Quads
39580181920d19a3cb6c279ba05a116b31ef8b38568aecd321ff67d8a7b1a39d,407512,,Band Chest Fly,Strength,Band,,Chest
49c4068bb37cbafc84b09fb484c2d5c1160f74419e90ef464e3a223d4fa7c7ec,413812,,Band Close-Grip Biceps Curl,Strength,Band,,Biceps
3b2f86b96771f9b176e49a2735c7be749aae87fce72f3f2f616328892010b581,414512,,Band Close-Grip Row,Strength,Band,,Lats|Shoulders|Traps
a32557a161b25c25b6f261cdd918b70cb6686354eb216eace8ad4175e085a7cf,97612,,Band Concentration Curl,Strength,Band,,Biceps
2bb18fbb83a7bb2f56796124028ee63ac52e2c67896ff8ae2fa4846956a50b8a,413612,,Band Cross Abduction,Strength,Band,,Glutes
176393d92d3b672d43bd6a4b91b0af444a5463fd6835f006d0036daa8e40e853,407612,,Band Cross Body One Arm Chest Press,Strength,Band,,Chest
964ff309c4180ae831495c1b5a701de6846808b32771e6af69ad5cf6d5659099,408812,,Band Cross Chest Biceps Curl,Strength,Band,,Biceps
8f3328628d38703c80559c4dc9faf85d65772c40ee97c0de98baf1bf65b906dc,461812,89512,Band Deadlift,Strength,Band,,Glutes
579da451d807938060bc02d05dc757b75aeefd149568a8abce6af9ac0b7ad69c,149812,384012,Band Decline Sit-up,Strength,Band,Special Bench,Abs|Quads
cf42818bfe46b773104d4bd90ddac6e14870f47567d683cefdce62c1ef0af351,560712,89612,Band Face Pull,Strength,Band,,Shoulders
258f7ddc53de845b353229088b8b1ac78210ee1759dc35e13114dce0561c2bad,311612,,Band Fixed Back Underhand Pulldown,Strength,Band,,Lats
0015f757494be5f69cb052bfb4eed453821c31d9404d8468e9e1f2b8e51ea334,151312,,Band Good Morning,Strength,Band,,Glutes
eb26b7ab1311e169828166d9b0a649ae2782dfe76af186493e32722ba0e2a7ff,457312,,Band Half Kneeling Chop,Strength,Band,,Abs
e038b91517a42e1e7b7c5d78bf1a9ee3428d566d93e47107ec6e608eaa5574d6,587712,,Band High Pulley Overhead Triceps Extension,Strength,Band,,Triceps
61d629219507ec1b69bf3710b7ba5a8b5aab3e880305137e4d8471cd3a48334d,403112,89912,Band Hip Abduction,Strength,Band,,Glutes|Quads
2de7f50a8d53104f5d45aeeabf4a6127e34d749f86e11b0333ec6fef928b8799,402912,90012,Band Hip Adduction,Strength,Band,,Quads
1f54dfeccb5c46f26261d5674af8619bd4dd129a77fdf515830ffbcfa9d88090,150712,,Band Hip Flexion,Strength,Band,,Glutes
0b1a57655dc50cebf67afb72d4fd3593eadbe052ff874a077f539519cced9bd1,408412,,Band Horizontal Biceps Curl,Strength,Band,,Biceps
8f2726cb440898bfd51246d40a5b4f25a5ab8599d1797ffa9de32c415b6e3ea3,97912,,Band Horizontal Pallof Press,Strength,Band,,Abs
3dae4da30fd46f52fa7a7b262f7d138e1c1d17376125e2b4180f2f1f3693c96d,574012,,Band Incline Chest Fly,Strength,Band,,Chest
318179b3d3adb179a2f0a6786154916998eb5542a879f39d3d0d38aa44673b17,573912,,Band Incline Chest Press,Strength,Band,,Chest
2564dbc6c8fb24d1f2c8d698895b53bd7c82d36adbf4f7a1fc4dbe2383d5251d,98112,,Band Jackknife Sit-up,Strength,Band,,Abs|Quads
9d540d9ae7225f607bf98432543f255d40df82646903fe2315eb95d5d5fce73e,408012,,Band Kneeling Crunch,Strength,Band,,Abs
576aa7b31ddc7750e47052f64818359cbe157ec613a7abd26de377c8c1ddc2ea,408512,,Band Kneeling Preacher Curl,Strength,Band,,Biceps
9ff5e9698a49ed7f3b3112ab6b57e27bbba32ee988c8ff6198e82e7a3bf574ce,435812,,Band Knelling Lat Pulldown,Strength,Band,,Lats
73dc4f2be0402bffd3728c3cebd793a1881d48ffb2238bdf726cd1ceca66d503,150812,,Band Lateral Raise (V2),Strength,Band,,Shoulders
091ab1b086a9d1e455dce07c18365bbb5d795d042cd7c2028ef9ce9e43cf12fc,407712,,Band Low Alternate Chest Press,Strength,Band,,Chest
b7705256a5ff39135b4459ed60c4081b13283ed2a957264508e4f6f9ffa04c69,407312,,Band Low Chest Fly,Strength,Band,,Chest
027a2fd350fc84549651c2f570bfe36292e1d4daf4578f51ddce080bc5041b8f,407412,,Band Low Chest Press,Strength,Band,,Chest
750ddd223862368152d00ec03397eb2868367c0b1907b88093bb6fc57eefaca0,414712,,Band Narrow-Grip High Row,Strength,Band,,Lats|Shoulders|Traps
194fe80852a9a702243c7cf4fbb08e8e39c7cb432570c2661102b9c036985e43,414812,,Band Narrow-Grip High Row (V2),Strength,Band,,Lats|Shoulders|Traps
a031229e0fceb3dd00233105cc1d19ba77bc44823290268b4538ccc06abecc18,98612,,Band One Arm Overhead Biceps Curl,Strength,Band,,Biceps
2fdfb821626393bb4ce047be3afd7d9ba7ec4c2efda445d05b378da52b61e10b,299612,,Band One Arm Shoulder Press,Strength,Band,,Shoulders
ea16cb4b3de47e377867d1877473aa8e893ffdba6976960ef108a27dc7a1a44b,99012,384312,Band One Arm Twisting Seated Row,Strength,Band,,Abs|Lats|Shoulders|Traps
b828be39335e82235c5e6fd892938d5cff651b29b1c7c66a3dc2789c6265c34f,414012,,Band Overhead One Arm Triceps Extension,Strength,Band,,Triceps
49f22c396f8a2ab6a63d011f41832df6df07d2a38001a685eacc15899f29cd42,414112,,Band Overhead One Arm Triceps Extension (V2),Strength,Band,,Triceps
d1cafcc8dd6a907e828d4df49600e7e3ee40c5841f2f7ff8c8d1db85d29403a1,408212,,Band Overhead Side Bend,Strength,Band,,Abs
281f311b027026be3c19e659c19d35bfd42de4331aff7adfffc1442f29c8e3a9,413912,,Band Overhead Triceps Extension (V2),Strength,Band,,Triceps
e578fc12f5a97255cef407f6ac5aa556f69cd87a9c1765debc4dc0d8bf2ccfbf,150312,,Band Pull Apart,Strength,Band,,Shoulders
9102bee3e3bc8a1e50577f232b796f81e8e40ef47c788f1612ff023ce4959209,,91512,Band Push-up,Strength,Band,,Chest
db2d515c1b7ad20ddfd916f5495b66b3c5a50e5eb8edb5073d889ca181273619,100612,,Band Rear Delt Row,Strength,Band,,Shoulders
e3d99b35e0037cf09294785557dbd1e5961039132eb1d874532f9d1c46d8f5fb,408112,,Band Reverse Crunch,Strength,Band,,Abs|Quads
4aba3626ac72c884807070ae3346223cb5e30fa9088ad4e1176550e84e1371fd,99412,,Band Reverse Wrist Curl,Strength,Band,,Forearms
dc7669e6371712feacca94d9f1953244680c6b4852b9d8f8af106d691389aab9,99312,,Band Reverse fly,Strength,Band,,Shoulders
d3af0d5f006607a2c3db0ea11bc673fe48c0bea3996dc18327b6372b75df9812,414212,,Band Reverse-Grip Pressdown (Skull Crusher),Strength,Band,,Triceps
37b469b96da5f0fba46f3ed7d2c2fabee530db72222f1c241825567b73cc7b07,99512,,Band Seated Hip External Rotation,Strength,Band,,Glutes
4aae646322df7042f0666fd46a240c2e83590c276b6efb2ad820a8a199aa33e2,99612,,Band Seated Hip Internal Rotation,Strength,Band,,Glutes|Quads
74ca6d28dedab564538c1f89f6e86e2231bb53d513763faea6f919882965f773,351812,351912,Band Seated Leg Extension,Strength,Band,,Quads
f5f2111307f731568a27cafeffa0f8d7c4f154f72c2a5f92258cd4fd93690aa9,,312112,Band Seated Straight Back Row,Strength,Band,,Lats|Shoulders|Traps
d485b119485bf4ac3ae813ebb8f6a24d57d3f501c3e710e9aa690dec65c4a6d0,150412,,Band Skull Crusher,Strength,Band,,Triceps
55f8894dd8ac40e27e008bb36fd77d565fa1a7690088ca57b8a7bd1f0cad14b7,413512,,Band Split Squat,Strength,Band,,Glutes|Quads
38fb88eeb8d340a49f23bd06c0b3ccc625fffb1750c3794f75181bfac6b44970,100412,574912,Band Squat,Strength,Band,,Glutes
b9e6baf3845de2fb49053fe9d2052dab68400d7ddd6087521af7a6cc22e508ec,413712,,Band Squat Twist,Strength,Band,,Abs|Glutes|Quads
4e3d18196cebb050f1965d473a4a5f5d4983805557aeacaa67783e440b9797b7,408612,,Band Standard Biceps Curl,Strength,Band,,Biceps
c2cf70bace9cee64acded4a3d93cb095afdae88eed819e7c6bc233925e5f78bf,407912,,Band Standing Alternate Chest Press,Strength,Band,,Chest
6c8a54e9520b64406eaf30a5791ffd812dd6e57de55361c2b13b781e4f6b6d2f,378012,,Band Standing Chest Press,Strength,Band,,Chest
99787682461c6e66c8e634b89467f3aa7468b5dccde2e2077a2dc023f79cbb22,461912,,Band Standing Hammer Curl,Strength,Band,,Forearms
fb9e5847bd2a1fa374ae5c8be297f131eae624df4c3e13315a5c9079bd7067cd,403412,92212,Band Standing Hip Extension,Strength,Band,,Glutes
53174358a59b5fbb00fdcdd2acc962683a0b9a96ad92677b986656f91c80434f,403312,92512,Band Standing Leg Curl,Strength,Band,,Hamstrings
50df34cc73a06e41b5b8f5b86b257a81180150fc1be4234645d2f2ddff78eeec,621612,,Band Standing One Arm Biceps Curl,Strength,Band,,Biceps
35e1edcd7710fd1c3198fa9b787cdd0afe09d2a70724ccf4fd1dfc94eab7fd5b,414612,,Band Standing One Arm Twist Row,Strength,Band,,Lats|Shoulders|Traps
06541c4800fde3ee0d6a60fef880112df5fc8948ba7078a5b6b116361d80e25e,619512,,Band Standing Reverse Curl,Strength,Band,,Forearms
78a5e3d2f8d38c68c29b0e0f97a8d2914d089785dee3ba4f74a0bc266f90a75b,100812,,Band Step-up,Strength,Band,,Glutes
fea9c6ee128c61eb9c07096327894450206382ee2862539f9d830a29cac78733,297012,297112,Band Thruster,Strength,Band,,Glutes|Hamstrings|Quads
9f20f0981f95796ac8aae6026db28fbb8ac1c9b217249654d20a2bb97ddf992b,414312,,Band Triceps Kickback,Strength,Band,,Triceps
703fca347ae0b99ce5646a47975f72c872c18cb204c212664cd5ef4bf6fb1a49,136912,397412,Band Two Legs Calf Raise (Band under legs) (V2),Strength,Band,,Calves
fe01f772170baad12ec8a69fa5d7d44d0e3bffe682d89d9e75270b9981e300e1,408312,,Band Upper Crunch,Strength,Band,,Abs
21ef00beec0ba60e623bc7e9b4d40e4f9b4a7ad423dd7a1e76721da41f97526d,150012,,Band Upright Row (Under two feet),Strength,Band,,Shoulders
f60dc94b99f1beb6961d30358a79c91bf5cee0b64059d41891ae2be60017173b,451612,184612,Band Warm-Up Shoulder Stretch,Stretching,Band,,Chest|Shoulders|Traps
dd8f21b0b36dd2b31ec1a90724f51fb90eae809d17ebc35d8366f00ac389ec36,101612,,Band Wrist Curl,Strength,Band,,Forearms
e465927342e68e6d1908e83c301f80cd32d52c6c5bd28ea0ec83bacae7090ed6,101712,,Band Y Raise,Strength,Band,,Shoulders
803a807b640053f7423f8fb77cad026670bf46f47d36ecd56797883e7d440da9,96812,,Band alternating biceps curl,Strength,Band,,Biceps
d64cc91c72bb5a1ff8404bc1b60e454f84b5a7a28b4dda2df95646c34d402933,397112,89312,Band bent-over rear lateral raise,Strength,Band,,Shoulders
1f44e6ffff67204227dc9efdf1f531d2a8b5dda84e7d805ef360c33ea215e498,97712,397512,Band front lateral raise,Strength,Band,,Shoulders
d0a20e7b18e3eea0780d70b15bae6565104b89b8ac407d8c8113e2c31b80e30c,97812,,Band front raise,Strength,Band,,Shoulders
3f3d37e6286ff962c0ea6f690e74f05ac58c50758d44c9c0ddc3f626ba883ddd,375712,89812,Band high fly,Strength,Band,,Chest
3cc1a3b6a224544000a9f47c2c7d515a62a8bc90065e87e970d3c9f7d5308afc,98312,384212,Band kneeling one arm pulldown,Strength,Band,,Lats
c6dc4b6a7a21e8fe92bd79ae0abc7d9f358a2fd3e96206514634419e91bbf390,,90612,Band kneeling rear kick,Strength,Band,,Glutes
3b8ce5f9966d30ddded38be10d45e6061576507b9770f54f507a9a2173873379,100112,,Band one leg split squat,Strength,Band,,Glutes
c99d7838986eab8739b751f945e08058f0e368e1ffa8c07290e36c5145a36cad,393912,91412,Band overhead triceps extension,Strength,Band,,Triceps
3d6945e149e4d5fefe94fcb2cd6762c0d60b853a07754b69a6b25daa2cef2cb0,99112,302412,Band pull through,Strength,Band,,Glutes
8cfac374f223f66d36dfb3a6132c86dceda565384bd572fd206d87486f758710,150212,91612,Band pushdown,Strength,Band,,Triceps
385c93d2cd6f20e77d6e2e9979f3096da302eff34a0ffe19794a163b826f16c5,389612,91812,Band seated row,Strength,Band,,Lats|Shoulders|Traps
50b14998705c31f54fccf00a4e39a80aaff1f407fbf6cc4e40f71c0b5f03fdbf,101812,,Band shrug,Strength,Band,,Traps
e13a501da6717d63b53ee7c0ab73288f913a1af71acf1ef0de7bfb6c6c954df5,,101912,Band side bend,Strength,Band,,Abs
47304862c5fbe67933814419a471ee6bb656b78f71af44df841de7c0372d9138,,384112,Band side bend alternative,Strength,Band,,Abs
efc0d399af3d4e6ba2ba1de40648145fb06b3bed64eb3ad4a4270b6d1c768a2b,100512,383912,Band standing crunch,Strength,Band,,Abs
da040c36877219f5824643826f77f4d2767948cdc9b637509e8aaabb923af724,102212,397612,Band standing rear delt row,Strength,Band,,Shoulders
0f1cddb5d06ab6e776898a8969efb8df9390631843ae08e4b3e36f1b660a5875,384512,92912,Band straight back seated row,Strength,Band,,Lats|Shoulders|Traps
ab6b17a3f9cfa8be8d6c1f548b58e0d02abe8e91ad855a9f4ef68bb44b0526c8,102312,575012,Band straight back stiff leg deadlift,Strength,Band,,Glutes
a1ba653e4fadc930b00e24e55c47d4c317fbd87c20e3b97d3d4da501e09d6992,359112,93312,Band twist,Strength,Band,,Abs
5941b03f3117a1c9608449cb52e7dadc5bb70da5aea0abe28ee3a6023027dcd9,,93112,Band twist (down-up),Strength,Band,,Abs
eddabbf8a1159aeec78e128b5f8aa9b908c63faf6a37d3c59d1ccc2953248986,384712,93212,Band twist (up-down),Strength,Band,,Abs
f04f35604431690fafb9ad8df3044c384f24ae2919d7fde06d1671e75ed8f9c0,484912,,Banded Glute Ham Raise (V2),Strength,Resistance Band,Special Bench,Hamstrings
68dc7edca3da6bfb0b0ad8abe4bec977b8faca863357e192d88e4238bc83b77e,472112,,Bar Biceps Curl,Strength,Special Bar,,Biceps
a8792e40e56d673ffdb0abf82dc4b4079f746d1ce14df5c774e06dd6889470c0,2312,,Barbell Alternate Biceps Curl,Strength,Barbell,,Biceps
035eee73a1bead48f43e99d03f66eb1e7dd013a5749389ca2c02c078c6594f4f,522612,,Barbell Back Wide Shrug,Strength,Barbell,,Traps
9d2da0bb9e9239ac90a35ce275d4402f0bc31d12a350213a6f239ef26f8dd40f,373012,,Barbell Behind The Back Shrug,Strength,Barbell,,Traps
ab8792d0ae42a9f7cfd3779b40b1fc5b39ab159d23d95c385fe11de0e1b5e7b2,485712,,Barbell Behind the Back Push Press,Strength,Barbell,,Shoulders
cd3e2501800e35e04d11e70eb7fa71ec5109aa6ba2f8dd10c37a7ecdec9bc06c,2512,244012,Barbell Bench Press,Strength,Barbell,,Chest
27771795b018c56fe980654102e70cea0683b761d5ce7b0059c861e5b8b3eb9f,2612,222512,Barbell Bench Squat,Strength,Barbell,,Glutes|Quads
f16929f178746c832f76df66351b447eceb5788309aeea0ceb35530ad0be1c6a,2712,224212,Barbell Bent-Over Row,Strength,Barbell,,Lats|Shoulders|Traps
36f0586837933313918f1fe90d03a8347bb7c957eb45fde31f2000bd7e23f755,372112,,Barbell Bent-Over Wide-Grip Row,Strength,Barbell,,Lats|Shoulders|Traps
520ddb97c9cd38a697c6c093b3da176fb83236831c894f42f644fc04aaa0834e,496212,,Barbell Box Squat,Strength,Barbell,,Glutes|Quads
c2e791762e04840722d0b154b7ea46c06c53855a8698d3535e2848d982b62877,151512,,Barbell Clean Deadlift,Strength,Barbell,,Hamstrings|Quads
e7470031927951312471340a5a62a7c8c4786ce8ff94deecdee2be22dd534863,570512,,Barbell Clean High Pull,Strength,Barbell,,Glutes|Quads|Shoulders
6bf4fa2ee0a3e27a6c2d2c3402427989ffddcd6808811edaf383fc1a7266d675,151712,,Barbell Clean Pull,Strength,Barbell,,Abs|Biceps|Calves|Chest|Forearms|Glutes|Hamstrings|Quads|Shoulders
05469f670af8b1b81d64be9b4c1b36cea45636cf95577245c37ad8bcc054648e,519012,,Barbell Clean and Jerk,Strength,Barbell,,Abs|Biceps|Calves|Chest|Forearms|Hamstrings|Quads|Triceps
e58a451db6026973435af8ab0d9ccb574f0bfede73b5d40e2efa631c7e3685d6,2812,364812,Barbell Clean and Press,Strength,Barbell,,Biceps|Calves|Chest|Forearms|Glutes|Hamstrings|Quads|Shoulders|Triceps
217f60ae06964be94d62461e778d152394537d5233c9562ee7f5ab4525629af8,2912,571612,Barbell Clean-Grip Front Squat,Strength,Barbell,,Glutes|Hamstrings|Quads
8814af6cd577c5aed707ee2d2fd46ba47db01f45e56c847b70fd13d1e9bdbe9e,3012,239112,Barbell Close-Grip Bench Press,Strength,Barbell,,Triceps
bafc950a885ade72bc7001e0142dba758991c89413769cfce42e57f789d466da,627112,,Barbell Close-Grip Larsen Press,Strength,Barbell,,Chest
c35e7eba87c97e38c367f0597394c679419e1e4b4334d5732a5df5e873b58860,3112,359212,Barbell Curl,Strength,Barbell,,Biceps
99117be97e08df0173a435c68366e33b2b0193986f9b93fab24b7f7e17cc3cb2,588312,,Barbell Curl Press Extension,Strength,Barbell,,Biceps
d068fad13e3f7056fbff45aeb14a9eafa60f4080f29b3185a924dd76a229e02f,372312,,Barbell Curtsey Lunge,Strength,Barbell,,Glutes|Quads
8a364fffb525418d24de0f6d036359c1fb460177f20c2cbc54e6898450ff4643,3212,221412,Barbell Deadlift,Strength,Barbell,,Glutes
e78a99731d63b41a25861c84e8b785beebc9a6381df27a675818d7c989fd603b,603412,,Barbell Deadlift from Blocks,Strength,Barbell,,Glutes
083afb32ebfc7284487f139fb7ae7242832dfae247dc6dcbe064e8b25fdb373a,570212,,Barbell Deadlift from Deficit,Strength,Barbell,,Glutes
63592a51c88b904c79cc5646be3d5740d94678e573f76ac55fb2c7afaeb90fa0,3312,245312,Barbell Decline Bench Press,Strength,Barbell,,Chest
00925abd6e90460975689596f2cd502e35aa3faf965bdda7312cce9ba669ce0e,125512,,Barbell Decline Pullover,Strength,Barbell,,Chest
99bcbafa7eee9ec6f2db32483d68898098aa6f21c3276e375d0a7ede5381e63d,3812,302712,Barbell Drag Curl,Strength,Barbell,,Biceps|Shoulders
4ca7e0d6e10a4e9c0144210c678981df8e2ecb2c1a3a821304f397cdc25b34d6,137012,,Barbell Floor Calf Raise,Strength,Barbell,,Calves
095565026aa2d53afd62ad38d98949bb487ac2f6d78ffb77226eb55b0ccc209e,372412,,Barbell Floor Chest Press,Strength,Barbell,,Chest
0170d3052656e3b18fac37a5f75401e3c4e2d14167b5865ac9f1d24b8d25fc9c,372712,,Barbell Front Bench Squat,Strength,Barbell,,Glutes|Quads
4ee823a30f26716d9d0abe367af23401e63f386f783232bae33c0928554a288a,3912,,Barbell Front Chest Squat,Strength,Barbell,,Glutes|Quads
9f15e41059151b48655bcd1a00d80fffcce11bf7b2cd75009594c650dbd7fd5c,339912,571712,Barbell Front Rack Lunge,Strength,Barbell,,Glutes|Hamstrings|Quads
51d7ada7b2450d94df7afa4d4d5ff099ae96ce880d9656b9364037b3eaa65528,4112,247712,Barbell Front Raise,Strength,Barbell,,Shoulders
26bff509c1844552655aef924138186327303d1a5ca5747b7834078de29e5ae8,4212,250212,Barbell Front Squat,Strength,Barbell,,Glutes|Quads
d86d025f143c64a9343246d712d4fdbdaacb1c305bf641f7346ff8b2a008ab01,528712,,Barbell Full Clean,Strength,Barbell,,Biceps|Calves|Chest|Forearms|Glutes|Hamstrings|Quads|Shoulders
b695d4f11a1c362795e116edaa0008e81c6dbe6f28881e24264e2282f4c179fc,,87812,Barbell Full squat (Rack),Strength,Barbell,,Glutes|Quads
6df69bdba3b9a22f979acf371195228fc80600f80f61605fcb569431c2b314be,296412,296512,Barbell Glute Bridge (hands on bar),Strength,Barbell,,Glutes
9c4cbc083770d386f3e7f541076bf37b3735213e947b9f8b7cd028db9e6e00a5,4412,221512,Barbell Good Morning,Strength,Barbell,,Hamstrings
992dbc63f3111335aaa416b8924d8a3527e31e06f3f0b92b14cca97863ab4386,4512,,Barbell Guillotine Bench Press,Strength,Barbell,,Chest
b81ffd8725304ccd1b8b246a2a14d2bc8f4f7be3bc02fe2789dc93fb13aa5644,4612,,Barbell Hack Squat,Strength,Barbell,,Glutes|Quads
6c239e6d693c6dcfabc521809ccdde00f974d0099457d2857f92c62bdb0b363a,152012,,Barbell Hang Clean,Strength,Barbell,,Abs|Biceps|Calves|Chest|Forearms|Glutes|Hamstrings|Quads|Shoulders
e2bf2498b29ed19ce406be5dabaaa611219924dab4482294b544c2564438e9e2,152212,,Barbell Hang Snatch,Strength,Barbell,,Abs|Biceps|Calves|Chest|Forearms|Glutes|Hamstrings|Quads|Shoulders
06b646faa90aca8051bf93218697708ff8af2be905d8515267cf0c1ebb63ec56,106012,221612,Barbell Hip Thrust,Strength,Barbell,,Glutes
8e007df9e42457cfc05d9f0c83c642ec0c7c19c434cb1e24dbe29b02bb51c99c,4712,238812,Barbell Incline Bench Press,Strength,Barbell,,Chest
8b3fe13ce499cc674d28c63360f33ff56ab8b07c13fe6450d314b59749a4214c,171912,,Barbell Incline Close-Grip Bench Press,Strength,Barbell,,Triceps
c8d3fbd5fb45a225dd7dd7ae8fa22a89d10bbff4fa37467b96dc370542d3f341,372212,,Barbell Incline Lying Rear Delt Raise,Strength,Barbell,,Shoulders
7bfaec97b4325a66effe8892b1d56d460be461ae5005de4e88191f48b1069176,585312,,Barbell Incline Rear Delt Row,Strength,Barbell,Special Bench,Traps
c766980874f609809b5b0bfa9e3bed5d0a862ec66e8578756ded2297b39dddf8,4912,,Barbell Incline Row,Strength,Barbell,,Calves|Lats|Shoulders|Traps
d2c7176339c37462707d99135b47494c887892c0f2204c3306d3fa2e6f49e3a2,434412,,Barbell Incline Skull Crusher,Strength,Barbell,,Triceps
ad50a2cc301c2f3f8d01820bdd33b3a63d2a0fd5b8b3cd223d9b74ccef148f6a,5212,,Barbell JM-Bench Press,Strength,Barbell,,Triceps
033b9847973f7f7a28a545ece44ad92e2d85a6ce83cd3de90641e33ac9585ecc,5112,,Barbell Jefferson Squat,Strength,Barbell,,Glutes|Quads
71251eecae55aaa4c77e852feb7320a97b649e499bc72d8e4182f206529a45bb,5312,,Barbell Jump Squat,Strength,Barbell,,Glutes|Quads
13049ab4baf99295a33589a91a54aec1440ff8b0cdb9e4a693743dd172dbd5e5,,545112,Barbell KAS Glute Bridge,Strength,Barbell,,Glutes
f757f9354d5e3227e5ba56688c853eb780fcb8d39299c218f50f6687665c4ae4,627012,,Barbell Larsen Press,Strength,Barbell,,Chest
6b560aaf19ef3e6014b0f5837de27459c768caaaec3bec588033a928bdbf8d02,141012,222812,Barbell Lateral Lunge,Strength,Barbell,,Glutes|Quads
42db930a69e8ee1f55b17467232b34c25b6e930293e777159aca000c3547bb28,281112,,Barbell Leg Twist Press,Strength,Barbell,,Abs
08ef85a1e2b5d5547146d9f8662f6efc7531e630a54876b6ddeed7e2c5e74585,143512,571912,Barbell Low Bar Squat,Strength,Barbell,,Glutes|Hamstrings|Quads
e655185da6e68524b447cb5bbc94487f4cb0661973a6b981bb00a68d5d90baaa,186812,,Barbell Low Bar Squat (Rack),Strength,Barbell,,Hamstrings|Quads
340f5b44d53e91add3d68b8cced0d479e1b11ac445f30da7b6590f3032b9fedc,632912,,Barbell Low Split Squat,Strength,Barbell,,Hamstrings|Quads
15853ce11f37f7f0f035e478e0334962217552df54cd89984500f84c2b19086f,5412,247812,Barbell Lunge,Strength,Barbell,,Glutes|Quads
03a1cc6d89b77de02d5cdd40e28c400ea300662e42701b0212337a7fbcd55c5d,5512,,Barbell Lying Close-grip Press,Strength,Barbell,,Triceps
90e9e9a04ce4f9c7f9ca9681b8bf6970174b54357b9168fd9a013ae758da4dae,365412,,Barbell Lying Row on Rack,Strength,Barbell,,Lats|Shoulders|Traps
6314fc89c6620a7ca13020c6e0cf19834e0bf1ecbfb504faa5315ec8845eaaa4,5712,269212,Barbell Lying Triceps Extension,Strength,Barbell,,Triceps
36a20fbb8059c7be167e0f06b01eec7d4871007d2c00b5673aed93d9373986b3,507512,,Barbell Muscle Clean,Strength,Barbell,,Biceps|Calves|Chest|Forearms|Glutes|Hamstrings|Quads|Shoulders
82b55cd010d2504d9e1239266460c7310c8baa2a293aff85c11f0ff6a18708e0,563312,238912,Barbell Narrow Stance Squat,Strength,Barbell,,Glutes|Quads
8b4aebec2ac2c7c4683c27c6d8abc51bda9d29dd9d19b19818e8a3a962ea691e,152712,,Barbell Olympic Squat,Strength,Barbell,,Hamstrings|Quads
f0cd81447741c0a1bb7d78b29a9db0faf77a6cc7d464bb9a15771790b1b3f920,6612,,Barbell One Arm Side Deadlift,Strength,Barbell,,Glutes|Quads
5e567658b0bc3323cdeee287bf4d6c0668a77b2dd2cf9361a63332824aeb5966,175612,,Barbell One Leg Deadlift,Strength,Barbell,,Glutes
c15cc579b5d002c83cd4a1f019e254c2a7369233d2ed41f5bdfcc93fb15cef32,485012,,Barbell One Leg Good Morning,Strength,Barbell,,Hamstrings|Quads
b8c44a63664009825b6b19c68fa0482578218573d169daab88394b621e2c06b4,9912,222712,Barbell One Leg Split Squat,Strength,Barbell,,Glutes|Quads
a59cd77b42503918bb516a716ec3172ec94695fcafff95a069753f001021b938,6812,,Barbell One Leg Squat,Strength,Barbell,,Quads
1d01ea4b4f194845222ff2788aea534c7131fe16eeb450a1d3667bd91b915e72,372512,,Barbell Overhead Lunge,Strength,Barbell,,Glutes|Quads
675f22d48d5993fbe86cffd9b1b75bb236370fc4ecfa25fb4c11e51e6916abef,292812,,Barbell Overhead Shrug,Strength,Barbell,,Traps
56e3bc66c94e79ed4a90da5629c1b98e438df43b906f68d3c391576a536f277f,6912,,Barbell Overhead Squat,Strength,Barbell,,Quads
d20063505ba34b4000fd77d17ed09a4f12f07f960eaf29566dbb7fe758135c28,141112,,Barbell Palms Down Wrist Curl Over A Bench,Strength,Barbell,,Forearms
f57145695774507bd53001f6465db44f46a0353e06e328b75287929931ee6d65,501312,,Barbell Pause Bench Press,Strength,Barbell,,Chest
7fb96f625cd3e7507836156ced6529207e2c1cb1f84efb4f35b72aab3a95d728,501412,,Barbell Pause Deadlift,Strength,Barbell,,Glutes|Lats|Quads
091c2eb7cda112e137c2958456fe8146b708836bf09081234af29708ca2144b1,501012,,Barbell Pause Decline Bench Press,Strength,Barbell,,Chest
9e22301be16d13fcfda6598782761e1f8e1adab19513e85777b98c1ae076498b,501512,,Barbell Pause Front Squat,Strength,Barbell,,Glutes|Quads
894aa35c15635fcaef37c948444b840c426365058efffaf3d59f3e5c7a92b5c0,501612,,Barbell Pause Full Squat,Strength,Barbell,,Glutes|Quads
7dfc5e0f80be9504a4e654e53756abb36ab86dfe2430cb7ab8e5da0733894acd,501112,,Barbell Pause Incline Bench Press,Strength,Barbell,,Chest
5cdc690a3ccf8a9e48709f045d1027ad3ee80bb8a530a7758373511c60c1e16d,501212,,Barbell Pause Lunge,Strength,Barbell,,Glutes|Quads
e5e46acdf52897d3049acc1ecf0dc7b4b5cc787bfa7635d0bc41194d9db6d515,557812,,Barbell Paused Bent-Over Row,Strength,Barbell,,Lats|Shoulders|Traps
c8c4820d126db8a78682a7b9b35833856db8d7000f00ebd562691d3c5834fa43,557712,,Barbell Paused Sumo Deadlift,Strength,Barbell,,Glutes
0a5dac501cabe9bfcff941b1d3ad03ed02e030af5c91f4bf8d18de529ad7d7d8,301712,,Barbell Pendlay Row,Strength,Barbell,,Lats|Shoulders|Traps
865d2cf74ff1d63d867fe47a281d94e8131643a7f111fdf59d92839827d263c5,64812,528512,Barbell Power Clean,Strength,Barbell,,Biceps|Calves|Chest|Forearms|Glutes|Hamstrings|Quads|Shoulders|Triceps
09061b88ea05a89f72fd01e3d222c6a46a0b3eed17d4b6f99d8b5073e0b328c6,152812,,Barbell Power Clean from Blocks,Strength,Barbell,,Abs|Biceps|Calves|Chest|Forearms|Hamstrings|Quads|Shoulders
a0fc70704082ac1357a017015b81a214895efa7c413b278a9b555a3d7bcc8aa0,152912,,Barbell Power Jerk,Strength,Barbell,,Calves|Chest|Glutes|Hamstrings|Quads|Shoulders|Triceps
82d845c4e8ba8d807f445bb94d46d5968f8e5a57e7136bfc2a980f009bcb2949,153012,,Barbell Power Snatch,Strength,Barbell,,Abs|Biceps|Calves|Chest|Forearms|Hamstrings|Quads|Shoulders
04836ce627e8f58934a5329c4affc6faee77ce4577b3acec228194c176a7fcc4,153112,,Barbell Power Snatch From Blocks,Strength,Barbell,,Abs|Biceps|Chest|Forearms|Glutes|Hamstrings|Quads|Shoulders
4ccc452a8b90381c64a5c4e9b071cca1d03fb1867a34e4d2a43174fce15e1326,7012,249712,Barbell Preacher Curl,Strength,Barbell,,Biceps
5dd37925d4d2a0efd8730320f703240d9107935284c02dcf5241fe8eaf09ebda,7212,250612,Barbell Prone Incline Curl,Strength,Barbell,Special Bench,Biceps
a2cae77176031a8c29433953c0ec968f7e31a0cbe60eccb8ff0b33b7a0a57960,433912,,Barbell Pullover,Strength,Barbell,,Lats
e475522ce31c5da94eefff681353883b67e94ac91897d780fd638dc65cc4ebdf,2212,,Barbell Pullover-To-Press,Strength,Barbell,,Lats
f9c2c736de786077c75fb6f57867cd826d51054f580e3ce378b517548bd6c73b,151412,,Barbell Quarter Squat,Strength,Barbell,,Glutes|Quads
9b282e0fac32ee2b9839ef624f27339949e885c4e3135113fb950b2375f36126,7412,572012,Barbell Rack Pull,Strength,Barbell,,Glutes|Lats
ea6e72805032a938e72c6c59200a732b8babc040bde90cd09b7b32cb7f64ff76,7512,263712,Barbell Rear Delt Raise,Strength,Barbell,,Shoulders
253593e8908278292b8b63ee380a2f1ef1a1a974a173310f94443e62adcbae83,7612,,Barbell Rear Delt Row,Strength,Barbell,,Shoulders
23db9f6b4045e8a6013c75ec7ac0172cef44afcb2df56173bd818767f1b6527f,7812,222612,Barbell Rear Lunge,Strength,Barbell,,Glutes|Quads
a1a0820833ac2f93b2b12862e5c1279bce9e76c66558c8ea180b167d85bb69aa,7712,,Barbell Rear Lunge (V2),Strength,Barbell,,Glutes|Quads
2af75c1d69d07eec705e520c7b5646957f658200bd47a88810e53bcb9afaec86,411612,,Barbell Reeves Deadlift,Strength,Barbell,,Glutes
985c1debcf8837648926f1103ff9d446bb2e73395b8717d5c476470bf58c8676,218712,,Barbell Reverse Close-grip Bench Pres,Strength,Barbell,,Triceps
b16c3c4d737e0c8c479f1f7d6d3fdeda960e125b2d97ddec79e23789f3336388,8012,247912,Barbell Reverse Curl,Strength,Barbell,,Forearms
d370337c1c2873029e0b6597aa2a7679bdd293c4b519763e3aa9496fbe06dc45,8112,,Barbell Reverse Preacher Curl,Strength,Barbell,,Forearms
c60d93cfe908658dd26c71249faf396ab195ae14bfd9683084adef9ebbd27e07,551912,,Barbell Reverse Spider Curl,Strength,Barbell,,Biceps
49e3950557519d19a4a452b31186f4266a844a8d0c8d14a47c9fb5a5208746b7,8212,302912,Barbell Reverse Wrist Curl,Strength,Barbell,,Forearms
71a09aa824aa1714e5354091bd72b5803a97b3404cff7aa5eae9785e2ae7e603,7912,,Barbell Reverse Wrist Curl (V2),Strength,Barbell,,Forearms
34a8438f0d2fcf23737bd5cfa2408a765c8743fa349d7a916c0c647c2b7080fb,509112,,Barbell Reverse-Grip Bench Press,Strength,Barbell,,Chest
7b8dd4fffce9fcdffd8183556cb1564f4f9bfb8a7cfac336ba6c2fc7620b5109,11812,246712,Barbell Reverse-Grip Bent-Over Row,Strength,Barbell,,Lats|Shoulders|Traps
7d3bc3ee615833ee1195cb9055543997dac2c6e103894c5f871b3f932d84af07,131712,,Barbell Reverse-Grip Incline Bench Row,Strength,Barbell,Special Bench,Lats|Shoulders|Traps
5a07d2d1e5fb50475aca959cb4cb713e7874eb1a4fe487c592bff407b0fbbefa,8412,,Barbell Rollout,Strength,Barbell,,Abs|Quads
5c9535a47a0fa58f1d4a4598e3e64b421035d7978bf7d0851b9e18648ceb8a45,8512,221312,Barbell Romanian Deadlift,Strength,Barbell,,Glutes|Lats
2263c5edc69c20ae29c5bf0179214f0f43a3681af2a98048ecc80826919e5a5f,8612,260312,Barbell Seated Behind Head Military Press,Strength,Barbell,,Shoulders
c056d26338e52eceb238aba9037224db74091a1deb4935a5e172b03a7a77fa5f,8812,,Barbell Seated Calf Raise,Strength,Barbell,,Calves
0b08427795cd91d1c076b549cfd9cc32e68a021a07cba0a21bc73d008df57ba4,8912,,Barbell Seated Close-grip Concentration Curl,Strength,Barbell,,Biceps
3cb73c42f06107b411b2928a2e0e067be782808bd6c9aa1e0f058850eaa2154b,9012,,Barbell Seated Good morning,Strength,Barbell,,Glutes
82b26c804f99e12c51fb429542bb0e330d7a52d1811e8ed2bd5bd868ac14b93a,104512,,Barbell Seated Military Press (inside squat cage),Strength,Barbell,,Shoulders
3d26f1fe182be665d918eeb11971c4ba86a9658003acc3201dfb0a4ea639333b,9112,260412,Barbell Seated Overhead Press,Strength,Barbell,,Shoulders
1ca20ad74a700fc3c205b79c96bdcc6451824a6331f99d9be26f9e358204cae2,9212,260612,Barbell Seated Overhead Triceps Extension,Strength,Barbell,,Triceps
b55dbe99a0c375ef7afc2d39a5a6588d3aaabb9e5064accd0d292b51db68f75a,9412,,Barbell Seated Twist,Strength,Barbell,,Abs
0bc0604dc8166f4573321a1c758616166f4991669597f64ab196034b5ad886f8,,9312,Barbell Seated Twist (on stability ball),Strength,Stick,Stability ball,Abs
ab41959ad20f0aa98269feeca7cd05e5f26f4f02d47ab68b10d44452febfa2f1,9512,248012,Barbell Shrug,Strength,Barbell,,Traps
751c71cf4a50e30ff4ffae99b666a9a5f3f77f8f6c7248b31105b437ae8f754f,9612,,Barbell Side Bent (V2),Strength,Barbell,,Abs
4ecddbcc747190a9d0510a5dcc29c0cab9aec6389c866cc75ea1c3fec706a4cb,9712,,Barbell Side Split Squat (V2),Strength,Barbell,,Glutes|Quads
2ae2ac9285bf51af149ce55c0845d957bc2ac2119a4df9bb9b12a0dd86ee1a2b,6012,,Barbell Skull Crusher,Strength,Barbell,,Triceps
02c2ddf7c50493aea89ff76a49c1711240c783b4fa4c6f630c7d1f133d1f5151,153312,,Barbell Snatch,Strength,Barbell,,Biceps|Calves|Chest|Forearms|Glutes|Hamstrings|Quads|Shoulders|Triceps
8bb02bfad4795d58bd02f9778c4836531a7f29b4d8c3c24d761bc74c256770b8,153412,,Barbell Snatch Balance,Strength,Barbell,,Abs|Glutes|Hamstrings|Quads|Shoulders|Triceps
e13352e884c144a05b1d3ff18509fae80f8532bebb60296a30d9f4636c34600a,153512,,Barbell Snatch Deadlift,Strength,Barbell,,Calves|Glutes|Hamstrings|Quads
75118e75bbf455bd87cc46c5b11b710cf5d22f5c1e191a7f303325c3850be1b1,77612,,Barbell Snatch Pull,Strength,Barbell,,Biceps|Calves|Chest|Forearms|Glutes|Hamstrings|Quads|Shoulders
7d2a56f9410866d1a1a86598103d9124c3235565bd08db407f247078dcc62cb2,153612,,Barbell Snatch from Blocks,Strength,Barbell,,Abs|Biceps|Forearms|Glutes|Hamstrings|Quads|Shoulders|Triceps
7bb702965f18c61b26f7b3dc06e07e87e0d97d94a4da16d6f66676b044a09f16,153712,,Barbell Split Clean,Strength,Barbell,,Abs|Biceps|Calves|Chest|Forearms|Glutes|Hamstrings|Quads|Shoulders
877b25545b0c97ce9681d976e7a18de0e6c51bab2032e5e388655c742fce4985,153812,,Barbell Split Jerk,Strength,Barbell,,Abs|Calves|Chest|Glutes|Hamstrings|Quads|Shoulders|Triceps
107a75921ae4d64403bf2d952b2f4dd34766ee84892a5e3b160b24cdd0370e0f,519112,,Barbell Split Snatch,Strength,Barbell,,Biceps|Calves|Chest|Forearms|Hamstrings|Quads|Shoulders
f0709db6196f513c5f8c8a0948bd45fb970ee1a57fd0a0a093bf7aa9ee024e4c,303012,237012,Barbell Split Squat,Strength,Barbell,,Glutes|Quads
2a6de3fe78ad824885ddc5f6738ee3d81c11d267ceae07d9b5e311400e78344d,280912,,Barbell Split Squat (V2),Strength,Barbell,,Glutes|Quads
28b71136af917a7c8de44b49ec2d9477a3d57c44933568373b63490372f6047d,4312,359312,Barbell Squat,Strength,Barbell,,Glutes|Quads
019b7d435a9bcc952da2d8f1b6918fd2183060c787c8a5b7d7b9bd084fe7ab7f,10212,,Barbell Squat (on knees),Strength,Barbell,,Quads
4d75eb5f57993c6cc8a61c7e9a365ee33d71a3728c16625b90e1c059c8abb4fc,436212,,Barbell Squat 2 sec Hold,Strength,Barbell,,Glutes|Quads
bcf950b27a4a160deb81528c6f634cfe932f1061540b03e6ac8d1437b0a63e9f,566912,,Barbell Srtict Curl,Strength,Barbell,,Biceps
70c35b42812f67c3c5b8fd14a104aa50cf37ee76352720a02e81c4b239f57ab8,10412,248112,Barbell Standing Back Wrist Curl,Strength,Barbell,,Forearms
7b5bf2810e28fd09ff77d0cdbf0813b18bf54c7cc8a6c4f0515fff5cb18d9782,137212,,Barbell Standing Calf Raise,Strength,Barbell,,Calves
52ce34e6393925b0bad1a1c5cfa29705e800f9dc65e84feb7d95855f02562305,10612,,Barbell Standing Close-Grip Curl,Strength,Barbell,,Biceps
6490397ca918f59016ffad42fed9fb68d44a58a8c849f3e45bfed40718a2e69a,145612,,Barbell Standing Close-Grip Military Press,Strength,Barbell,,Shoulders|Triceps
6757e55ea270018a5a3783a1910102bd117963f8b1af182dfa12eaa4225a27dd,241412,,Barbell Standing Concentration Curl,Strength,Barbell,,Biceps
f8663c2701bfed2de93158bdd480678c4b66a8b5d6ec81525f64a6d00baffd25,10812,,Barbell Standing Leg Calf Raise,Strength,Barbell,,Calves
2cf33647fd3a0fa33b3d7dd8f2dbe391305c7a87006c0251b9aad18ea9208c9e,116512,,Barbell Standing Military Press (No rack) No-weight,Strength,Barbell,,Shoulders
5adbe1b34b63ffe7e8d5acba6855f16d70450c6e6849cd0dd75d661f02ee4f30,,260512,Barbell Standing Overhead Triceps Extension,Strength,Barbell,,Triceps
391dd516997d3941e3d5ee01c7635a9dcbf97e5b7afec32f9e31637fb116444a,532812,,Barbell Standing Shoulders Press,Strength,Barbell,,Shoulders
b4e5baf3bd035d72489309a6754e27d4513beea72fa2d70d1ef2a32ac9a108fe,11212,232012,Barbell Standing Twist,Strength,Barbell,,Abs
f194aea32e2324b61c76995262993a7f8ea40bf8688e303ee5ac61b2e0e0e692,145712,,Barbell Standing Wide Military Press,Strength,Barbell,,Shoulders
a326c76058faddc4074a323b4ff85e09870029c508e74760b52b7714a8442f0c,162912,,Barbell Standing Wide-Grip Biceps Curl,Strength,Barbell,,Biceps
0ef4061fa08d7ea4c2da3f3e472dc3c77373904a7591da6baefbe6510c72653f,11312,,Barbell Standing Wide-grip Curl,Strength,Barbell,,Biceps
c87729a716b5110fa400c00ec18d5bb3ff9e467be8ece32412c3832341359164,626212,,Barbell Standing Wrist Curl,Strength,Barbell,,Forearms
72f6accfde2da92719641812aba42dfa89345eb5624a38ba465e253218a057aa,626312,,Barbell Standing Wrist Reverse Curl,Strength,Barbell,,Forearms
6e317c2363b36ce9ecfd455ae90acbcfb85a3402419ab54111a053feb9e01bb8,11412,250112,Barbell Step-up,Strength,Barbell,,Glutes|Quads
9a5e6432a4429071a719de68c82d7375169cc01a588bdc31a71cbac81a234166,154312,572112,Barbell Stiff Legged Deadlift,Strength,Barbell,,Glutes|Lats
83857df346e2e2cf485a3cf02d0402517d66877bc0eada2b574b049a44680911,11612,359412,Barbell Straight Leg Deadlift,Strength,Barbell,,Glutes|Hamstrings|Lats
9c77e0a5f57ff47660de00bf4f7fbed018818dffe448f5346185c03661e1937b,11712,251712,Barbell Sumo Deadlift,Strength,Barbell,,Glutes|Quads
517b7fb66e338ecc457be6a44f9890e20c256736ef89efcfcfd65da839dc4718,373112,577512,Barbell Sumo Romanian Deadlift,Strength,Barbell,,Glutes|Lats
e7121720ecaefa37b45229c0a83efb1e6fdcafb34f861673fcd03fadd445f8a6,330512,,Barbell Thruster,Strength,Barbell,,Glutes|Quads|Shoulders
5399d36bb93876b2c2d021b729cfb072ab53ea0e9aa645ca2e94deac840052e2,12112,236612,Barbell Upright Row,Strength,Barbell,,Shoulders
dabec3909ab932e3337b01d4cf28ed19bc086735fe9a7dadd056fc174bdb6b0c,582312,,Barbell Walking Lunge,Strength,Barbell,,Hamstrings|Quads
4d4506edd986f14748d5f4aaa93e8e407b3e2df8883d1ba56fcb0e7e9c887485,12212,,Barbell Wide Bench Press,Strength,Barbell,,Chest
4e1f964e4ad79311c062207d4e472e751001110619e7b1fb87a4e38694eed1b3,522412,,Barbell Wide Shrug,Strength,Barbell,,Traps
7a70b9c87e29011b4feea35fc010df9c0192a936c951208743c0a3b59a088ccc,12412,251812,Barbell Wide Squat,Strength,Barbell,,Hamstrings|Quads
c577b5f4afbad10f38dd751d20afd493139158048311e4ee9daba22946d00457,12312,359512,Barbell Wide-Grip Upright Row,Strength,Barbell,,Shoulders
d1f9c200ce532fd1ad1d56bc9e0e881fb17b9924736cc923157ebc8a8bb551ab,12512,303312,Barbell Wrist Curl,Strength,Barbell,,Forearms
f8e4c92fc382abc53fdfbb7372336fda4f45062e23d253e52186b73d21e95c72,154512,575212,Barbell full Zercher Squat,Strength,Barbell,,Glutes|Hamstrings|Quads
207a83bc1cfb3e5beb91d089b799b0babe5bdac1374d029a05de4ad70ec30419,106112,,Barbell one leg hip thrust,Strength,Barbell,,Glutes
b03420df805524ea0fdab88c134fbe1bf21dd7f6104faa7e7bbbdbbd02e0fdbb,106312,572212,Barbell sumo squat,Strength,Barbell,,Glutes|Hamstrings|Quads
ad7a23c86a9c3d250b4ebb23830c372720bbe21c01e1e65773fb78f9fb7151ef,321212,,Basic Toe Touch,Stretching,Body weight,,Abs|Glutes|Hamstrings|Lats
f7df335a21c753a5917c611ce4d837308b576e1d20ce11190613b309c2e63716,,631612,Basic to Cross Donkey Kick,Strength,Body weight,,Glutes
5406cdd15f4609793cbda51ab9de1ee2ee789d3b1d1517a8d3dff51e66b5b3e7,470912,,Basketball Shot Jump,Aerobic,Body weight,,Glutes|Hamstrings|Quads|Shoulders
834d2929d79eabc8deaa6a8386b719707ca8c7a28116c9354e1c12654c82c0e8,12812,256512,Battling Ropes,Strength,Rope,,Biceps|Chest|Lats|Shoulders|Triceps
ec18076aa41b82a8b1da888c772865cbb5527d62b4722eaf1cc8338a9fdb3cd6,336012,,Bear Crawl,Aerobic,Body weight,,Abs|Calves|Chest|Glutes|Hamstrings|Quads|Shoulders
608dcfee04a68897155892404edd3a893034bc24fe08d733e13a7f97ac89a7d9,554012,,Bear Walk,Aerobic,Body weight,,Abs|Biceps|Calves|Chest|Glutes|Hamstrings|Lats|Quads|Shoulders|Triceps
2d2d4d6f26e15a82a15eaf46ee91462a5d8153dc365c8203d196a006f06a351d,,599612,Behind the Back Clap,Strength,Body weight,,Chest
8feefb8361a4d88071deaece29f1e9755c502c371ddf5893d94588eb561bc0d4,12912,237612,Bench Dip (knees bent),Strength,Body weight,,Triceps
ca3a40bb699f148086dc2aaf25838bfd2b8d6b828a9221dbe00c2673436f25e7,528912,,Bench Dip Hold,Strength,Body weight,,Abs|Glutes
06bef11dd6a75abaa2d75443f9075c5478a6e9f3f9271aa28660edd5401c7fbe,13012,,Bench Hip Extension,Strength,Body weight,,Glutes
ff5d247281a834e2b30afc4d5cc75ea9a3e249ea46802f6f1fb4220011ba8231,301912,302012,Bench Pull-ups,Strength,Special Bar,,Lats
f83f4f0abb5c6f52b1dc3f60ebddb1c9b0dc1ce333b135462c8a2aab46a25650,139912,254612,Bench dip on floor,Strength,Body weight,,Triceps
58f562c85fed36bd5a350dce207ac4925e448a402c566f2b5c73cd9af904d1f1,178012,,Bent Arm Chest Stretch,Stretching,Body weight,,Chest|Shoulders
eda9981012573f209be2f669aa8377f8809773696353f72f9665500a1ff63dc5,469212,466812,Bent Knee Back to Side Kick,Strength,Body weight,,Glutes|Lats
b74f32c89d5080fcf57d21c850932f0cb783dcf295f9b7264ee4c239d2aa890d,303412,147412,Bent Leg Kickback (kneeling),Strength,Body weight,,Glutes
a7fb810e482f4b5c8829ad7db4158b84fa94d0f7144f1bcedc66c0730526c3fa,303512,147512,Bent Leg Side Kick (kneeling),Strength,Body weight,,Glutes
b9f80e7ad0bd280fe643b4f380b7b518369193a7f508e7e7bdf8b5855b9a1ed6,363912,13212,Bent knee Lying Twist,Strength,Body weight,,Abs|Glutes
d7213dfa234629070de618df71f04cbc4f505219de079afe37b5b8b49ae19784,,13112,Bent knee Lying Twist (On Stability Ball),Strength,Stability ball,,Abs
44c7a4e3490e761900e4f69048bbe8d0b493302b55f8bea83deb3529227fd18d,,643812,Bent-Over Shoulder Pendulum,Strength,Body weight,,Lats
4a880672ca4012573ccd6dc368fc0ef13ae6c664949ed2918b353d969c301b1b,339112,,Bent-Over Twist,Stretching,Stick,,Abs
c4c55b030c182648b59eea904da8bcb43d2c85b0026fb0cec477ce7b45ccaf55,382812,,Bent-over Row with Towel,Strength,Body weight,,Lats|Shoulders|Traps
77be5e0761ad6739106eeb6b1728aaf84ba9ca95ee562bc95d047692e2399f58,564412,562312,Biceps Curl Front Step,Aerobic,Body weight,,Biceps|Calves|Glutes|Hamstrings|Quads
f02f11db89aa5a04fa6717c98e5aad8c0d0f1d4fecb772d3adb5d853656772f0,177012,,Biceps Leg Concentration Curl,Strength,Body weight,,Biceps
5268c03c63d3e04dbc9320eff9cf66247a5ea0e4c721c2c2441af57657de9bf1,529112,,Biceps Squeeze with Towel,Strength,Body weight,,Biceps
cbc602cd406cb9d852663bd698b09b420bb03bc82bb24ab7e6e6b937bddad6ec,,283812,Bicycle,Stretching,Body weight,,Abs|Hamstrings|Quads
bc3e4b3e017b5d8073321fef38de84954c93fc3ad15821966f83b366aeec6d93,621112,621212,Bicycle Crunch,Strength,Body weight,,Abs
ff534acaddedf5da151b45e2f0c81a6c19837c80d4c37b257b32116902e24254,219312,,Bicycle Recline Walk,Aerobic,Special Machine,,Calves|Glutes|Hamstrings|Quads
81853b09c061fd44730e2aec18f88545d028a3490cf266fbd55101650b02da28,,14712,Bicycle Twisting Crunch,Strength,Body weight,,Abs
ced5937a201cd151b0812a21c6368aafeaa44a70941cdea7dd4cd32b549a2f2b,124112,314112,Bird Dog,Strength,Body weight,,Abs|Glutes|Hamstrings|Lats|Triceps
b6ab265c25f2f1b969a44ff1963b44418e397b344cc20c1345505fbbcf74291a,,518212,Bird Dog (V2),Strength,Body weight,,Glutes
3d06c52f66cd660213667c04a9130490fb12d39fcc8bda4fd795b098e939676b,427912,13612,Boat Stretch,Stretching,Body weight,,Abs|Quads
7c7a4f74dc48313100728d6d37a4d767ffefd333f62256d2699388cd0ec4cdf2,438412,,Body Saw Plank,Strength,Body weight,,Abs|Lats
a162e108d44a3244858b4700053725217c226316c6dce131d5b8c8a344f3f950,,513812,Body Slide,Strength,Body weight,,Abs|Glutes|Quads
a2f9fd759fac6531001e556733f4dcf6688801f88228fed0190b97c000cdf994,,511712,Body Throw,Aerobic,Body weight,,Glutes|Hamstrings|Quads|Shoulders
3b2bbd5c71cc866c873a9345af688da9f6e5afa65204650226572d3d7bbe7049,13712,,Body-Up,Strength,Body weight,,Triceps
b37e1187f91cf99fb0c7f525e86d713e5f3e50eabf2804a14fc7aebe24ce2321,417212,,Bodyweight Bent-Over Rear Delt Fly,Strength,Body weight,,Shoulders
8afe85454f9d5f51f39e50b0a260fd2b9f256a01c29181d6e35aac25028d7647,641712,,Bodyweight Deep Prisoner Squat,Strength,Body weight,,Hamstrings|Quads
0b8e6f2db286258f748d27065cd290a7035913bba432368dde8005054a372560,,637612,Bodyweight Double Triceps Kickback,Strength,Body weight,,Triceps
ad6cf5cc7046289a32ffe6a334a2a0528b7f3847156f47f93c7878b7d3359b58,495012,,Bodyweight Forward Lunge,Strength,Body weight,,Quads
8e8f436116c01d2117a53af0444f070819b0159a3eeda256d26081fb11da2eec,,318112,Bodyweight Frog Pump,Strength,Body weight,,Glutes
455a2560db046592050eed9d5ad0c5b1e88cb2908dd73f147ab83518e03afed8,450012,,Bodyweight Front Plank to Downward Dog,Aerobic,Body weight,,Abs|Chest|Glutes|Hamstrings|Lats|Shoulders
677534dc070b286ddfb8823755a81615b73e9383a8d4e997a93b18f3f519504e,567512,571112,Bodyweight Front Slam,Strength,Body weight,,Abs
a74d094283ec34e16ebaf85b6ebca9ba51eca537a19430611e89e8536a64bc0a,449912,,Bodyweight Full Squat with Overhead Press,Aerobic,Body weight,,Calves|Glutes|Hamstrings|Quads|Shoulders
32de1973aa1e4009364035a473d5bf857a9d020fd8aaabcbdb520eb4310a571d,470312,,Bodyweight Full Squat with Overhead Press (V2),Aerobic,Body weight,,Glutes|Hamstrings|Quads|Shoulders
19a2c5b5800787c9d68bd7b067f1579a366ad282cbe4f3eff5b85e78ae9cc146,555512,,Bodyweight Good Morning,Strength,Body weight,,Glutes
bb4ca4c2aac1adcab65c1813fa312a676e5a83dca026f8821e82cd06028a8435,584012,,Bodyweight Good Morning Row,Strength,Body weight,,Glutes
00512101501e8a7d89573a54e6833c6a59493370857624a3519dbdcb315a8a2e,450112,,Bodyweight Knee To Hand Tap,Aerobic,Body weight,,Abs|Calves|Glutes|Hamstrings|Quads
44546d44b417c02c0706f18c1bd7bfda0232cdf7dfc4fa024d07917716469f20,515212,,Bodyweight Kneeling Hold to Stand,Strength,Body weight,,Glutes|Quads
55ebf1a5e5ce2373d17247fe19230bee6efc45e62c56b8f52210ff792750b9aa,390612,,Bodyweight Kneeling Push-Up Row,Strength,Body weight,,Chest|Lats|Shoulders|Traps
b9bad681a99399cf17631eecb323fe9f9413ea02bb779f7b1b10ff7a2a5ccfb1,472212,,Bodyweight Kneeling Sissy Squat,Strength,Body weight,,Quads
eec72847eaf4e6b6908763437fcddee1437df6d56dbea5a5d6800907673c3b0d,177112,303612,Bodyweight Kneeling Triceps Extension,Stretching,Body weight,,Triceps
a774712845c6eb5e175b3e205fa01f1cfa9cb7d0e71eff0f8cfdc53e27e3f1d2,,638812,Bodyweight Long Rear Lunge,Strength,Body weight,,Hamstrings|Quads
5d41a800a9c7a7f22c3e15b955a9ab630fdaf63777353d3f85686101093739d2,632712,,Bodyweight Low Split Squat,Strength,Body weight,,Hamstrings|Quads
bc556c6909b7dbea7e4c2a01a8f8a4703f10e76b8b3ad2a8afc575d45de6477c,610812,557512,Bodyweight Lying Legs Curl,Strength,Body weight,,Hamstrings|Quads
4ae6f6f0c758abb275990743073dc215e9e75cb5e6b00733676a4c88eec71359,580012,,Bodyweight Lying Prone Ys,Strength,Body weight,,Traps
2a55f0451624f1abe607719daadd87cb1359dc51ade1f1e08027972164873c24,519412,,Bodyweight Muscle-up (V2),Strength,Special Bar,,Abs|Biceps|Forearms|Lats|Shoulders|Traps|Triceps
60b03c9cbb25cc4b8d3b091bac3d8043d78ef6a480e4d597c3ef9ea7e3894edb,392812,,Bodyweight One Leg Deadlift,Strength,Body weight,,Glutes
ca03325b10d513cc7385e4163cdd05d4bf469b1ad0288458da50ae43e3112b2e,497112,,Bodyweight One Leg RDL,Strength,Body weight,,Glutes
f112a839720e1c3788a89fa4f1732411548932015091194da0847c22060294d2,429412,572312,Bodyweight Overhead Squat,Strength,Body weight,,Glutes|Hamstrings|Quads
3aba011179d0eeb07c30d35f56e86fb229dd1797050e1d644b93829f38d96f5b,,466712,Bodyweight Overhead Triceps Extension,Strength,Body weight,,Triceps
cab73946b80430070d963de8a4e4c9e5c86ee42804de4776e926a0c2dfb18f02,501812,,Bodyweight Pulse Forward Lunge,Strength,Body weight,,Glutes|Quads
0375a2bca6153cf5e5b4fdbb93ba05469005391e152c402791d7354e12b8afd1,,637712,Bodyweight Pulsing Triceps Kickback,Strength,Body weight,,Triceps
dbc250f9d48edb29a67e06138e1fb8e1ec0c109b2fc71d254267c84fb293c4bd,158112,529212,Bodyweight Rear Lunge,Strength,Body weight,,Glutes|Quads
6ae2293eb46416ba3da1672bed05422cc385e91cd2a85003ed81a5d63681ce08,,638912,Bodyweight Reverse Lunge High Knee,Strength,Body weight,,Hamstrings|Quads
e8a490dd7005871b03aca7f9b896720e2f594e1279bb89c0157895bb97d30fc2,610712,583612,Bodyweight Side Lying Leg Adduction,Strength,Body weight,,Glutes
28a4bb37398570f922d3196056fab54a78b406e00216c606e0fc4ea89232d6e9,610012,610112,Bodyweight Skipping,Aerobic,Body weight,,Calves|Glutes|Hamstrings|Quads
47a27fbef55b08354f8392321eb6922a4ae849c98d31142c1119dab5aa850ebf,633612,,Bodyweight Slow To Explosive Squats,Strength,Body weight,,Glutes
f41d8934dd2c92a04c630f48a085ec701d1e02a955fd976e8c2f900e2f94e885,628612,,Bodyweight Squat on Slackline,Strength,Special Equipment,,Hamstrings|Quads
37703c6f28ccce4a4c8177147c2a223570613e60b0decc09897ef6cbf727aafd,450312,,Bodyweight Squat to Front Leg,Aerobic,Body weight,,Abs|Calves|Glutes|Hamstrings|Quads
21196bdfd1127e4746a5a00bb84a1ae549939a2c412bea5f2a8c7d66897b4f91,450212,,Bodyweight Squat to Side Leg,Aerobic,Body weight,,Abs|Calves|Glutes|Hamstrings|Quads
20e8284cd8b83a0cb5efb6d3552120061d25aa57324926f4e76418eef162965f,450712,,Bodyweight Squat to Side to Front Leg,Aerobic,Body weight,,Abs|Calves|Glutes|Hamstrings|Quads
de23ae91549c40e01017cc57964a333e15571bf27c1f301aa3f7982f92f87a22,622812,,Bodyweight Standing Alternate Chest Fly,Strength,Body weight,,Chest
810244c786eb50ba730654b760a64d423a5eb1cd6a5d0ab17aa61ec86e788789,461212,,Bodyweight Standing Around World Wall Supported,Strength,Body weight,,Shoulders
40cafccd51fa5639fde5c865bab682883b1969d6ce54b598d96c85e89d5edd9c,,487512,Bodyweight Standing Back Stretch,Stretching,Body weight,,Shoulders|Traps
9f3492595cafae567a0e43702a25746166d3a3008dc24d43be68d1d415cd8d2e,622912,,Bodyweight Standing Elbow Touches (Hands on neck),Strength,Body weight,,Chest
14efab41e1b645e06e6d82eb1fcd5ed4217cd5a6b9951b9af3356b04fbb99012,517312,487312,Bodyweight Standing Fly,Strength,Body weight,,Chest
aa8e1b2681d7b3980ceb85a120f1e36cb6dcb13225a90a71c91136c2b98d0ebe,434612,,Bodyweight Standing Military Press,Strength,Body weight,,Shoulders
5cb6e1253a31bfefde7fd5bfd07bf319ef1fc7194651fc0bbeb24fd3ae8c4890,461312,,Bodyweight Standing Military Press Wall Supported,Strength,Body weight,,Shoulders
db78b6253f7b0edaaf3fe87729d72d2207c49177b0bbb362fba185c9a1ca7fa1,613712,,Bodyweight Standing Scapula Row,Strength,Body weight,,Traps
ff72f681ff4f9aa0df1f86335f3efce310d0832bfc78cb1d0bb4c66079c6307d,,487212,Bodyweight Standing Shrug,Strength,Body weight,,Traps
2cd7c7f34e030ec0a8e995f996f8ab7b449da89008a305d3b3455ba0348b8369,472312,,Bodyweight Standing Sissy Squat,Strength,Body weight,,Hamstrings|Quads
2261b4e61d99eda6bd14379edacef185bae870ec7929ee821621e7b0232d28ea,,630812,Bodyweight Standing Straight Arm Chest Fly,Strength,Body weight,,Chest
fa591f18bd92cfe25021997424882a3832533b53160860a8d058db5642afd203,,487412,Bodyweight Standing Triangle Fly,Strength,Body weight,,Chest
f75144cbad81e8d8db138165c35993f010bea292c9f95b0e8ef927f22d66e3f6,583012,,Bodyweight Step-up (V2),Strength,Body weight,,Glutes|Hamstrings|Quads
477e61156354564fd7efb515c2a4f3c57625cdf0fe56cd2df09dcd48eeb5e74b,,575312,Bodyweight Step-up on Stepbox,Strength,Body weight,,Hamstrings|Quads
d59ede896018e0c86bbb129e78917552bfeeef653a5687a0355abd1e66f9e319,507712,599312,Bodyweight Svend Press,Strength,Body weight,,Chest|Triceps
f7b15bb6892ee40acca3dd986e5c600f013e74e9bbb85121b06293dc8a0c94db,586412,,Bodyweight Swing,Strength,Body weight,,Glutes
c38ed088fd076e09fca882935fe28c5d21fd28e2ebe65e63a6ce71afb51233d3,642312,,Bodyweight Triceps Extension from Plank Position,Strength,Body weight,,Triceps
b2a64617b018af4f9d6e515047126012013f01015a10a830a2a72f147fc92514,570012,,Bodyweight Walking Calf Raise,Strength,Body weight,,Calves
65bc4182eafbb30a5270b4b593395cfa92ecbf9f11b167e13ae8c0950a9ee110,154612,,Bodyweight Wall Squat,Strength,Body weight,,Glutes|Quads
53c6cb2e8b0a4aa007b72fff15825f18a2c25f68bc4223351f88bc5b85d38037,390812,394912,Bodyweight Windmill,Strength,Body weight,,Abs|Quads
135e6df7bfd614f90636b92f2c18ae77d511ab3780f17872bb5045d78d5d3447,,514012,Bodyweight Windmill Cut,Strength,Body weight,,Abs|Quads
1fd15430b0c3e95a1a19a18d09371f862f9616ff49a87633d9c0b1639994cc6c,588212,,Bodyweight Wood Chop Squat,Strength,Body weight,,Abs
3423fea4c1fa6a0cd367ed6e4c51ff4c352b5ab53fa75296e419d4084ea65aeb,620112,568612,Bodyweight Woodchoppers,Aerobic,Body weight,,Abs|Calves|Chest|Glutes|Hamstrings|Quads|Shoulders|Triceps
36f9ed31814924070e614e0fad5a4f91eee90de69c8f2167b7409dd302fbb979,,606812,Bottle Weighted Alternate Biceps Curl,Strength,Weighted,,Biceps
92990784e2aaa71eb6d58519377b502342b4e86603716583df5227517d2cc688,,607512,Bottle Weighted Alternate Front Raise,Strength,Weighted,,Shoulders
493e6408fccad4ed0a010c51407324075f6006626ae209e12b84734eebddb602,,606912,Bottle Weighted Alternate Hammer Curl,Strength,Weighted,,Biceps
5656b57aef0b3a6a77fddb92704e4f0016243a3227ab61e4b9606efcd9c5b1b2,,607212,Bottle Weighted Armpit Row,Strength,Weighted,,Shoulders
68c1336e945b667d4b4112da54f5ffa8f7b4037e7fa61a98d7cc715752362c30,,606112,Bottle Weighted Bent-Over Reverse Fly,Strength,Weighted,,Lats
9b2bd2f24a9db3bbb5d7a73ae8ab3aa568489a4b13bb0ac5d3b292e799214328,,605912,Bottle Weighted Bent-Over Row,Strength,Weighted,,Lats
6c030941c3d569d0acd6e84ac878f043c4f80764fb00f01a958e9e997fbd2588,,606312,Bottle Weighted Concentration Curl,Strength,Weighted,,Biceps
ba058f972b99d94ab3ce8dfe649ed313215a8cce5c8edee217fa8478f2a6428b,,598812,Bottle Weighted Deadlift,Strength,Weighted,,Glutes
c0529e0bbb7a89272997f7b6f048f0ab7ea271c4bf3916dbfa391853c53e85f0,,604712,Bottle Weighted Forward Lunge,Strength,Weighted,,Hamstrings|Quads
f53d12c87abcb1ca364dd9ee3c574e690c88ec51ec799312840693dcc21ce3db,,605312,Bottle Weighted Frog Crunch,Strength,Weighted,,Abs
d333edfa2167d9d5f48334d61476de77f66fb5915abef85467ac44fba974cd00,,607312,Bottle Weighted Front Raise,Strength,Weighted,,Shoulders
84939b401825b77d4f1b32cedb448e25a8ffe534bcbd0cb2cb13317bd4307701,,604412,Bottle Weighted Front Squat,Strength,Weighted,,Glutes
5be38c05f4bda6028ff84b3fce68b3750a7cd0a1965543c4e08c8517ada30055,,605012,Bottle Weighted Glute Bridge,Strength,Weighted,,Glutes
351fa68cf81311377236c3ec6acff51e35dbd60f2cafbabd1a71db867f63b33b,,606212,Bottle Weighted Gorilla Row,Strength,Weighted,,Lats
00c2d8ebd891ab68954738bcd6e1d0062e5233dbe1b154de29d90e60de3d22bb,,607712,Bottle Weighted Halo,Strength,Weighted,,Shoulders
711a677e9ef9d10bb79e1d1f5862831811769f2f5da9fad6666b14edf7027154,,606512,Bottle Weighted Kickback,Strength,Weighted,,Triceps
0e83a508b9b019deec83075fa46b5939a628130126cd8db66e01765db9c021ff,,605112,Bottle Weighted Kneeling Squat,Strength,Weighted,,Hamstrings|Quads
3856f878a4aa3bf56143914b6efa05c397496416cfcbed9988286b9fb8ed52b8,,607412,Bottle Weighted Lateral Raise,Strength,Weighted,,Shoulders
13d2623fd42533178d05c7024bfa97af85ce0743c612c0728333d2592e6bfd72,,605712,Bottle Weighted Lying Chest Press,Strength,Weighted,,Chest
14491a3ab151c58f1cfb1f05d48ba45da085398eb41b0c74453707cacb7ff228,,604212,Bottle Weighted One Leg Romanian Deadlift,Strength,Weighted,,Glutes
32fe8dd21a1ae013549138b64949021f3f4016f9c363799a999b3684f829c245,,605212,Bottle Weighted Overhead Crunch,Strength,Weighted,,Abs
ced6adf58c09f6aa0163d3db2bb0258c7627304019054b4e6cfb0b44882b87e8,,606712,Bottle Weighted Overhead Triceps Extension,Strength,Weighted,,Triceps
0788b77e4b27b13146d3785c8b00ea0b66f114faf32c6b74ba795f192f57fad0,,606012,Bottle Weighted Pullover,Strength,Weighted,,Lats
29450d052797258718ae59229a6e6505358792cbba1cb94322cb3aaf08b0fb2e,,604812,Bottle Weighted Rear Lunge,Strength,Weighted,,Hamstrings|Quads
a75ea2e09535589afead33f4e310322a8fe96ffdc0e1e1b1baf3420664ddcd2c,,607012,Bottle Weighted Reverse Curl,Strength,Weighted,,Forearms
75eff59e85f9a86e8bbae7ec7ff88813344b45951a355a591a9b5fc4f4eec45a,,606412,Bottle Weighted Reverse-Grip Concentration Curl,Strength,Weighted,,Biceps
6df0f9bcdfb2e205dbd0c7f15ad8968014c7a50ba4e18b353ace3a02ccc0734f,,604112,Bottle Weighted Romanian Deadlift,Strength,Weighted,,Glutes
e951d7b468f26c604b606447905006e74a357d36271526d9712fb65adf17ccd7,,605512,Bottle Weighted Russian Twist,Strength,Weighted,,Abs
69439432870e51cb7c8ea4d0e79e5ef50a35b9bfca4f260a854668feb164150e,,607612,Bottle Weighted Shoulder Press,Strength,Weighted,,Shoulders
c683eb859dd2aa05eb1f27b2baf6a7931f15a603867cae73088f69370fb14020,,605412,Bottle Weighted Side Bend,Strength,Weighted,,Abs
f0c69add5c2e4177ccc29df4bbf68b0f19af05413cfd3ee757846a7e948acffe,,604612,Bottle Weighted Split Squat,Strength,Weighted,,Hamstrings|Quads
c11a9c7e83bb492c4d9a4e1cdc47afdfa4e513d1b1e8531dc3e55e180c0983cd,,605612,Bottle Weighted Squatting Alternate Waves,Aerobic,Weighted,,Calves|Chest|Glutes|Hamstrings|Quads|Shoulders|Triceps
8d21efb074908513f6955bb34bcfdff67f4a32c75dc259e9f6ef130421b70414,,604912,Bottle Weighted Straight Legs Deadlift,Strength,Weighted,,Glutes
e4112e558d7afe15b07199a4916c3269c79b5d1ca1c20833e341c7b1b7d00fb2,,604512,Bottle Weighted Sumo Squat,Strength,Weighted,,Glutes
637e3c51002229801807e0b72ee7432432f10dbafa905bdc6fa1c73832006765,,605812,Bottle Weighted Svend Press,Strength,Weighted,,Chest
4c541a5e65c1080d4dd3c2777f5c3ac1ac88c05b3d7140be2f08cc208ee8339c,,604312,Bottle Weighted Swing,Strength,Weighted,,Glutes
e8b78f6b34815dfd46bf0a5036976c1b4f2777012c1d9deb0f2f95f35e5fe788,,606612,Bottle Weighted Two Arms Kickback,Strength,Weighted,,Triceps
3e994ac0093d26ad62626ede1959d5881c62b78cdcc0cafeb3fa68b6d52a3b95,,607112,Bottle Weighted Upright Row,Strength,Weighted,,Shoulders
dd6e95262a8701b6c388583f4378aaec1db9b8c1a46c3208fd26c1cad97eaadd,13812,243612,Bottoms-up,Strength,Body weight,,Abs|Quads
8bd0b523a07cc4422e5438ea36a9b498744fc23fbdc04800c211502e2e9f0088,583212,568812,Bouncing Circle Draw,Aerobic,Body weight,,Chest|Glutes|Hamstrings|Quads|Shoulders
f40c19516ceda4fb6d05b98844f0cafeac6a3ce9973713acdd225ee342da93ee,567612,,Bouncing Inner Thigh Tap,Aerobic,Body weight,,Abs|Chest|Glutes|Hamstrings|Quads|Shoulders
5e194265fa8015b0f2a530d4ac85477fabf87cdabe919414d1f71960a709bc58,227212,,Boxing Jab,Aerobic,Body weight,,Shoulders|Triceps
940b8c28a007a49cd4fb7168588f2b87655a64d64e60bdb4d9cc28fae34b7241,227112,,Boxing Left Hook,Aerobic,Body weight,,Abs|Calves|Chest|Glutes|Lats|Quads|Shoulders
1dbe4c1c0a9307f0ec5a1def66591e5f8846a462f2871cf943b033e8f009f8d8,227512,,Boxing Left Uppercut,Aerobic,Body weight,,Abs|Biceps|Shoulders
654c269338b7cae364de2a467012c19ef4d29bf26ab238174d5c4cbb922144e5,227312,,Boxing Right Cross,Aerobic,Body weight,,Chest|Shoulders|Triceps
4c27ed18cec5db3af5e54e177ab033d5d74185293f33d491719138a149c9b837,317112,,Boxing Right Hook,Aerobic,Body weight,,Abs|Biceps|Calves|Glutes|Hamstrings
8840ccc7cd734fc03a3adfcfd8c33d3e9287c5a7dcae7484654126c079ced391,227412,,Boxing Right Uppercut,Aerobic,Body weight,,Abs|Biceps|Shoulders
bf270a89315b70663e863454964c61b66a6d15308b90bd1d36fd9c5920cbd849,,14112,Bridge - Mountain Climber (Cross Body),Strength,Body weight,,Abs
15449a0cbb4f9e671afbf58aa05e9d71b70643c74024705aeece553b8df1512c,488112,14412,Bridge Hip Abduction,Strength,Body weight,,Glutes|Quads
54a5cda6bacd784bbd8c392f65693a01fe8f23b3d76e26ae097fb2057f58d258,451112,94112,Bridge Pose Setu Bandhasana,Stretching,Body weight,,Abs|Chest|Glutes|Hamstrings|Lats|Quads|Shoulders|Triceps
2fb7bf3ed2a88aafbb1899cf07f340c66bb56c071a15bfcd509046350a8339b2,300412,300312,Briskly Walking,Aerobic,Body weight,,Abs|Calves|Glutes|Hamstrings|Quads
3c507987c1b930d3174fc882342baf5ed38d196dce93374a6f060c536ca24410,353312,,Bulgarian Split Squat,Strength,Body weight,,Glutes|Quads
c582d80982385eaf7d38e0742cb45da063bb0c74ef2a2ef88815de6c1a884421,116012,279412,Burpee,Aerobic,Body weight,,Abs|Biceps|Calves|Chest|Glutes|Hamstrings|Quads|Shoulders
11860d651273f2dd19b003974572e855fe38db7a1ad2744f79f4995963e06280,518712,,Burpee Long Jump with Push-up,Aerobic,Body weight,,Abs|Biceps|Calves|Chest|Glutes|Hamstrings|Quads|Shoulders
89f3e36093477cbb03ab8e58e6e57106bff7d2953d0d75289cbec53a6a1eed4a,593112,,Burpee Shuffle,Aerobic,Body weight,,Abs|Biceps|Calves|Chest|Glutes|Hamstrings|Quads|Shoulders|Traps
3db11c8c337a977f99aa288c57d12b3d28e739dea8d2772456edd52949d27b92,454812,,Burpee Squat,Aerobic,Body weight,,Abs|Calves|Chest|Glutes|Hamstrings|Quads
7a1bbfb525255a095ff2526eb66abaa09207bcd1333c59af25f4434cd2c00103,610512,,Butt Kick (V2),Aerobic,Body weight,,Abs|Calves|Glutes|Hamstrings|Quads
74d5fa180ac8b755199ba7896ed1f6e75f517f2bd8aeb00c374b9a491ab0267f,594212,,Butt Kick and Jumping Jack,Aerobic,Body weight,,Calves|Chest|Glutes|Hamstrings|Quads|Shoulders
1326ee006599128f6e316ebd7b570a91dd7e01fd838cb5ea3520cecdc374fc1c,570812,554412,Butt Kick with Row,Aerobic,Body weight,,Abs|Calves|Glutes|Hamstrings|Lats|Quads
0db931fa00e765ddcaab525999cb68c22d89ff6928c6350514b7d9806f0b8ece,,608712,Butt Kick with Shoulder Tap,Aerobic,Body weight,,Calves|Chest|Glutes|Hamstrings|Quads|Shoulders
22d18b58d777aca79ff8f0af558cb3e7cd1e7c7660ddfa079d7053ecc9a7db80,303712,14612,Butt Kicks,Aerobic,Body weight,,Calves|Glutes|Hamstrings|Quads
b26a0033abf0684b462c9d437787a855ef1fd862e18f7ab2c7292ac8dbcbfd85,,613312,Butterfly Pose Forward,Stretching,Body weight,,Glutes|Hamstrings
86ae5eb62c3c19833ac1bf2d943f137636aab61f9797a022cd172905cd24837c,514912,,Butterfly Pull-up,Strength,Special Bar,,Biceps|Forearms|Lats|Shoulders|Traps
5633258dc6e2aa560b174333f7c25ed88a817021c9f7d9c29425122f539182fe,486712,,Butterfly Yoga Flaps,Stretching,Body weight,,Glutes|Quads
adef395d6cd4f53773b6303366562a4c485167437970ee45e575860ebd2493a8,149412,450812,Butterfly Yoga Pose,Stretching,Body weight,,Biceps|Glutes|Quads
5806864169194e19e4df619ae64a029a1547ec50502d6ced3fd7ece1cefa7129,14912,,Cable Alternate Triceps Extension,Strength,Cable,,Triceps
83be658f22b582f94fa379e0ecba180ffbdd428d3b9aaedac35b9c0cb757a7e5,323512,,Cable Assisted Inverse Leg Curl,Strength,Cable,,Hamstrings|Quads
77d9dac27c3f097d28644a9594da561b5f5ac87d67eeff31b8660097a43a7bac,15112,,Cable Bench Press,Strength,Cable,,Chest
d7da9640fe1cefe4f03cae543113743f051d70be963f601f76c854d3bdedd2df,457812,,Cable Bent-Over Neutral-Grip Kickback (Rope),Strength,Cable,,Triceps
9a49a26e672ca1ddbd7ae77e8f7b12d9198de8601f431ec674258eb7e887342a,391212,,Cable Bent-Over One Arm Lateral Raise,Strength,Cable,,Shoulders
42813188d604421917fad861c87bf1f2832a46d9fc3d66bf485a24e36ea3de90,456712,,Cable Bent-Over One Arm Neutral-Grip Kickback (Rope),Strength,Cable,,Triceps
1afc06a24e68ab5407318308df6d10dac8318930cf0e28109154f3c395c7cd70,436712,,Cable Bent-Over Reverse-Grip Row,Strength,Cable,,Lats|Shoulders|Traps
90628ffcdfbd4ac7ce84dbe35ab1c3656b15e0038ac48ba0d1e5ccb68a818cc3,385912,,Cable Bent-Over Row,Strength,Cable,,Lats
1a6ba7be745c2c7a72897551a5c46286d8986b738d7b511280edffd5b4870a4f,160712,,Cable Biceps Curl (SZ-bar),Strength,Cable,,Biceps
eb2014834912128f876cc124a1f41f9b4bc76d652953c3e45c312606ea7cfedc,163012,,Cable Close-Grip Curl,Strength,Cable,,Biceps
a4c367c41db076aa045833b5acb6ad429091e419d83179bcd92a18e84adf9c6c,592212,,Cable Close-Grip Curl (SZ-bar),Strength,Cable,,Biceps
dd1254cd71cfd211f826a1557cc885d6163598e7f3526d5ede6d7500ba80fa28,104712,375412,Cable Close-Grip Front Lat Pulldown,Strength,Cable,,Lats
e0b4496edaa8f04b275c1fa829cdaa7c4f9f97430d0955b310fd5ee07ceb43bc,15212,,Cable Concentration Extension (on knee),Strength,Cable,,Triceps
83933e40708576708ec6c220ffc056e17359cbfa1033f2c5da34d782c6daed18,15312,,Cable Crossover Lateral Pulldown,Strength,Cable,,Lats
06b245fa890fd82cc1a4e083c1973cd212dbbf7b57c14bd8efd8553f89e03762,15412,249212,Cable Crossover Reverse Fly,Strength,Cable,,Shoulders
a1738d78645089d949931a5bbdc13461e3ab89d2aab8706b94a48ff80e24932e,86812,15612,Cable Curl,Strength,Cable,,Biceps
afeb8831532636dcddb01de56ae6dfe8252d88ba194d474beb0841c7f29d2ec1,186112,,Cable Curl (Multipurpose V-bar),Strength,Cable,,Forearms
278c1e37472987e87af34b37a0cfcde537833c68448bb3c12a735d208ee8e04e,15712,,Cable Deadlift,Strength,Cable,,Glutes|Quads
384eaa7ccf1b6f70d39747b5571fbdd68767a6f03ce47992f6b3995ecfece379,15812,251212,Cable Decline Fly,Strength,Cable,,Chest
6cc14fc53efc6f98352e2a859b06b70c739e000df688669db7adb16e5089804d,15912,,Cable Decline Seated Wide-grip Row,Strength,Cable,,Lats|Shoulders|Traps
c09547b59eed953df383b6d205cc2c9c91b94eff8b58a519e49cc2b8544a68a9,604012,442112,Cable Donkey Kickback,Strength,Cable,,Glutes
43fe238a1012b1299f795b953ef7cbd8b8eb5ffaa13bb9e7bcc5b37ec23adf36,163212,,Cable Drag Curl,Strength,Cable,,Biceps
8bbcb542977fbfba829995ac46fa10e393f78ab77b998365b799a7c6cac14e34,104612,,Cable Elevated Row,Strength,Cable,,Lats
51570bb7175ecf95ad19f5536228ad8ba90a47764bd0be2e3e38961b3f028b20,16212,223012,Cable Front Raise,Strength,Cable,,Shoulders
b5386480eafab5e1280d12276c32a361db3181ffaa6fc088ec2c4f8c97bff513,,16312,Cable Front Seated Row,Strength,Cable,,Lats|Shoulders|Traps
23d4ab36012c3f6fec1f2e7cfdc2ef49d20061f2dee0399f80059b2cee2eb6ab,531512,,Cable Glute Dominant Step-up,Strength,Cable,,Glutes|Quads
24d9ff3beffee5dcb681b477921730c4e5c7e7d187092ed94ee922948da8248f,419312,,Cable Half Kneeling Pallof Press,Strength,Cable,,Abs
215f8dc6e81870131eb0eebdefbbf18bf7daffce014f6f498d02be9c0ac2ca6c,16512,16612,Cable Hammer Curl (Rope),Strength,Cable,,Biceps
4f717a3ed1b455b3a51d6a0bed312a608f108804b00bbd623e5cfdcdcc79327b,172212,304712,Cable High Pulley Overhead Tricep Extension,Strength,Cable,,Triceps
c6d1d500dcea4380f2de9c169ea40fa24d1215e620d8c0166184510e93d3d968,587412,,Cable High Pulley Straight Bar Overhead Triceps Extension,Strength,Cable,,Triceps
de777bc77ae2ce554850ca8370ddfcb004204625e768daa6fe96c7e11c29e4cc,16812,231312,Cable Hip Adduction,Strength,Cable,,Quads
5058c02e2c791dc515670ea68e1c976fcce55e02d0b88f5399ba0c3208eca8d2,120212,,Cable Horizontal Pallof Press,Strength,Cable,,Abs
cad149e8ce780f7b9f16c168262817d9bf8ab5b62509a774650729ed504220bf,16912,,Cable Incline Bench Press,Strength,Cable,,Chest
f90de43441ac80842ae27d334e3d2a064d9cbcfed365c92a5fb9a72025e77b39,570312,,Cable Incline Biceps Curl,Strength,Cable,,Biceps
95cd8d1d98eab582ce8d7c8bb478fbd9ba31045c1be23348c0a106596aa39a51,17112,305012,Cable Incline Fly,Strength,Cable,,Chest
ab8d709ceca6b49a848390e54814544d09269c75ed1b5575573e1c6870dc85df,17012,,Cable Incline Fly (on stability ball),Strength,Cable,Stability ball,Chest
0c62acfcf2ffe9ce8453158db54f937782015262383aac190d76bd844f4b22bf,,305112,Cable Incline Pushdown,Strength,Cable,,Lats
b3204318f94d7ae175f9a6b103da317c8e00270e46de9daeedd5fe68a79e23cf,17312,,Cable Incline Triceps Extension,Strength,Cable,,Triceps
7475e8a7777d04f9d009451ffa83def37bc7a4f441b8dd57e237a7629c4f4332,17512,236912,Cable Kneeling Crunch,Strength,Cable,,Abs
7fff5efb049dfafbf256747d14cce738433fd586b61041ee0718d5788f5cbee4,574112,,Cable Kneeling Crunch (V2),Strength,Cable,,Abs|Quads
ff720005581ea62901dc32832129a8fa9c45b98150f695b38e2fef9c2b366bdf,369712,,Cable Kneeling Rear Delt Row (Rope),Strength,Cable,,Lats|Shoulders
77eaa45a13e5c5302c46eb962619b043ed764e37b5d780d93a0fce5b73ca06fd,17612,,Cable Kneeling Triceps Extension,Strength,Cable,,Triceps
ba1ce121c9425878984ff7f18b9fc4e06b3697436d19e1a97add0f66781cbd79,185912,,Cable Kneeling Triceps Extension (V2),Strength,Cable,,Triceps
01ae1e0c2b63448a6e50df508946cdf74b37e3f84e55fb0f7b07b35e6e4bfd93,15012,224712,Cable Lat Pulldown,Strength,Cable,,Lats
9124a9d2cb55ac3207776a8fdfea62ab50b62a1417333d43945a11575d453596,233012,,Cable Lat Pulldown Full Range Of Motion,Strength,Cable,,Lats
3e6675c028f9de6739a811b071ce5b7d0f7f38f889df7a547c1eb3f96b90c90e,17712,,Cable Lateral Pulldown (Rope),Strength,Cable,,Lats
3890b99acee28f1f72732c705ab5efdf4e97b2d5a6e75256805b974b9f31348d,261612,,Cable Lateral Pulldown (V-bar),Strength,Cable,,Lats
a436777fd66f38a5968d6af5d5b9d575e66049550592859ba803582944b57547,639212,,Cable Lateral Pulldown with Mag-Grip,Strength,Cable,,Lats
5105d7cd39ad68a4a697c79e32cc0de85a89a92850270d55ccf3048368e75875,17812,305412,Cable Lateral Raise,Strength,Cable,,Shoulders
e0c8548e758c04502f4a07557b4b826b26574d09f88124198ecda552908237d1,388012,,Cable Leaning Lateral Raise,Strength,Cable,,Shoulders
7a53dd34b5ed85679f8b82c086e7904bd46051d47ecb07c08452b3d8e0c930df,581412,,Cable Low Chest Press,Strength,Cable,,Chest
a099f88b71918d1e08a7ee3be2c00f2f4b93ffa7f7e296aba45fc0924fd56d0b,17912,225212,Cable Low Fly,Strength,Cable,,Chest
bdd161edbc3e79df50030d1afdafe525b32201ce7ce740d8b8b7892461b387ac,18012,596412,Cable Low Seated Row,Strength,Cable,,Lats|Shoulders|Traps
81aa0e61528094bc3364481ee4b9ba719b85adb59ead842d535577b613e5fd23,163412,305512,Cable Lying Bicep Curl,Strength,Cable,,Biceps
73136ed2d3854767c1ad0aa7dbb06d1308e2ef02df5e986630b7ef06338e4b74,239612,18312,Cable Lying Biceps Curl,Strength,Cable,,Biceps
bafecd0091ed7b210a3115e280ec02155bf8c036c4a3b72c60a27ff40d691f81,18412,,Cable Lying Extension Pullover (Rope),Strength,Cable,,Lats
9b8c6a2fc6c5593b88b7cc27ee9e2500a6615d763e171aa1177ba0fadad9d7d4,18512,242612,Cable Lying Fly,Strength,Cable,,Chest
828da4b85de0456bc247184e4ccb095d0a8a5f54c646104afa8f594722469182,18712,,Cable Lying Triceps Extension,Strength,Cable,,Triceps
94e22cab351db7cda88429234195e3e90a6fec16867169511e7a8a19ba1ddab7,524312,526212,Cable Lying Triceps Extension (Low),Strength,Cable,,Triceps
c00011b85bd266a2fedaf4356da85436407821137578257911fdb938dd2c053d,435312,,Cable Lying Triceps Extension (Rope),Strength,Cable,,Triceps
b7b537ba8eab8b09632d672b27a5d4a479ff24652a42d0f5b12c374991ca2dfb,18812,,Cable Middle Fly,Strength,Cable,,Chest
d133db789a341d53f6fb1d6089d43d89a68b131db908507e5568864bff2b87a8,,283512,Cable Narrow Chair Stand-Up,Strength,Cable,,Glutes|Quads
1be5956335c2129488241ce96cae68abfdc15216cf16fbbdb7f2d5b2767d4813,456612,,Cable Neutral-Grip Kickback,Strength,Cable,,Triceps
c34886a51a81624da9a2debe281202e0ab53069a4a9f4e048f63b7580ba0f71a,558012,,Cable Neutral-Grip Wide Pulldown (V2),Strength,Cable,,Lats
edbd4417196b86cf0d31d9b833f69a5cba96fe304490397a4c30370da2bacdf7,18912,,Cable One Arm Bent-Over Row,Strength,Cable,,Lats|Shoulders|Traps
2edee8afea75bc4ebbcc06ffb2d654792bf77ba156cbb85c7dcb97dae1b257e9,265612,,Cable One Arm Biceps Curl (V2),Strength,Cable,,Biceps
91ae514c0fada1ec7a612df8af3889e3642be2df83dd0be5cae6f3b9baec1362,19012,258112,Cable One Arm Curl,Strength,Cable,,Biceps
16b295459051bfee2ece7162d0dd06f4103561f25009190cbab192c83ff6d371,16112,268912,Cable One Arm Front Raise,Strength,Cable,,Shoulders
bfffddcdb2caeef5a5b2ccee46127edb7509b55ce8cbf9ad5ba86e21ae2a1c82,120312,,Cable One Arm Inner Biceps Curl,Strength,Cable,,Biceps
578784658642d57c1fbab22dd28dce5a22c6e236b9f497014c36b3ff84daf9e4,120412,359612,Cable One Arm Lat Pulldown,Strength,Cable,,Lats
7f4c2b776b6953d32905214d9b60c55a9a39177b12235f046cde3d2fe2087dc3,19112,,Cable One Arm Lateral Bent-Over,Strength,Cable,,Chest
c01581679fa90ffbef8185069bfec8b43e4c61369b416a3f963a0c0fa6074ae7,19212,223112,Cable One Arm Lateral Raise,Strength,Cable,,Shoulders
0af1bb2afab0f086185cd27db990dc04bbe1aa25d21aaa70dcee1387f878df20,594312,,Cable One Arm Neutral-Grip Front Raise,Strength,Cable,,Shoulders
331a74cd72b19a0d124d006dd4f213894ce1ffe6e16b2fa6cd5e2bf137222bdd,163312,,Cable One Arm Preacher Curl,Strength,Cable,,Biceps
f9aaa9c330e0f46adefc6115d21949c236f243b32def64729fb1b686888317f8,412212,,Cable One Arm Reverse Fly,Strength,Cable,,Shoulders
059eb776d5acd65d3b88921c0d277f75b63e86c42a5c8fecee5d52750fc9ab61,160912,,Cable One Arm Side Triceps Pushdown,Strength,Cable,,Triceps
a3ccb47dfd9d8e17441511d0bf2aabdc47941e092350073212afa32653e9086b,172312,,Cable One Arm Tricep Pushdown,Strength,Cable,,Triceps
2a026c96b93e9954b64bb00831b7c0583924206fe5177456504feaff9da96802,503312,,Cable One Arm Triceps Pushdown (Rope),Strength,Cable,,Triceps
6d59c880c183ba3efe7892c8f1bedf8da0e2d4511dbc9c7ebffa3d34dd5b2188,120512,359712,Cable One Arm Twisting Seated Row,Strength,Cable,,Lats|Shoulders|Traps
4f693a46c897f48bf8511fa724b2ca4e70bed4306fc5b15edee83558db74213e,163612,,Cable Overhead Curl,Strength,Cable,,Biceps
e8c4f4ccd8e5a7228be0fedfa9a83fe29c2156411f04710c18b4f1b177c23f99,411512,,Cable Overhead Tricep Extension Straight Bar,Strength,Cable,,Triceps
dd47cb3f36990da427e635d8bb1898a43740544772ca89327655a5e91d32299d,19412,224812,Cable Overhead Triceps Extension (Rope),Strength,Cable,,Triceps
c25e2982cc5e8c1176f5d2b89f7bf1e67df939062832432f884e425cc0bbaa43,131912,,Cable Palm Rotational Row,Strength,Cable,,Lats|Shoulders|Traps
00b9b266be7fe8a1ed9f98a628dd62b459b8aa7808b14b9d6942775f3b77c379,19512,,Cable Preacher Curl,Strength,Cable,,Biceps
3f0d6684b83a00ca063696a4ab640dd4dd933e85ef63b5209d2cc48e9190fe3e,592312,,Cable Preacher Curl (Rope),Strength,Cable,,Biceps
646eb9cf6f1a88d14d81e737b14f7d8116012fb0406a216400c703f5090fa8ea,19612,232412,Cable Pull Through (Rope),Strength,Cable,,Glutes
21694aebad1afa57f95e15d641b78cade05c15a378d66a957c1c77fa49563e1c,19712,,Cable Pulldown,Strength,Cable,,Lats
e8fac136590e4037e0413691c8c9fc162d18885f77777d732fdbc06a181f7ac5,20012,243812,Cable Pushdown,Strength,Cable,,Triceps
816c092ba4fdc540b7d43a8f9da19d026230a8939986307a630d02979bcb601f,20112,,Cable Pushdown (Straight bar),Strength,Cable,,Triceps
7b0e9b14e4efb9be331c1de4cbababce437b6a994f341276586c076d0b442ee8,19912,,Cable Pushdown (straight arm) (V2),Strength,Cable,,Lats
a36520dc90753e24711f89acf46a029a9ceda62e92298d9d37f08eac68a04d46,391412,,Cable Rear Delt Row,Strength,Cable,,Shoulders
2ea7e864a2e17da254334ad9e2508315f8ebfd1bc857d7083fb0d0d81467a874,20312,,Cable Rear Delt Row (Rope),Strength,Cable,,Shoulders
7a6a45ef859a79861fed7524803607ef7a9cd60e6af0fb90c0a98e32c3814ca9,603512,,Cable Rear Delt Row (parallel bar),Strength,Cable,,Shoulders
414a0e686da0774bfb0db0f37ed5df45991225fef29632a70726a579a38ec092,20412,,Cable Rear Drive,Strength,Cable,,Triceps
28c2a438f7b22f3085089c19472550a130349991179f4020da547ab58d874893,20512,,Cable Rear Pulldown,Strength,Cable,,Lats
68b85345090f6359d4d322c759180638eac4836fb8f8cf2e980f88e33943dcc0,,20612,Cable Reverse Curl,Strength,Cable,,Forearms
03aade667ebd5aa674e0f5c9fd012d9918d2430cfffa69fc345b94a140527d7b,20912,,Cable Reverse Preacher Curl,Strength,Cable,,Forearms
2ef4c677d3427b2e693a27746ea2e2a099144100b892091a6ea087c55920f1f3,21012,,Cable Reverse Wrist Curl,Strength,Cable,,Forearms
f58d1b14e99010e311786d643e50960984b89200f9813df506fce40d1a67fffb,512312,249112,Cable Reverse-Grip Pulldown,Strength,Cable,,Lats|Shoulders|Traps
3361c1233652d624c2a097bc27f29f8a496d8bd3b8e51e8723527c779f1b83b5,160612,,Cable Reverse-Grip Triceps Pushdown (SZ-bar),Strength,Cable,,Triceps
a11aca79e16d1f899739adf8b8d5fc5eaa6bfe8e5c0f866f8218c19cc208de40,20712,252012,Cable Reverse-grip Pushdown,Strength,Cable,,Triceps
81b44f09a4fff18604afc9ba27f62545e4671a860783f9032a926b18c85486e9,20812,,Cable Reverse-grip Straight Back Seated High Row,Strength,Cable,,Lats|Shoulders|Traps
077e04f7f9fe0ae2021ed0e059d7dcd9133e64e1f4f35952f269aff15f11cc10,132012,,Cable Rope Crossover Seated Row,Strength,Cable,,Lats|Shoulders|Traps
69efde4a9738fa9d6e05201e2c218ac2800af9e4d649e2f399aa161c5b9408bf,163912,,Cable Rope Hammer Preacher Curl,Strength,Cable,,Biceps
782cf9396103bb7c072bb16b37befa6289a9f9eb17bb1049e2b72855ca284950,172412,,Cable Rope High Pulley Overhead Tricep Extension,Strength,Cable,,Triceps
30c744531e4025c0d854428b503cbb218674d5a9fb93e09fdf64b214c588a674,172512,,Cable Rope Incline Tricep Extension,Strength,Cable,,Triceps
7fd051bfb91ac29a0c19addbc96eaa28f33e2eb5e8ec60043f5a815409913494,132312,,Cable Rope Seated Row,Strength,Cable,,Lats|Shoulders|Traps
c009e57b93d440c1441f9701e558ea16310524475862d60c5ceb698a15d7bd18,21212,,Cable Seated Crunch,Strength,Cable,,Abs
b5170d1e439377252021aafa6c51202f10348f44583a24966905bccc953bf226,565812,,Cable Seated Face Pull (Rope),Strength,Cable,,Shoulders
5ad4ac873b1337a2643c8ee4a0862656c5b60507f35f981ae16abe1db4132867,591612,,Cable Seated High Pulley Overhead Tricep Extension,Strength,Cable,,Triceps
23c0586e2a3773946fa0ed60368232aff791723d926cfc5addd5ae7ace2cee10,21312,306312,Cable Seated High Row (V-bar),Strength,Cable,,Lats|Shoulders|Traps
ea986e8249b3f003068a03b76a7b298aa441b4325a74860ad8531127909b7818,566412,,Cable Seated Leg Extension,Strength,Cable,,Hamstrings|Quads
568d532b3a349b4bbc0936a9465e04e4212ebb3013d538bf3c07386ec4f751c9,241112,,Cable Seated Neck Extension (Head harness),Strength,Cable,Head Harness,Traps
ff49a68b79f861212b549341fcc7e25692498d30447ef170d1f1a071f126a968,241212,,Cable Seated Neck Flexion (Head harness),Strength,Cable,Head Harness,Traps
dba31f683208c31e9283a9cd7cfb81187e8b4f60d4e56e3f13895292b101040b,21412,,Cable Seated One Arm Alternate Row,Strength,Cable,,Lats|Shoulders|Traps
5e6b88b792acb96efc7763fa4b062133e14b8853a08981ecea867b8597eb16c2,164212,,Cable Seated One Arm Concentration Curl,Strength,Cable,,Biceps
6bf48c580367e0b9c3bea9b6c5fe026775f3867bbb7cb2dc156bc929d8bfb1b3,164312,,Cable Seated Overhead Curl,Strength,Cable,,Biceps
d953f0685b6067271e9e945f28336e1ec555459ef4c462498206fc9c947de677,626612,,Cable Seated Overhead Curl (SZ-bar),Strength,Cable,,Biceps
45ad4120b89ed5764d8036a105f7ccdf8787eeeb9de1ed2b4e45b45b6af2c16b,21512,,Cable Seated Rear Lateral Raise,Strength,Cable,,Shoulders
bc8aaf3a45472ac7c1b21f8c78d02d5acb0bbd7a2a25e8cf9d254fc4fb1b6492,86112,603212,Cable Seated Row,Strength,Cable,,Lats|Shoulders|Traps
07cba42650e925fd0949847d70046df781026fe1483b6bfe581caab786aad638,266112,,Cable Seated Row (V-bar),Strength,Cable,,Lats|Shoulders|Traps
fde547e12c091a60e684ffa1b4d7c11a869c7820553b027bd16b442d2d2b0ed4,323312,,Cable Seated Supine-Grip Row,Strength,Cable,,Lats|Shoulders|Traps
3e51b6d1f3b06fad003967b33cb52f31f3123b672411f14bb832d547845ee7be,,243412,Cable Seated Twist on Floor,Strength,Cable,,Abs
4c06eee5e238d8a81c06b3616271b37d537933a751f03356c95a801415be38a9,21812,359812,Cable Seated Wide-grip Row,Strength,Cable,,Lats|Shoulders|Traps
d82da18eb6f693cb9c202d0d40afe302c5f2dc670f30c9430763d7fea5a32338,335712,,Cable Seated on Floor Row (Rope),Strength,Cable,,Lats|Shoulders|Traps
cdd81151991005de6908299c215c836da2cf9d033b00336ff49aee29bc86d0fc,508712,,Cable Shoulder 90 degrees External Rotation,Strength,Cable,,Shoulders
caf90109ed15a873370d1759e77694f5b5dca69b528054e8e85e1c580ca00a45,508912,,Cable Shoulder 90 degrees Internal Rotation,Strength,Cable,,Chest
c6ee39aea99f7009aefe6ca0411e6ab364d4e3ba14ba7164e17ed2fa3e8d9445,508812,,Cable Shoulder Internal Rotation,Strength,Cable,,Chest|Shoulders
5c1e9f8b05a9fcde2d1383a34ab71de9ca9de0e5f627180876c350bd2d77ac44,21912,,Cable Shoulder Press,Strength,Cable,,Shoulders
e279a842eba5b6e381851d673d12468a96a6f4af946ada0b54321581184006a5,22012,,Cable Shrug,Strength,Cable,,Traps
8f7980b2f21f6e11e346fc262f32c80ff442e42f2f6b4c4dce77eba15dca7569,22212,,Cable Side Bend,Strength,Cable,,Abs
38dfb8e92bc88b55983bb4e8d79938ffee38a9f4f49c0e36cbda9ee5c0367944,565712,,Cable Side Bend (V2),Strength,Cable,,Abs
e2a7f646f650418fffe864a277bb1a7a277541b7ca6a41056f8a574555bb4878,171712,,Cable Squat Row (Rope),Strength,Cable,,Glutes|Lats|Quads|Shoulders|Traps
52e0487ff9e290845edf0739e05e4b234c92efda0cf178f3c6543d1e06f5e536,164412,,Cable Squatting Curl,Strength,Cable,,Biceps
a2c00b2b12f9c0efd387e4d20d8072e29e3f8b7f848d402df026b5690701f970,636712,,Cable Standing Back Wrist Curl,Strength,Cable,,Forearms
770ae06fb804d45e8402207a62d32f6b42065738e0760d5fe6cb1247e332ad28,335912,106612,Cable Standing Chest Press,Strength,Cable,,Chest
ec1c3b46e5b3388f41e9136209379caef2a381bca3a168c8acc537b66479eb82,336312,,Cable Standing Close Press,Strength,Cable,,Triceps
3f149f5de772d0922753e733a4a0e4be6bfe92b9869a285de5dfc0aa62a93964,517912,,Cable Standing Close-Grip Row,Strength,Cable,,Lats|Shoulders|Traps
ce2f4699164c0d50560b2a093a722d95d6f3584b1b6123ae937642687a1634bc,22512,,Cable Standing Crossover High Reverse Fly,Strength,Cable,,Shoulders
5f08614b59547231ab6c047f7e310a31430bba757b8ec00060c2b502865057da,87412,267412,Cable Standing Crunch (Rope),Strength,Cable,,Abs
4955d6593e6891acc989f70a63f31ba9e68d4417974a1c089ee6e278b684c185,560912,,Cable Standing Face Pull,Strength,Cable,,Shoulders
9d0a252e08a443a452079ad585cd859680966b00bc309507809ef386536c80de,565612,,Cable Standing Face Pull (Rope),Strength,Cable,,Shoulders
e73829186bbed4cd40b679ab27f248e2bf073c7c31a1fbc949eb4175565aeaed,22712,,Cable Standing Fly,Strength,Cable,,Chest
6d0603ad9b9dacd79a90ea139b90537830bf35828eea99dff6c2c6efc91b1c5c,401412,,Cable Standing Front Raise Variation,Strength,Cable,,Shoulders
57e8419ebf8c4931750c54ea777e4b5391a351b9607958dbfb0d9cc98d61b2b5,371912,,Cable Standing High Cross Triceps Extension,Strength,Cable,,Triceps
c2dadcfb3fb3414135989f3cc881ed574f0b660af80bb466409b7ba6fc493ac5,22812,88012,Cable Standing Hip Extension,Strength,Cable,,Glutes
62d663c34cd382550aee15889bac4ab116f3501d2a16cc2ea7bb89ec0180c55e,22912,258012,Cable Standing Inner Curl,Strength,Cable,,Biceps
978da68582eb7514003f37dd6da0d7365db55b32bbba8f7b1357f978c87ec7f2,634312,,Cable Standing Lat Pulldown,Strength,Cable,,Lats
0d57c896b49cc747f900da9834a33d5f84dddb84fffcdd0af6c9c9c3cdf79eaa,122912,,Cable Standing Lat Pushdown (Rope),Strength,Cable,,Lats
af817c11fb8c2e3ba4a9da3a78ffe10a53c7304b305a3876f4aa24646f0bbcbb,154712,,Cable Standing Leg Curl,Strength,Cable,,Hamstrings|Quads
a93bf1f7bdd54890d360fda1b671020a0b0b4b68f3ba836320205e3fcea1b4ff,23012,,Cable Standing Lift,Strength,Cable,,Abs
1e22000b405989bd701fbef47fc6e9f605f3ba82053327e4dca6e379ad990866,552412,,Cable Standing One Arm Face Pull,Strength,Cable,,Shoulders
e4b533ab0b4ce8fb5d22c3e1e3257c8745f57a4c8998b94aa6579628723458cc,621912,,Cable Standing One Arm Fly,Strength,Cable,,Chest
b6f2408c4a746cf8403e56e8abc7ed4b0ae90e4cd21ecf180fa113ac356a4cfa,213212,,Cable Standing One Arm Serratus (Obliques) crunch,Strength,Cable,,Abs
f1ee627262e7c07f83846005a6f85fe5f4614a6cfcf024e84e56fba6fd61a001,122712,,Cable Standing One Arm Tricep Pushdown (Overhand-Grip),Strength,Cable,,Triceps
1664d1ecf566ef58a645e5b85f0461f46d61c49c11541ca2ff96846bfc64cf37,23112,269612,Cable Standing One Arm Triceps Extension,Strength,Cable,,Triceps
6bda112274cfef66a81737d2b828de8dba59fe5e1a36ad100b593152f49283e4,23312,288212,Cable Standing Rear Delt Row (Rope),Strength,Cable,,Shoulders
8087324dc71782bc527006be1d76be34b585deee0bab6bc0fddd0f06cd159aa6,160812,,Cable Standing Reverse Curl (SZ-bar),Strength,Cable,,Biceps
f71e96f3e5b8c94a3ba0c8241ee9352b6613592dcdca08c2e0d8aa35b945da58,,295312,Cable Standing Reverse-Grip Curl,Strength,Cable,,Forearms
6acf07ba8273767a5ac6d509b963423074f7b3712c6f9e9ad20669a7a32582db,509012,,Cable Standing Row,Strength,Cable,,Lats|Shoulders|Traps
f3e42032ba10a6554e16d67134592534c1aa265ebebf67b19c4a389c9c09a67f,213112,,Cable Standing Serratus (Obliques) crunch,Strength,Cable,,Abs
f853fe4ddeb2cc42394e6165da4e1c443388d48239765fb0ac004271a75cccd6,23512,,Cable Standing Shoulder External Rotation,Strength,Cable,,Shoulders
6d7caafa9b39918b5e3205fefebc6bc497df51afa3b06a7d6b6b9f5cd3c80aa7,636012,,Cable Standing Wrist Curl,Strength,Cable,,Forearms
8cd44cdebf0c688a48e1110c3851fc91536d19b1f49d6a3efeac4ffff1baf5f3,636312,,Cable Standing Wrist Reverse Curl,Strength,Cable,,Forearms
3a8c963a8575e1cb19b7425e2bcf1f76fadc57784684fbd4c58fa8abb13ddbe3,626912,,Cable Standing Wrist Roll,Strength,Cable,,Forearms
6e38a7b8ac3a45c252298af9d2c75de5e2d58c7384051a1049e4755129219abc,126912,238712,Cable Standing-Up Straight Crossovers,Strength,Cable,,Chest
507b93c140f19185305121d64c5f6830c44cf959c5487ea6ea3e70ff6402993a,283612,,Cable Stiff Leg Deadlift from Stepbox,Strength,Cable,,Glutes|Lats
bac73d98d70bd962e031ddcd7a75a066c35f168fffc10d6f83e933b0bd81fc89,23812,,Cable Straight Arm Pulldown,Strength,Cable,,Lats
caa5cef6d3db02cbe792bf05dfd9563fbd95917f4bb03b148fde96b698397be0,23712,,Cable Straight Arm Pulldown (Rope),Strength,Cable,,Lats
b2fbb0b14980c80b4f9f2d026dbc32c401dd3ef40a69b705aa265b467a07b846,23912,306912,Cable Straight Back Seated Row,Strength,Cable,,Lats|Shoulders|Traps
5f82cf4e0503c544c45aa48f3f21f087bcd0e4413e6178b9546f012d217cea83,160512,,Cable Triceps Pushdown (SZ-bar),Strength,Cable,,Triceps
9388aa90ca8405a8b953c3e0e1867ad6153ecbc5a3a7f11971ab6304f034056c,24112,224912,Cable Triceps Pushdown (V-bar),Strength,Cable,,Triceps
b294792277e232e1e1b91478f5bd4df81b868c525f2390875a8d92f77de452c2,392012,,Cable Triceps Pushdown on Floor,Strength,Cable,,Triceps
3c65d28091154fedd2dde693bd04ab73be588f503bc68d906225ac5b926f576b,24212,,Cable Tuck Reverse Crunch,Strength,Cable,,Abs|Quads
c7027a43b2065574a07832b579dfd739e2f71dc7081187cdc1cd310b9cc7631c,81812,,Cable Twin Handle Parallel-Grip Lat Pulldown,Strength,Cable,,Lats
9d8095dc7f84571395bca0319242246a4172f13840da69463f99792364677cf6,24312,245112,Cable Twist,Strength,Cable,,Abs
876beaa4fcd3bb16dbe712ee08e79076222261229ff7af52c74512f35ba082c7,24412,,Cable Twisting Pull,Strength,Cable,,Lats
bc7284ec084f4f15153d37eb57e0f2561d797a6405775200678b1cf15ce137c2,24512,,Cable Underhand Pulldown,Strength,Cable,,Lats
3e852e8cfa6eb1959b1e7ada724274ab6d9959ace919b2d9be07ff20fa9ec9b1,483812,,Cable Unilateral Bicep Curl,Strength,Cable,,Biceps
8504215d6515a14b41af9f9498a7ad5bb641ea2e13456d965bf9ad4dba176d6a,,244212,Cable Upper Chest Crossovers,Strength,Cable,,Chest
6fb3d7a23ae79edfa8c282d19c169c1bbc5de73c272937f20a0dc93c2209a966,24612,223212,Cable Upright Row,Strength,Cable,,Shoulders
ec99e31617e1ff05e18f8fcc232d5ee6de4b4471dccf26e1518706d9580ec10a,,229112,Cable Wide-Grip Lat Pulldown,Strength,Cable,,Lats
b18dbefb99e979f701fc133cc4e716ca63417dbedb125ff75dcc69d1f79dd032,132512,,Cable Wide-Grip Rear Pulldown Behind Neck,Strength,Cable,,Lats
0bd07cd8326dc4d2c8a6c85f070af41ebfc59bab247842e7340c2b819e93e602,24712,,Cable Wrist Curl,Strength,Cable,,Forearms
4019a4304e0c009db35568dedf1c68324d565f7d66d629d6d0ebaa2a846562bb,334212,,Cable Y raise,Strength,Cable,,Shoulders
ed4ef54b7fab806d55d725bbb024a15d621944aafd4cbf28e5844c42decff2c8,304812,87912,Cable hip abduction (V2),Strength,Cable,,Glutes|Hamstrings
92f64a249465fd2a3e88d0e3e16471fa48fe16ad5d6cf4594a4f5b3d46ebc786,86012,106812,Cable kickback,Strength,Cable,,Triceps
51ce9bc368cbee29291182532759a0b0a5b43f211dc5c3bae62ad38609d6d1a3,120612,573512,Cable pull through,Strength,Cable,,Glutes
254a1b18bff54864fb99f36b8f9b2ee2c048510498f084e8963b183b63a6a220,603612,106712,Cable straight arm pulldown (V2),Strength,Cable,,Lats
3c627f8f5716ec8d6ab8ec2ab3971d9644f921b55ae617b1237bd0bf02fb1849,,120712,Cable twist (down-up),Strength,Cable,,Abs
ffc140b0510ebede5ed0561e02f7040f76598eb33993c0eb55ae45d2ef36c6ac,86212,120812,Cable twist (up-down),Strength,Cable,,Abs
2f407aa29fa85e17a3c304437cdbf5030e37c9102c1533570681f0e18c2e30e7,120912,,Cable twisting overhead press,Strength,Cable,,Shoulders
06edc44976b0310c6600065651e241b9ea0f5b590639dfbbf318db848da21ce9,140712,,Calf Push Stretch With Hands Against Wall,Stretching,Body weight,,Calves
995bd3b4c47d7f2d0002297d489e5b57b82cc8dcace092109ff4fec15a141805,564112,561912,Calf Raise Clap,Aerobic,Body weight,,Calves|Chest|Shoulders
124645a19b8120655d54463c398edf3bf4fdc38c6e1568d88cb929605d9a157d,339012,,Calf Raise from Deficit with Chair Supported,Strength,Body weight,,Calves
f1936da049c113bff9797120c46bc4fc8eb9c9a56982fd2ffb8a5e7023fdbd66,522712,525712,Calf Raise with Wall Support,Strength,Body weight,,Calves
f2471019fbb584f013877dc5b023782faaadcc1a2c8e30fc1b44ea57c84caadd,137812,427712,Calf Stretch (Rope),Stretching,Rope,,Calves
144b05c5d8a048c0d87f28b7527cbde6a56e22a62bf690831bd1fdb45ade10bf,137712,,Calf Stretch With Hands Against Wall,Stretching,Body weight,,Calves
268c4e3687900b6fbe58c2a38d4491303d0e8e57b99327180c037dba96271f36,451012,93712,Calves stretch,Stretching,Body weight,,Calves
bada787730c3bfe373bd636a30bccc6794e77094910c227e54671e47eec8a040,24812,526712,Cambered-Bar Lying Row,Strength,Barbell,,Lats|Shoulders|Traps
b69a53374cac2b1b776b766a46d15a433aabd0c508d41d14e68baff232ea3af0,296312,461412,Captains Chair Straight Leg Raise,Strength,Special Bar,,Abs|Quads
81ce55365a93009f0caee1be853d40d177da4639a56ddf11d083fa94e0be0f9a,212612,,Captains chair leg raise,Strength,Special Bar,,Abs|Quads
95f9055f3f2199f452f2cd96293dac887b8e1a2d12e2627b42d20259196d502d,370812,,Cardio Lunge,Aerobic,Body weight,,Calves|Chest|Glutes|Hamstrings|Quads|Shoulders
ef88329466df307bba88674f60b65b51f2abdda01fca625e7c7b734c13f650b3,458012,525212,Cat Cow Stretch,Stretching,Body weight,,Abs|Lats
1cd5c6ccc969d3b0d856e78aac0ee19602ec82813ca4478efe1a9007b1fb9fda,105112,24912,Cat Stretch,Stretching,Body weight,,Lats
f38dcb5cc0bc7481eec78ed3fb73f50bcbab49f386cdc96735b368274d578682,428012,25012,Ceiling Look Stretch,Stretching,Body weight,,Abs|Quads
5fd838a06b74b0762f7006f060b73e92dfc6c212ed733096c901c301b7b32c0d,607812,576712,Celebratory Hip Thrust,Strength,Body weight,,Abs
f9f8ba7967fe2283bf367f8b4fd7a3e5174818c696a3a769bf63beb6e1a018c0,601012,595612,Celebratory Knee Drives,Aerobic,Body weight,,Abs|Calves|Chest|Glutes|Hamstrings|Quads
297f65c98d6ffc589d96810b8ac8dd7a4aa09338e0c055fd71cbfac862e0adfa,,588812,Chaturanga Pose,Stretching,Body weight,,Abs|Calves|Chest|Glutes|Hamstrings|Quads|Shoulders|Triceps
ab811518628ced9bc9f51f21fa65210862adca3d98de89bf5218e7c0fdf4bb8f,569612,,Cheat Curl,Strength,Barbell,,Biceps
9142553282ef8dab9ef22a7937da0aab28cda5699f94303a20210dd23239f52a,,637412,Cheerleader Clap Backhand Swing,Strength,Body weight,,Shoulders
09e6c88dd9fc6c1408117f931a3abdc96722f6098fb83050efa6e02a7dbafd85,25112,359912,Chest Dip,Strength,Special Bar,,Chest
0b472427ba880140027700b3de8fc1512edd90ea7e4b24697b494d90678ada8f,143012,,Chest Dip (on dip pull-up cage),Strength,Special Bar,,Chest
8efc427a5a34399697ba48dfa406c5e909b82389ee4349c8f73c8fafc8547585,545912,,Chest Dip on Bench,Strength,Body weight,,Chest|Triceps
0317aad7e200579e2e66ccc36d4797e583c2fe3eebdd2e44a4878f582e202bc5,,608512,Chest Fly Plyo Squat,Strength,Body weight,,Glutes
bd03115f98e748eb8867227311e9b499e4173e49de0346248916886cd9515758,558812,,Chest Fly Side Step,Aerobic,Body weight,,Calves|Chest|Glutes|Hamstrings|Quads|Shoulders
64d9da1b531189bcd31afa09fccbc87d91092075baafe4d554522447e7263b46,,283912,Chest Lift with Rotation,Stretching,Body weight,,Abs
4e536f288ce7f74ca50a7e3cdb0fd3569a391d0c96f71c091bc2cb58041b862a,,494512,Chest Out Hands Behind (Hold),Stretching,Body weight,,Chest|Shoulders
3d5bd021462b8330fe4e4e9cac60e62f2a6a47f5d2847f15406585c9b0777cd2,623012,,Chest Pressdown,Strength,Body weight,,Chest
17275fa274244ef0835caf9e8c2c2ddd7f13b432a339ee21e697bd764bb1c8d7,550412,536112,Chest Pull Back,Strength,Body weight,,Lats|Shoulders|Traps
192440eb3780010471e961d8118cbcb68756597e8c9c36a1e2ed4e7b983d2011,,527912,Chest Raise and Rotate,Strength,Body weight,,Shoulders
bfec148f905b531af925fac2eca6eb83c9269d7de43e534250e4627f63fd9d7c,321612,,Chest Tap Push-up,Strength,Body weight,,Chest
871621b5f0a9a12bf9b9e40dfdcbfef331304a768b8a3d3562cd868cfdc080df,505312,94512,Child Pose,Stretching,Body weight,,Glutes|Hamstrings|Lats|Quads
b2508a72c7411289501ebeef82bd1a26c13e40dab280e6fb4f4f2c7cf3312922,482312,,Child Pose Push-up,Stretching,Body weight,,Glutes|Lats
44823b8d5b07680d121bb73267b5755f513e4385cd127209cc129500061ebc9a,637212,,Chin Tuck against the Wall,Strength,Body weight,,Traps
72b8ce95da9caad1881f87886cabdb076b972d03371e419fd2705e0dd49f9ab0,450912,25212,Chin to chest Stretch,Stretching,Body weight,,Abs
9a06683b024306ecf37f0de666e500f5c03e29dfcd95acaa94a7a554860ec1dc,132612,237912,Chin-Up,Strength,Special Bar,,Lats
18b93e2c80ab6b938d29b5992eb87a5feafecde0b7a4bf12dd62e524b93f0f6f,472512,,Chin-up (izometric and negative),Strength,Special Bar,,Lats|Shoulders|Traps
8d1beb2f45e86a04bc39bd6a28ab8262b91a36067ef99abaa659446b044738f7,25312,360012,Chin-ups (narrow parallel-grip),Strength,Special Bar,,Lats|Shoulders|Traps
5bee4ec4d5eb64e0ddd8863c29873b544bb885cbb058e3dbca30c2e91866b902,399612,25412,Circles Arm,Strength,Body weight,,Shoulders
94df2c21ebdfba8fb1a2a5dddb994df9a510f6629c839c2063faad8e17c32a05,,25612,Circles Elbow Arm,Strength,Body weight,,Shoulders
61b860255b24a3ce3b3de3cc8a67d81a8409798efde5054f5cb97912797b3fc3,25712,393212,Circles Knee Stretch,Stretching,Body weight,,Calves|Glutes|Hamstrings|Quads
563ca90a66ca0ec00da55e2ea8841a8c270bed975ed53d98c1433ca90a606586,,554712,Clap Curtsey Squat,Strength,Body weight,,Hamstrings|Quads
5a63771392e931462c5095436e79d1ea82a8dd9a7e3b2f8dd41cf94fccffdc89,502212,,Clap Jack,Aerobic,Body weight,,Calves|Chest|Glutes|Hamstrings|Quads|Shoulders
4c8746a0f014b52bad4ba96331a53c522777082faa4874ded6492626bb9e0c07,127312,,Clap Push-Up,Aerobic,Body weight,,Biceps|Chest
5896b6b83b6f400a7ff485d962b1e56fcb93d72f260f743d9b69807fbc78d860,535612,611612,Climber a padded stool Supported,Strength,Body weight,,Abs|Chest
af36334d82232edbc20dee01c5fe2dd2497e91ae7abf0df718d54c0647c94580,25812,,Clock Push-Up,Strength,Body weight,,Chest
39ecace9e9c2024c0790c8635830f19d07696f4f0635065b4f92edd47a9f28a3,132712,238212,Close-Grip Chin-Up,Strength,Special Bar,,Lats
c98a21a50c4e0aced5311b75085dfba5ce427da14e84dd44a7586cfea629ff21,547912,,Close-Grip Pull-up,Strength,Special Bar,,Lats
33665cf28871714be4291a598c9d2c1689f457e52a3dd0942345320dad826538,25912,261512,Close-Grip Push-up,Strength,Body weight,,Triceps
3ed96ab460b0031432826d024db727a79ceef74da4d79d27b4496eec4283b3f5,29612,,Close-grip One Dumbbell Press,Strength,Dumbbell,,Triceps
f0c94eb0af1f1e1b9c2818bd426f08bf1be1c7e7aec6707b26e816ffcece2681,239812,261312,Close-grip Push-up (on knees),Strength,Body weight,,Triceps
8a3c027d02ffdc5388950250bd2b5f26cdb0f484793920b8fa5f392975a45c02,642112,,Close-grip Push-up against the wall,Strength,Body weight,,Triceps
c0cc7159621bb52902d4ea4164b7cf52113f4b6447e748004e23133fd964f8da,519212,,Cluster,Strength,Barbell,,Biceps|Calves|Chest|Forearms|Glutes|Hamstrings|Quads|Shoulders
7fb32d2ebc0b56b5dab4bc615a9eb16793bb693d760ce020fc8c92fae8e09e5f,348812,,Cobra Push-up,Strength,Body weight,,Chest|Glutes|Lats
6aa55fcd6d4233473a36e9601dcce1683a3fd869002c8ce83bf77fab5ae0f2ec,,521212,Cobra Side Ab Stretch,Stretching,Body weight,,Abs|Chest|Lats
e97325297160c7f704df2eb401e13d44158a8f1b9c1d3512e93f4946ac6347c3,148212,426712,Cobra Yoga Pose,Stretching,Body weight,,Abs|Glutes|Hamstrings|Lats
4742553a68e428b3ede13e581f9bfee7ee96774c8ed59fc831ffd816f3c550c6,26012,258212,Cocoons,Strength,Body weight,,Abs|Quads
9292e04a0b71bf55cfe5988d727462d2a1e0b8814a9df6ad2068edfacdb7af7b,472612,527012,Commando Pull-up,Strength,Special Bar,,Abs|Lats|Shoulders|Traps
09e95a3913e10cd40673b2c1133508f0f59099a5462eda8aa26a2aab3bee4f78,178112,,Coner Wall Chest Stretch,Stretching,Body weight,,Chest
bce934484297abf1f1447f56e6ebe83f33a8ecf6cf2bada74f6abcfd763506d5,,284012,Control Balance,Stretching,Body weight,,Abs|Glutes|Hamstrings|Lats
c973a4b0f0932c1ed184cdfd0f1f902cbeb6e27259af1333b97ec7fb91535791,,284112,Corkscrew,Stretching,Body weight,,Abs|Glutes|Quads
fe5f46d37d15fe33ff095e64390083428c88da4ddc38f2a404f531b933e31842,510212,,Corner Touch,Aerobic,Body weight,,Abs|Calves|Glutes|Hamstrings|Quads|Shoulders
e2e9dce4df0404eeb85cc2df2e8e7e2db8ca11ab7ec6505a08b9ec8679d421d0,463212,256912,Cossack Squat,Strength,Body weight,,Glutes|Quads
05768ff35f3a1b95a1445c9e1e7b30e4c25de84a4f25446b27e2fb9e370c7e9f,436312,,Counterbalanced Skater Squat,Strength,Body weight,,Glutes|Quads
96430167de3bdcd39e83f476cef860fbd7f62faa9c43f2454f92dfd64e23ee44,210712,,Cow Stretch,Stretching,Body weight,,Abs
3b765a244a628f6d996a7f16f29d16cd0bf39a90fb501f109ee9a518c85a6e4b,,284212,Crab,Stretching,Body weight,,Abs
3fc6ea9b90492ee7ec3a8eff6fd8708b9d70e2686fc7c534fbe0c8bbb38b6e42,505412,,Crab Pose,Stretching,Body weight,,Abs|Glutes
18cec7ff23405e44d54748d426deea5b1f4330b1db63a1178fe2b5ec1120471a,146812,393312,Crab Twist Toe Touch,Strength,Body weight,,Abs|Glutes|Hamstrings|Quads
d984d70a3b18a86ac057a7511064af4f81654b272965a906b37cc826dfed3839,,557012,Criss Cross Arms Lift,Strength,Body weight,,Chest
4d00bdebe24096dddc2d6b66926fb38f798e0b8088ac55cc7f89847d0e383bc5,470812,,Criss Cross Elbow To Knee,Aerobic,Body weight,,Abs|Calves|Glutes|Hamstrings|Quads
e7ded3b46d6fe9cb184926463c34adda225365b8e19a94231cbb9313cb488732,471112,499912,Criss Cross Jack,Aerobic,Body weight,,Calves|Chest|Glutes|Hamstrings|Quads|Shoulders
f88e266d440fbe13f7e28c87581db63a1ebbb116d61eb6d49792524d28e6842a,470712,,Criss Cross Jump,Aerobic,Body weight,,Calves|Chest|Glutes|Hamstrings|Quads|Shoulders
53bc9aa81542994781bbed27e7d677d504f7abe07b816aa890521cec4a6f4d7a,402012,549112,Criss Cross Leg Raises,Strength,Body weight,,Abs|Glutes|Quads
343b8c6997b56a7e6ef482607e68cb9c417872d69025ab76295c82687576c30d,558512,,Cross Body Punch Jack,Aerobic,Body weight,,Abs|Calves|Chest|Glutes|Hamstrings|Quads|Shoulders|Triceps
b58f7f3f7d84766334dd1a4e8292f6f2623c1aac749d0811b64d8e13a23d4473,510512,,Cross Jump Jack,Aerobic,Body weight,,Biceps|Calves|Glutes|Hamstrings|Quads|Triceps
ca01e5b976709f965375f216dea9201eb1c426913d2155e0bdd343ed31daecf0,,640212,Cross Knee To Toe Touch,Aerobic,Body weight,,Abs|Calves|Chest|Glutes|Hamstrings|Quads|Shoulders
b3004f73200f8c245a2cd25e68c5aaea929c0469aabe2f399a53ece472ee8de9,584612,584812,Cross Standing Crunch,Strength,Body weight,,Abs
7877718dee48cc8c80227469edf15785021a13cdc72332cac5f64904d1c4bb41,,568412,Crossed Arms Front Leg Kick,Aerobic,Body weight,,Calves|Glutes|Hamstrings|Quads
1aeb51f67b91d7af9a211b18bfa8eb5147f120f139c4d462cc77cac009064c4c,429612,26512,Crossover Kneeling Hip Flexor Stretch,Stretching,Body weight,,Abs|Glutes|Quads
012be655867ce7e67fbce7487698cdd19e6c905cd8c85b6899d6632f23e50e7b,193012,,Crouching Heel Back Calf Stretch,Stretching,Body weight,,Calves
b938559a1ba4116d6667a196ec75678c3f63f33f8aea193f47eb3a4c40452103,382112,26612,Crunch (arms straight),Strength,Body weight,,Abs
f1bc001917a81e7acc08aee286ef34016f44dcc9fe38e924a71eca37c6672002,26712,,Crunch (hands overhead),Strength,Body weight,,Abs
4c65013c6d29d56f4f3b5f3e3d1b63c65cd7e16a9a2eece33031bd1d23bb12f7,,26812,Crunch (leg raise),Strength,Body weight,,Abs
01fc473fe57335acd9bbf6ab5954e99fa2d41a8339ac81cae4e146a35f7720e0,,26912,Crunch (legs on stability ball),Strength,Stability ball,,Abs
45b9edc9b6d19d0a2d61aa9d075159ea1c74154dd97288436b0140136f30368f,383812,27012,Crunch (on bench),Strength,Special Bench,,Abs
23099f2570c32c74e4d84f3720a823d79deb58a761e4628cc0fdb0c53eddce17,124212,,Crunch (on bosu ball),Strength,Bosu ball,,Abs
f09fc842694562d17783a55a751449c3475dfb398536e197989740eac8734053,27112,270112,Crunch (on stability ball),Strength,Stability ball,,Abs
7729b6c12ed05e1d16b50579325a920f293f6c33ee506e21c95e8ee60d956d11,,27312,Crunch (straight leg up),Strength,Body weight,,Abs
5d98f68730c4f9d99937c8608510ac477c855523f97c5e4cc1198cdfea456e70,27412,27512,Crunch Floor,Strength,Body weight,,Abs
4ece8005ca15293fa0122586d1c82dce9db42aae1e227bc25d89cc6a7a2ed68c,342212,,Crunch with Medicine Ball,Strength,Medicine Ball,,Abs
c2c25e0570da2581d1ab0d04a6d0297baa99a531316211b18255b6c5971e22d6,351012,,Crunchy Frog on Floor,Strength,Body weight,,Abs|Chest|Quads
d6cb14e470370c1acc70afe338b0870efea773f6484835beaeb7f5f9aca9796d,376912,517712,Curtsey Squat,Strength,Body weight,,Glutes|Quads
2a00ede9c300208de4e4f3c2aa251d6512228c65918f2117a79fc5d4fb5e6659,515012,,Curtsy Lunge Slide with Towel,Strength,Body weight,,Glutes|Quads
5f507935bd4fb38a68dad52823edb4ca9c92cd69ffbb8dc039fe727aa5a192db,,638412,Dancer Bend,Aerobic,Body weight,,Calves|Glutes|Hamstrings|Lats|Quads|Shoulders|Triceps
00ba1d377c1141aecfa88aba3841d3c6f1ae5c985733c0013c0f6fdb66f330c2,27612,307112,Dead Bug,Strength,Body weight,,Abs
c4457f78534caad5dea757df1c44e1329c3a1f64bb61e10a241e527c2cfad5aa,,380012,Dead Bug (V2),Strength,Body weight,,Abs
a169d9bbd742e96191a1e8d9417ebdfac7e5033ab7e6f72ec632cad2ce979e35,505512,,Dead Hang Stretch,Stretching,Special Bar,,Lats|Shoulders|Traps
762b50579dbfe068eb751147ead2dab49fa8423e10be7e62d577fe6ac3e49afe,184512,307212,Decline Bent Leg Reverse Crunch,Strength,Special Bench,,Abs
5eec8408688caa40569664c8e316a60b766a0a9b414218e34cb34954d9ce6424,27712,,Decline Crunch,Strength,Special Bench,,Abs
294984ec178c26b99b2c4235508bae6c1a9ccf559f91706393f908c184957b24,528812,,Decline Diamond Pike Push-up,Strength,Body weight,,Chest|Shoulders
42103641dba672b746974142bbed6e9dc70e0ad35ad86f62f6007919c65eaf52,586612,,Decline Diamond Push-up,Strength,Body weight,,Chest
d0f56330472364a35f8c51a4641e274e0f7ab566aa5bb436f9f3c94957ef59e2,349012,,Decline Kneeling Push-Up on Box,Strength,Body weight,,Chest
377b1d6a71f95cfa1239ac150cf0e1ff1d44403f8d27e0a62f14b3b7b52c89e7,27912,28012,Decline Push-Up,Strength,Body weight,,Chest
fb7cb62aa4d882d07933fb5d834ae1554979fd076ce8c9def79ccd8a344dcd25,349112,,Decline Push-Up against Wall,Strength,Body weight,,Chest
92d68c6e0df27fb91b6d6cb1e16dffd03430c1fb725a0fb34a43c58cafacf989,527212,393512,Decline Push-up (Kneeling),Strength,Body weight,,Chest|Glutes
9f2bc0c566d0490a27c015466f54da4df1285bdd9d8e939f90ffa8e09c72c62a,382312,,Decline Shoulder Tap,Strength,Body weight,,Abs|Chest
0ad0c14967389f01b0cc3776f513a178c623232793e1bb687b047de8f74a24b9,28212,,Decline Sit-up,Strength,Special Bench,,Quads
a13ab91502a4e2c3e36c1404fd5e27b066932247e007630a0fc4bf9d786a4740,551512,,Decline Sit-up (V3),Strength,Special Bench,,Abs
e1c1f41f21ce947328fb545e767bfe9805aa165cfd22483d198e7375eb4ffeff,,595412,Deep Breathe Flaps Plyo Squat,Aerobic,Body weight,,Glutes
a4e96585e4b14f0fec370f41d6f422743536eaeda20ffa5eea44c6a11b9ae521,127412,282312,Deep Push-Up,Strength,Dumbbell,,Chest
2dad19e0953f84dde7cba2d64561f825a59b0ee8ea2a11dcb4e19a6c5b978648,,630612,Diagonal Front Scoop Raise,Strength,Body weight,,Chest
69a89efd9dde502f82abdb695da043cef1ae6c7e910f37241bc88a5e29faa494,455212,463712,Diagonal Lunge,Aerobic,Body weight,,Abs|Calves|Glutes|Hamstrings|Quads
633c3f2c9115db56e312d959f21ba22fb9d5c07903d221a57df37b832a33c450,,528312,Diagonal Opens,Strength,Body weight,,Chest
4a9ded20c5f49ce0770127d913ee8b46fa7addf245f65854fc6d6a5e658aef93,482412,511212,Diagonal Punch,Aerobic,Body weight,,Abs|Calves|Chest|Shoulders
6bf7a6cd4067342017dc6e4dbd3605745f27237e726aa0654773e4ec272d3c6c,453912,,Diamond Press,Strength,Body weight,,Chest|Lats
5e9a6eb64cf61ab85aacddce80150b983f2ea8be99c3fe9869595946568f0e2d,28312,269712,Diamond Push-up,Strength,Body weight,,Triceps
7846d6fd95f74db3a3af2e7d0b1125ccc81f8d1b60a13e176b6bf13db17be63c,117412,,Diamond Push-up (on knees),Strength,Body weight,,Triceps
723091ca187e96168f799167031a9fbfb47446f04471506eef87352f78265e5c,535412,611912,Dip Leg Raise a padded stool Supported,Strength,Body weight,,Abs|Quads|Triceps
98a5ef8de43a67a6ec89e2c6ced69c93c1f856d4329df6fa4bbe1207bfefc6f0,344312,381512,Dip on Floor with Chair,Strength,Body weight,,Chest|Triceps
a631229c5a70126631ea3ae1bb3d55bd308fa5c307d1006b561aa2ac9ca210d7,338712,,Dips between Chairs,Strength,Body weight,,Chest|Triceps
dd89ed0b3f3e775500c4e7a9c445e0585bb0a07b7841bc4de776db0199bb9c8c,,628812,Dolphin Pose,Stretching,Body weight,,Calves|Glutes|Hamstrings|Lats|Shoulders|Triceps
128db41d059ba4ec7faa772de2d55ed34be0335ecf7c251a21ebe9ab3968a305,28412,267712,Donkey Calf Raise,Strength,Body weight,,Calves
6be944d7b01f95ba07cc3e16cd782d21c27f4c0890165f87e578d0b7039171aa,,631412,Donkey Kickback,Strength,Body weight,,Glutes
81c163d436323c7ec83c6a2dd85f470321708a7d66694f372a7a3241e496deaf,529012,,Doorway Biceps Curl,Strength,Body weight,,Biceps
9e33c2162e220e1a36462d980e7e387465ac5c9d3d56b36160360496f6fa1054,,576512,Double Diagonal Reach,Aerobic,Body weight,,Abs|Chest|Glutes|Hamstrings|Quads|Shoulders
2b4cbaa7687a71b0188fae13d5e703a68d419b670bfeadbb5b77728242149807,503812,,Double Jump Rope,Aerobic,Rope,,Calves|Glutes|Hamstrings|Quads
29523e2016a126a5883916b1222aac2ad007624a92a55c73d21c067fbc253b2d,370412,,Double Jump Squat,Aerobic,Body weight,,Calves|Glutes|Hamstrings|Quads
597b7e0929da7e6bd8fe122c07e929a7ac03b3d36d1b9697e9266fa3196cb6ec,534512,,Double Knee Drive,Aerobic,Body weight,,Abs|Calves|Glutes|Hamstrings|Quads
c3e37eb3c7e2eaacbd34df17e65030fcd78cd389377262f55a863b93bc47cb66,640512,,Double Knee Side Thrust,Aerobic,Body weight,,Abs|Calves|Chest|Glutes|Hamstrings|Lats|Quads|Shoulders
2d8b23be53adea6bc8aceb553df0b0a25c6e61d7064957830699dd80499496be,,529312,Double Knee To Toe Touch,Aerobic,Body weight,,Abs|Calves|Chest|Glutes|Hamstrings|Quads|Shoulders
3fbcdb421671d12b6a877bc1ec53b172a4bcdfe1713011d308137742da09912a,195612,,Double Lean Back Quadriceps Stretch,Stretching,Body weight,,Hamstrings|Quads
8fcc7793cea65dc2d5f5ff47450c6d3e3531a1aaf8584ae85b40b66c3b4478fa,,284312,Double Leg Stretch,Stretching,Body weight,,Abs
66e47922655d5dd100ba4e831c07f001730600ebc15291695d88639625e2d670,,589012,Double Pigeon Pose,Stretching,Body weight,,Glutes|Hamstrings
5f08ebf2ad61a168955e54838af020712c09ac2c5f709bf99cd28ac3ff44039f,,630712,Double Pulse Elbow Fly,Strength,Body weight,,Chest
2a185d884559e15c679d3af3b62daf0dad72a223bd8e7f035aa69327f842708a,583312,568712,Double Punch Front Leg Lift,Aerobic,Body weight,,Calves|Chest|Glutes|Hamstrings|Quads|Shoulders|Triceps
788110e3b014648713916b0dc66e85e1425cb04670378cd886a5bd2a148636de,516812,,Double Under Jump Rope,Aerobic,Rope,,Calves|Glutes|Hamstrings|Quads
45d6e193fcff90cbee6f36b2f959f23909eaf559c7d59dfef67669e53470039d,,628912,Down Dog Knee to Nose,Stretching,Body weight,,Abs|Calves|Glutes|Hamstrings|Lats|Quads|Shoulders|Triceps
97e419b17acdf79f31058adfeab836a382351dc1d6905891e2a8ba64e4c138ec,465212,,Down to Upward Dog,Strength,Body weight,,Chest|Glutes|Lats|Shoulders
3bb5ea45b8b69488fdd4fa9c0d98f7b04e4ca4f01cec776b2c698c411a31713b,521812,,Downward Dog,Stretching,Body weight,,Abs|Chest|Glutes|Shoulders
7bd3080067edb564c826bcca6ec78b38b70010d7371da7b90fe915a0414bbfcd,,641612,Downward Dog Leg Raise,Stretching,Body weight,,Abs|Calves|Chest|Glutes|Hamstrings|Lats|Quads|Shoulders
dda997990e47b2fef730631871c27a813fcb69b430ff5e8b600c36da6895cd82,561212,,Downward Dog Sprint,Aerobic,Body weight,,Abs|Calves|Chest|Glutes|Hamstrings|Lats|Quads|Shoulders|Traps
f25810a26baf3bd3ac6179b39521a3a0cf10cdcb35188d69b2f48579f077a5da,346912,525112,Downward Facing Dog,Stretching,Body weight,,Abs|Calves|Chest|Glutes|Hamstrings|Quads|Shoulders
70dc91020ff4fce96ae22ff00278def41e900192956cae17934f1780642f2a8f,,510912,Downward Punch,Strength,Body weight,,Shoulders
5674b2091f00eaf6d0233c6c162a0bb52c168449d02d0f4eee9b02973d51c312,,585212,Duck and Side Punch,Aerobic,Body weight,,Abs|Calves|Chest|Glutes|Hamstrings|Quads|Shoulders
a4f30b281081e913c1c9fb1b24b33db037c931bcb3884658b4765dec10e83d06,546912,,Dumbbell 21s,Strength,Dumbbell,,Biceps
db2feefaa974b4180a0bc2aa207f4cadc9d2c80b9e6b63892165bbac0e425e23,369512,,Dumbbell Alternate Bench Press (high start),Strength,Dumbbell,,Chest
530e43b702c4bf8bc0c643e6b8eecfc3164dc3d55f3e35b1e5ce9f4b4c7d6c23,28512,258412,Dumbbell Alternate Biceps Curl,Strength,Dumbbell,,Biceps
a4f1a7140cc6e223f3a696ded32197512761319a9a1deacc94c2f9babf37387c,614712,,Dumbbell Alternate Hammer Srtict Curl,Strength,Dumbbell,,Biceps
92f6c11fb406f68a3144f85b605295f72be5572116c10a59ccbda3d06c2fb461,119612,376112,Dumbbell Alternate Seated Biceps Curl,Strength,Dumbbell,,Biceps
d27f90dd9d5fee0cdb17da4fe5e04daf9d99f5b2277a2a5f53b56050b79d5859,164812,,Dumbbell Alternate Seated Hammer Curl,Strength,Dumbbell,,Biceps
507302251b12f2373a6245418b73f2f42c709070260b61d28e2bdeac7b1820b5,397212,307312,Dumbbell Alternate Shoulder Press,Strength,Dumbbell,,Shoulders
45a47e032f9d32a6f2117cae0098cc34e28df25f1896339b35a997312e36f00c,28612,,Dumbbell Alternate Side Press,Strength,Dumbbell,,Shoulders
5666697647999579859adabf4314f67ea03038a5e4cbeb5d5cc26d75fc584c64,298212,298312,Dumbbell Alternating Floor Press,Strength,Dumbbell,,Chest
e326375498044e8139914cb516bdb35d6b6791d44d958ac2387eed8701bda4fc,31312,223912,Dumbbell Alternating Hammer Curl,Strength,Dumbbell,,Biceps
beb04975d7f8d9d5e2ec4075a7c88d34a22a8ac5216b0373eb2360e214279068,213712,238612,Dumbbell Arnold Press,Strength,Dumbbell,,Shoulders
d155ad55e381a61cae12905c966028c9e1a954b70b6b9c83e64febdee43df040,28712,,Dumbbell Arnold Press (V2),Strength,Dumbbell,,Shoulders
e124ec4fa57270b766e469e7d3c1ddc561ac887f8948a747141af08d20da1ab5,28812,,Dumbbell Around Pullover,Strength,Dumbbell,,Chest
f79cda697acc66975000bcbc26f9dfe3278ffe8996b6f34e28337b59609e92d4,444312,,Dumbbell Assisted Bulgarian Split Squat,Strength,Dumbbell,,Hamstrings|Quads
e29d920bf2149effcd60dbcfc9a95f0888a3e972e5bb010159d45f52f1e0253c,403012,243012,Dumbbell Bar-Grip Sumo Squat,Strength,Dumbbell,,Glutes|Quads
545e96991a756b1179accb4a76a9fbe12e19e468b58d596c2f0e4459bd7e3bfd,161112,375612,Dumbbell Behind Back Finger Curl,Strength,Dumbbell,,Forearms
8461c6b4f5722148a2935994c91add26fa5b537ef894e9fc8e57a895fba601fb,28912,225412,Dumbbell Bench Press,Strength,Dumbbell,,Chest
5086154c781a2eaa4963b1c52f85b07a122b27d736ff1775d0fe42ac93a48afe,29012,,Dumbbell Bench Seated Press,Strength,Dumbbell,,Shoulders
481071ee7d0f97b0ebfc0713a7f828c87e1dab741c03f1da58b1b4190d876cb7,29112,221712,Dumbbell Bench Squat,Strength,Dumbbell,,Glutes|Hamstrings|Quads
3ee912b6df87d1a217a1586f910987b7252bd3fc6feece08a18a1645c8b25004,566512,,Dumbbell Bent-Over Face Pull,Strength,Dumbbell,,Shoulders
c15183a862c160fcf8a473ca9283f3cf7c205feff77d2aff3f2ea1216114602b,379912,232712,Dumbbell Bent-Over Reverse Row,Strength,Dumbbell,,Lats|Shoulders|Traps
dfaf2af14b2728fc506843aaea897bc84ab764a4e41d385cd8aaa415ee3a25d1,29312,248212,Dumbbell Bent-Over Row,Strength,Dumbbell,,Lats|Shoulders|Traps
2e50853afea665b10f94ec5d7fa07efe3296291a385ba9863b23c2d64722da85,614612,,Dumbbell Bent-Over Row against Wall,Strength,Dumbbell,,Lats
55adaca76dbaa32972ee04c84a582e47b98acdf18e626a8edeff600ffcd7065b,29212,239312,Dumbbell Bent-Over Row on Bench,Strength,Dumbbell,,Lats|Shoulders|Traps
f62073efe6d6792c0b96d1281a50a699202a60df825d869d43aaafb076a5706f,613612,,Dumbbell Bent-Over Scapula Row,Strength,Dumbbell,,Traps
d69e8722ca378e320648edebcdf0f0b93a609ec1f5a1b704751f7738aca47866,29412,248312,Dumbbell Biceps Curl,Strength,Dumbbell,,Biceps
b5319b25a554507dd9dccdd8455bef8e5eac1051c840352377b259dfd932f9cf,523912,,Dumbbell Biceps Curl with Overhead Extension on Stability Ball,Strength,Dumbbell,Stability ball,Biceps|Triceps
59ffe66f252f38daf6c6d917e78895391ac3bf4a1e12aee9df080b90af25e957,41012,229012,Dumbbell Bulgarian Split Squat,Strength,Dumbbell,,Glutes|Quads
807e56a5d12e4fa7432ec1d1b1b87d72a88a360799675ea435fda79bbcea5b9a,120112,,Dumbbell Burpee,Aerobic,Dumbbell,,Abs|Biceps|Calves|Chest|Glutes|Hamstrings|Quads|Shoulders
231fb7311462781f5a89bb2d95c58786effec0db12dce83e2b6706db7833ac13,368512,,Dumbbell Chest Supported Lateral Raises,Strength,Dumbbell,Special Bench,Shoulders
8da85b5104e0e59f1b399cccc62de721422464d14c7893c00d4c3dc9bcda2933,29512,578712,Dumbbell Clean,Strength,Dumbbell,,Glutes|Hamstrings|Quads|Shoulders
4a34682c69e4833935a0c547808710695e9d08d9d031e31e8aaf1d8d4b5ce51a,340012,,Dumbbell Clean and Press,Strength,Dumbbell,,Abs|Biceps|Calves|Chest|Forearms|Glutes|Hamstrings|Lats|Quads|Shoulders|Traps
3f7e7c36a7dcaebe1e38df07b3087f2ed35a03b134792b87bed9f5e94d1cc963,415212,,Dumbbell Close-Grip Curl,Strength,Dumbbell,,Biceps
1bb007ab2e20bac086a35847f7be132f7adfa1e893f6db89af4897f60033c019,173112,264512,Dumbbell Close-Grip Press,Strength,Dumbbell,,Triceps
94d2bf1bb6d8f605c9027043250dd00b13dd23280cad0664b76ac6dff211046c,29712,237212,Dumbbell Concentration Curl,Strength,Dumbbell,,Biceps
038f605f757cc41e40060ff039927d3f292419ff38bc4038663df1d27760f82f,473212,,Dumbbell Cossack Squats (V2),Strength,Dumbbell,,Hamstrings|Quads
c6d0303c7858885adc2c96ee9f402b088fa4444818c17150eadb0c346f8451ba,29812,,Dumbbell Cross Body Hammer Curl,Strength,Dumbbell,,Forearms
ecbfab72bf37fd66eb11a86a13000d3a8b73569dbdf30286e9e50502597a44b8,165712,264612,Dumbbell Cross Body Hammer Curl (V2),Strength,Dumbbell,,Forearms
4aa9daaee61116f98a49348baeec2d0b0d1b6d0707436a515e2c11eb499c5c3e,546512,,Dumbbell Crunch Hold with Legs Off,Strength,Dumbbell,,Abs|Quads
df1d06c1e37bcfb949ca05e0a38c11c213859ccffd777c9f99823ddc86afd2da,213612,,Dumbbell Cuban Press (V2),Strength,Dumbbell,,Shoulders
80b2606ff55b720674eea4dff57a75bc6450c5755c7ece886df133b905ec879a,588412,,Dumbbell Curl Press Extension,Strength,Dumbbell,,Biceps|Triceps
126bd9984446d767b6eeb9ec611779dadd0d4f9dee86cb76a607af202e9461a4,,334712,Dumbbell Curl to Press,Strength,Dumbbell,,Biceps|Shoulders
335bde76bba864f9f2c63215a2033e15984aee734c332c8190107f24fd7c8269,,88112,Dumbbell Curtsey Lunge,Strength,Dumbbell,,Glutes|Quads
b08df97d59f13771252601b2471b0e6fd3717eb62bcb6c7af585f3cbe9b6c8bf,30012,248412,Dumbbell Deadlift,Strength,Dumbbell,,Glutes|Quads
82070783dfe07cb9aa007123f74d3908e3689fe82665fecf07a8a674a7071fa4,30112,245212,Dumbbell Decline Bench Press,Strength,Dumbbell,Special Bench,Chest
76a426b75abe379c6cee6fb36cef3d2b76d31197560160cb86a96f883ea4d1e7,30212,,Dumbbell Decline Fly,Strength,Dumbbell,Special Bench,Chest
79a9abb20b06cf38bdff29fdd988e4755df92d7e368f84b9f8db739c5a28d570,30312,,Dumbbell Decline Hammer Press,Strength,Dumbbell,Special Bench,Chest
176f047d059c1996686939383caad94af9fe5d798063aeff5acef3754040b483,161712,,Dumbbell Decline One Arm Hammer Press,Strength,Dumbbell,Special Bench,Triceps
62961a0b2679fa65f1d3e9bc48e35dcbee2a13a575c2b4c3cfadfe843192cc14,473412,,Dumbbell Decline Overhead Sit-up,Strength,Dumbbell,Special Bench,Abs
cf364d0d0492ea75c4934c7f840d69fb292ee590fbaf05720bcf218e81d9ff72,30512,,Dumbbell Decline Shrug,Strength,Dumbbell,Special Bench,Traps
4ea0e57e0fd0189de187cd43420a58d404e0a037f4e3679b9e5c315d2bd439eb,473512,,Dumbbell Decline Sit-up,Strength,Dumbbell,Special Bench,Abs
8fa77a6ca7136f465779bfaef31a2ae00b63973b93fb259c51147d080532064f,30612,,Dumbbell Decline Triceps Extension,Strength,Dumbbell,Special Bench,Triceps
4c91a71c3c248c3c62a0cd69f6f67bdac79954eadce2a5f163bf28ace35381f0,30712,258512,Dumbbell Decline Twist Fly,Strength,Dumbbell,Special Bench,Chest
1451fef9ecb0817a069943682d149b5cfa0f9f131521159d8605d14560312659,368712,,Dumbbell Drag Bicep Curl,Strength,Dumbbell,,Biceps|Shoulders
32c76ebe20919bbd011fef1c131365b629ed73852360cf8a699c640f9381a232,592412,,Dumbbell Drag Curl (V2),Strength,Dumbbell,,Biceps
f5c5397ec7d6c55ea2d21e4b10e61a4ec16574fc67b610bbe1ca3580ec83a44c,368412,,Dumbbell External Rotation,Strength,Dumbbell,,Shoulders
597c2c26816cdefc42ef4d68f9c7eefb693a807df6ce269866e5f5fcc4583364,412512,,Dumbbell Face Down Lying Shoulder Press,Strength,Dumbbell,,Shoulders
7150a985605aaca98eaf628713fcd0350d705e1820056a27256aadd308aabb00,414912,,Dumbbell Floor Fly,Strength,Dumbbell,,Chest
19da492957f22ec3460e585cd6395b5500c6d2df0aacebe4be5384762e3c6939,30812,225312,Dumbbell Fly,Strength,Dumbbell,,Chest
65c1a8b0ef4e4a07b5c33d91b5cadccb8f813e3178b8891f2e9967238996c8a7,127712,262012,Dumbbell Fly on Stability ball,Strength,Dumbbell,Stability ball,Chest
293ad632cb7ce591a1b3a19d2f7145fe7cd12d6934fdd485e70673d94fc02dfe,616012,,Dumbbell Frog Hip Thrust,Strength,Dumbbell,,Glutes
8243b40fa57385e54c5d4ac3cc392411608305d9da73ddff92478e5e7c023482,339812,,Dumbbell Front Rack Lunge,Strength,Dumbbell,,Glutes|Quads
2be4ed420ecc09c1285f9ce3e988c4b1645c6a404d6552fc4ffdbafe4a851533,31012,223312,Dumbbell Front Raise,Strength,Dumbbell,,Shoulders
80bee80b7aff226da7cb4c8b6302aaefa81d5cf194f808c4278d976c402c1ce8,30912,,Dumbbell Front Raise (V2),Strength,Dumbbell,,Shoulders
fe22343129820e308242e32eee5f6d5a63d3652a98938db1a58f838c176fca3e,296612,296712,Dumbbell Front Squat,Strength,Dumbbell,,Glutes|Quads
b84127466f3d01c71e8530adaaeaf12da94204f194cdf2b129ce888c7bb932ce,339712,,Dumbbell Full Swing,Strength,Dumbbell,,Glutes|Hamstrings|Shoulders
68419e4723e8b85388fb2770561cecbc64b11fe670171975e8c49619b5022d26,333512,342712,Dumbbell Glute Bridge,Strength,Dumbbell,,Glutes
8a898cfc0116febdc7328a0a910bf29053d5e635105e41dfaa1159bad7be183c,368312,573112,Dumbbell Gobelt Curtsey Lunge,Strength,Dumbbell,,Glutes|Hamstrings|Quads
d28c2986f34ef19095c5a83dede9fc50fbd8718bd4c34d7f4fb36e82a7f18929,481612,,Dumbbell Goblet 2 sec Hold Squat,Strength,Dumbbell,,Glutes|Quads
cf7d05b2bbfbfeda2c4644c487e019e694784490abbffbb72c1c9bda285464a0,502812,,Dumbbell Goblet Split Squat,Strength,Dumbbell,,Glutes|Quads
c1f6672b3448b47fc0f965aa7254b55bdf0e81d3bd25314a0811f38bc9084fe8,,295512,Dumbbell Goblet Split Squat Front Foot Elevanted,Strength,Dumbbell,,Glutes|Quads
fe2698cf0c5b6f695a8bba66bbd14a2d6c3a5a42a5285471b1d14d4507587847,,295612,Dumbbell Goblet Split Squat Front Foot Elevanted alternative,Strength,Dumbbell,,Glutes|Quads
18696516dfd021aa10d078719a86b357bde7fc1158870f617181c811c189c3bb,176012,228112,Dumbbell Goblet Squat,Strength,Dumbbell,,Glutes|Quads
56c662f39275a777718c2e0aae02b45f7448afe6721203e55e62ee37d06ad53e,642412,,Dumbbell Good Morning,Strength,Dumbbell,,Glutes
8178d3204cb1a63c5db95d3c6fff14b539275580dc956aecae73376d5287c679,31212,248512,Dumbbell Hammer Curl,Strength,Dumbbell,,Biceps
8aba9ac75df0bfb80fab2a2d5b87f77d7bdd4fc75c73f887b4e411793df1a955,592112,,Dumbbell Hammer Preacher Curl,Strength,Dumbbell,Special Bench,Biceps
e5a6823d911a009455ed77017739e1acb5354e95e7f9c0d87780dd448aac20a8,592012,,Dumbbell Hammer Srtict Curl,Strength,Dumbbell,,Biceps
688716bd4c9292b987f44d326efca6f09d725823f759a5695767fdf28b9302ea,332012,390112,Dumbbell Hammer-Grip Incline Bench Two Arm Row,Strength,Dumbbell,Special Bench,Lats|Shoulders|Traps
2108a8d01c4e9ba6f63bf638144b735e211431bb80572f821b68f73e6414974c,473912,,Dumbbell Hang Power Clean,Strength,Dumbbell,,Abs|Biceps|Calves|Chest|Forearms|Hamstrings|Quads|Shoulders
78e78dbc3d6c9fd4394598782d1e69dc034b834260563c967b5a59c1066c9fcd,166412,,Dumbbell High Curl,Strength,Dumbbell,,Biceps
389343a9765bb1f3bff8b0ec98077128bc637b3f50e81d6ac353db234f0e3c5d,532912,575412,Dumbbell Hip Thrust,Strength,Dumbbell,,Glutes
bbaa1595bf3b82c94219467525cc5a8c3c878effb0cfcf8233686b61545adc8f,474212,,Dumbbell Hip Thrust (V2),Strength,Dumbbell,,Glutes
d0f4b68e287659355cf91e996db853386dc467bff41d9aae84262c02a10efcde,368212,,Dumbbell Incline Alternate Bicep Curl,Strength,Dumbbell,Special Bench,Biceps
756066fe1bafbda299740b5737a7146d8f8effcee99147151249f33ad9aa27a8,123312,,Dumbbell Incline Alternate Hammer Curl,Strength,Dumbbell,Special Bench,Forearms
1485e9d80f16be4e252020b9ffef5398cb994fe2df04fd3e04cf4c1aafee71ac,354512,,Dumbbell Incline Alternate Press,Strength,Dumbbell,Special Bench,Chest
1bf36417f724498196fbed0727c1d70119158e9840dab05c6efadab30103b120,31812,,Dumbbell Incline Alternating Curl,Strength,Dumbbell,Special Bench,Biceps
2e9be8d031e41e45b1472111d57a60e4840c7142b5a78bc27388e856830e9231,31412,244112,Dumbbell Incline Bench Press,Strength,Dumbbell,Special Bench,Chest
792245fd259d741118791704bd87c55746a7966ee28d7ab30f927f61ea7eedc7,31512,249312,Dumbbell Incline Biceps Curl,Strength,Dumbbell,Special Bench,Biceps
7d32c15aae1bb8ca8e56922177d6f72cd574df77a27f1b0ebc98e7346b27883f,31612,,Dumbbell Incline Breeding,Strength,Dumbbell,Special Bench,Chest
ffd5f29d922e706e2fcc497c639061a2943233daee920d21e41b969cf163f0ab,401512,,Dumbbell Incline Close-Grip Press Variation,Strength,Dumbbell,Special Bench,Chest|Triceps
98408713ee2fbd29022ad51d93c40140c395811dce82a7d9a40ef4fc6edf236a,31912,251412,Dumbbell Incline Fly,Strength,Dumbbell,Special Bench,Chest
cfc251c13ed5bfa50a2f0f80ff05f341ee26913179bdab6971a4ffc0ece69b1c,127812,262612,Dumbbell Incline Fly on Stability ball,Strength,Dumbbell,Stability ball,Chest
98d569f8189a2116dd7529c13210669c7b6594355ca89bb76522bf8edad5cf59,117612,,Dumbbell Incline Front Raise,Strength,Dumbbell,Special Bench,Shoulders
84929365205d4c1f3a93691dadfa5cf077e200c7aea81eb598154c169cd82246,32012,249412,Dumbbell Incline Hammer Curl,Strength,Dumbbell,Special Bench,Biceps|Forearms
5994e6317d0a322db2adb25d6a0ed50f3cb5826672f36521233390155428ae62,32112,250412,Dumbbell Incline Hammer Press,Strength,Dumbbell,Special Bench,Chest|Triceps
6ed2c35e74892cf9cc87b414e924eb44ea4eef12d5b3db480bc02d7a909a9474,32212,,Dumbbell Incline Inner Biceps Curl,Strength,Dumbbell,Special Bench,Biceps
f8d77e643e1fa7f8e3c5038237a35f0e0f81304bd57154ddd717afa732b48fbb,616212,,Dumbbell Incline Low Fly,Strength,Dumbbell,Special Bench,Chest
00c0b0111283b2a5f6d19d7e4ba5a38c3a9ba4fcb0289ee0ad7f0a01a9fa5c5d,161912,,Dumbbell Incline One Arm Hammer Press,Strength,Dumbbell,Special Bench,Triceps
0a2a686a7bafbe8127c46fb8704fae0bcf10cfcb92ce22c7e648c2eee6a4f36b,32312,,Dumbbell Incline One Arm Lateral Raise,Strength,Dumbbell,Special Bench,Shoulders
9a932dac88eae06c36011d64e709d12ee3747b90a00129c56274e27957f86b94,128112,,Dumbbell Incline One Arm Press,Strength,Dumbbell,Special Bench,Chest
2f80a880957a952196a25e71d4c350b60db44e63e6574f8eaad5acbdfa8e8b12,32412,,Dumbbell Incline Palm-in Press,Strength,Dumbbell,Special Bench,Chest
ec85f74aaf50228b5a24bcf07a50ce0bb37c2562721ef1d8548a3c9af635b1f5,32512,,Dumbbell Incline Raise,Strength,Dumbbell,Special Bench,Shoulders
98fb60e1a8ab677b82878e6a8eee84e96456cf0a5ba98757a7f83b934f24109c,32612,250012,Dumbbell Incline Rear Lateral Raise,Strength,Dumbbell,Special Bench,Shoulders
ef5c40be3ae0638e893723d84a47703c18cfb2b369fd88f5b4f5acda01559b8d,32712,251012,Dumbbell Incline Row,Strength,Dumbbell,Special Bench,Lats|Shoulders|Traps
74a665b855e9bfe92094d92c454d125e6a7540f2e6bfd6f73fd6f439c280fa18,32912,393812,Dumbbell Incline Shrug,Strength,Dumbbell,Special Bench,Traps
c5284870a7d4f12de3fdc7b22d140bad99c91cbad2ff53e36866fdb729d3dfe7,506712,,Dumbbell Incline Squeeze Press,Strength,Dumbbell,Special Bench,Chest
80b7602da2ecd1e377a8292bac8cd9e27f017923ddc6e23c6739c2a732c660c1,31712,376412,Dumbbell Incline Straight Curl,Strength,Dumbbell,Special Bench,Biceps
9d197610f6b69bdc2d1da100cf0e896cd87f3b1fa620a7908eb3826b0048aa07,33012,250712,Dumbbell Incline Triceps Extension,Strength,Dumbbell,Special Bench,Triceps
db5a68a466c85571e999c332d6a7640fd3bfd50780a935bbe7389dd1487873c6,621812,,Dumbbell Incline Twist Press,Strength,Dumbbell,Special Bench,Chest
be098b66d04c5702d8e65603ebd88894dbd1184ca868d72cdec97ef3141a2c5f,33112,,Dumbbell Incline Twisted Fly,Strength,Dumbbell,Special Bench,Chest
c86c73c4352fb4e9f5ea8da2c16de8495e7dbc5b0ef2e1eea98371fb1927719f,173312,,Dumbbell Incline Two Arm Extension,Strength,Dumbbell,Special Bench,Triceps
fd004afc02ce3d837e8475d82066586db4121d5dcb2c3e6f020a40a20b982625,354112,,Dumbbell Incline Y Raise,Strength,Dumbbell,Special Bench,Abs|Shoulders|Traps
d66305789fb0bb8eca00e7e1ec06c1ef997eda2898e392056705108b481be6b9,33212,360112,Dumbbell Iron Cross,Strength,Dumbbell,,Glutes|Quads|Shoulders
6786efa356dbfbc74c77b0532e8fc7bf559a8dba739efa09fed138e5d2ff0264,155212,,Dumbbell Jumping Squat,Aerobic,Dumbbell,,Calves|Glutes|Hamstrings|Quads
27bce3a91c70a8cd8f30773db0c6d884b9ec74bbad2e1561e2f4bd784a4513fb,33312,243712,Dumbbell Kickback,Strength,Dumbbell,,Triceps
8b653fdec66911e36789abce0185c8e43e61e640ef1ec853f83dd3668641e67d,474512,,Dumbbell Kneeling Arnold Press,Strength,Dumbbell,,Shoulders
916ec0d43d4fb449e3bc5c0159befc1b6aeeca1d00f8d356ef749cf4a784ea4f,368612,,Dumbbell Kneeling Hold to Stand,Strength,Dumbbell,,Glutes|Quads|Shoulders
d66de31d0ab5b75ac8f2661a87a3a751c98de3f6b75ac7bc7505e10b39edfd00,506412,,Dumbbell Kneeling Hold to Stand Clean-Grip,Strength,Dumbbell,,Glutes|Quads
7042a013fc6f20e46062b5d1db93651dde463e0319c4df721674a2a5ae0c8266,627212,,Dumbbell Larsen Press,Strength,Dumbbell,,Chest
2b4c70f07bee93197a51ed94af716112a7eb623c18657010072724e8b7653233,617812,246812,Dumbbell Lateral Step-up,Strength,Dumbbell,,Glutes|Hamstrings|Quads
865b46fa1e9a7d26874e03b9471773ed4af7cca9c059ced9391699fad6b2cfac,33512,,Dumbbell Lateral to Front Raise,Strength,Dumbbell,,Shoulders
fb5ed07100d438a4080aa61ca205c4c28b417111864c5b546b0d1411a8c35f02,391112,,Dumbbell Low Fly,Strength,Dumbbell,,Chest
da9bc1334804361688abf9baf306a17355c5676b635711b67611b68bef6c3c0d,632812,,Dumbbell Low Split Squat,Strength,Dumbbell,,Hamstrings|Quads
0825f8c5284352729942482837ab9a7ed592c3d8bbd07b0c82d206c10b648737,474612,,Dumbbell Low Windmill,Strength,Dumbbell,,Abs
636c3d5d9591acea626a17d2e69302dfbfe86422c68eb18c31099e9d586a9153,33612,221812,Dumbbell Lunge,Strength,Dumbbell,,Glutes|Quads
0c91c6c97f0b60c5d8210dbd24dfb838ecb21d02e17f7b5ab4bd8327ec6cf4c3,165812,,Dumbbell Lunge with Bicep Curl,Strength,Dumbbell,,Biceps
ab02292f9abd4a362758615ecda551f45fb18e26a68a608fda0c43d0ec2da447,172912,394012,Dumbbell Lying Alternate Extension,Strength,Dumbbell,Special Bench,Triceps
ad601e42499bd831dba9a74131d308df2a6358ade01f8791af10e4ab13a8becf,33712,,Dumbbell Lying Extension (across face),Strength,Dumbbell,,Triceps
bedd160c948cb70c6716abc100b83bc334b72cef7483df46871cac616cad50fe,33912,266912,Dumbbell Lying Femoral,Strength,Dumbbell,,Hamstrings
8e8013674b41467ca419d4c0e3deb31d2bc8c54f0b84a60cf3264355650e32b4,34012,248612,Dumbbell Lying Hammer Press,Strength,Dumbbell,,Chest|Triceps
6fa5787f35c84deabd2b232234f3f85b445e0faa08bd110f1463ee7ccc0253bc,117712,,Dumbbell Lying Hammer Press (V2),Strength,Dumbbell,,Chest
86eef92a999a098fce4e8fa035ffddfe5d37edebc1cffae21a47062a970e4bba,429212,573212,Dumbbell Lying Hamstring Curl,Strength,Dumbbell,,Hamstrings|Quads
c848db353729a085fff8ff888db95f465d2bd296b754e8964ec6c0c5bc842e1c,616112,,Dumbbell Lying Leg Curl,Strength,Dumbbell,,Hamstrings|Quads
5b17ac403b35844c41b3faae5f0f760c5219ea79a11d136aecadd798a3a2e739,34112,,Dumbbell Lying One Arm Deltoid Rear,Strength,Dumbbell,,Shoulders
cf30ee2468c8c65aca474a75543ce344f1f5f5c1ba40b4bad8832c18ea17514d,34312,,Dumbbell Lying One Arm Press,Strength,Dumbbell,,Chest
90bbe7f1b65989152a26442f8fcd351447e2b395895d2d69bdef75750cf970e0,34412,,Dumbbell Lying One Arm Pronated Triceps Extension,Strength,Dumbbell,,Triceps
28dee3987a7b09c5fb2ddb04fa67b02297d7f0f1c85ab6d598c656f21251a137,34512,,Dumbbell Lying One Arm Rear Lateral Raise,Strength,Dumbbell,,Shoulders
94aee5fc0a676699c4466aeb152a22de6996dfd31478e50ee6c96e5d54008c21,34612,,Dumbbell Lying One Arm Supinated Triceps Extension,Strength,Dumbbell,,Triceps
79a0e8d4158aeb39b4a386c997087f4c954d367eb53e49bc0d02221ae2331f09,173512,,Dumbbell Lying One Triceps Extension,Strength,Dumbbell,,Triceps
75ec7d2011a2dbee7b5ed689e15fc310d702b1db596b63ce3723471e35bd277d,270512,,Dumbbell Lying Pronation on Floor,Strength,Dumbbell,,Forearms
2082541226af1ba67844599484acc97cfaf87891f1fa4df2a5b8c24fae072d42,128412,,Dumbbell Lying Pullover on Stability ball,Strength,Dumbbell,Stability ball,Chest
1874e385b678d706aa180d163986b6fa50202824306a8842792e8453e21219f9,34812,,Dumbbell Lying Rear Lateral Raise,Strength,Dumbbell,Special Bench,Shoulders
77dbaee8eb95ac16db649485f34307386c2c44754d142b79615d14001c8d06fb,35012,360212,Dumbbell Lying Supine Curl,Strength,Dumbbell,Special Bench,Forearms
d479ffb111665cfb1f7b84513851ea0b55de0da2e358c10b751c3af325a7bf4e,35112,225112,Dumbbell Lying Triceps Extension,Strength,Dumbbell,,Triceps
787756c462d5f2163c09c9809c55ade590fd10066f23c0a938ac3f6a9d369412,,258912,Dumbbell Lying Triceps Extension alternative,Strength,Dumbbell,,Triceps
acc55ff501f38445826fd816a764ab7acdc75efd0d617b62d7673b8cd0ef1517,,273812,Dumbbell Lying Triceps Extension on Floor,Strength,Dumbbell,,Triceps
70092f93bfd69cdb1ac72a8ccf21e81772fcfcb94fc1c6618c7291b257b2c97f,474712,,Dumbbell Lying Woodchop,Strength,Dumbbell,,Abs
81a1d5db24fb1c6da82fa172a45e04fed63c25e01d4f3a2ac5eacc0ffdb6be33,366812,,Dumbbell Lying on Floor Chest Press,Strength,Dumbbell,,Chest
fb016ef1fac3dc2fc1fe644190b926a88c5b6f4eeeae284e9935f092f311369a,331912,342512,Dumbbell Lying on Floor Hammer Press,Strength,Dumbbell,,Chest
43da25206e8037e4809a23e12b671d0d2dc24fa240a03f6fa039b5dd3d17f5b6,247012,,Dumbbell Lying on Floor Rear Delt Raise,Strength,Dumbbell,,Shoulders
fd3f3e552583384f16d2c3acce4b3dc5c843ffee54f963ada250a4a0b40500e1,509712,,Dumbbell One Arm Alternate Decline Bench Press,Strength,Dumbbell,Special Bench,Chest
a7715cacdc720675a9cc49301466730b2dad9dbdb75efe64dbc3f7388d9ae1b6,509812,,Dumbbell One Arm Alternate Fly,Strength,Dumbbell,,Chest
c80b0d1e9d6365ec6272510cee38fd0245f404e2f9ef4941e4ea8ab4e6dcd58c,333412,,Dumbbell One Arm Floor Fly,Strength,Dumbbell,,Chest
3627929a93437590f19956fd53b4cec7194153401b203975e29c7d228ed380da,509312,,Dumbbell One Arm Floor Press,Strength,Dumbbell,,Chest
ce2eabaee55dccdc85ff625aabe9457bc0a33648df89b06bb04a9a72bef68d50,391312,,Dumbbell One Arm Front Raise,Strength,Dumbbell,,Shoulders
c42ec9f89237c6de4b02b411f88dcd27f2176af14ccadff98bc3373fb1d460ad,166312,,Dumbbell One Arm Hammer Preacher Curl,Strength,Dumbbell,,Biceps
c47e2c80340e6ad55cf37bab7af6cfe87547d64757efdeff9e62b9debab6fbdb,35412,,Dumbbell One Arm Kickback,Strength,Dumbbell,,Triceps
33222fa6747148ce22f7766fe7e861f5fbcb141bbf82ae7f62b856ee9a4accb7,35512,259112,Dumbbell One Arm Lateral Raise,Strength,Dumbbell,,Shoulders
10275ce798c30fcd3994f9949e69eb05414031e516b2c58d7974ca6f623addc6,,241512,Dumbbell One Arm Leaning Lateral Raise,Strength,Dumbbell,,Shoulders
23e6e466c8d65eff9780f5386331720a022075b07e9f7939d0fa98ab1154e363,415012,,Dumbbell One Arm Low Fly,Strength,Dumbbell,,Chest
cf7e432103b6967ec471d656832c4bf936aba96e462626d6f22bf5c49101d5a1,594412,,Dumbbell One Arm Neutral-Grip Front Raise,Strength,Dumbbell,,Shoulders
f0768ffce46819b95e3797b3a2e224e5a19d3ac3a8d2f9c7dd09b94305c27fac,354812,,Dumbbell One Arm Overhead Carry,Strength,Dumbbell,,Shoulders
e055821f8f55e791b3c95de8e21acdb2caa082c19174ce5b09582fff3a34d5b8,509512,,Dumbbell One Arm Overhead Lunge,Strength,Dumbbell,,Glutes|Quads
b322a3ded37b5b9283d23259543bc62eff87419b907d7383892d657c91c6b89d,,308412,Dumbbell One Arm Preacher Curl,Strength,Dumbbell,Special Bench,Biceps
3f8bc16570806ad7259e54ade6f213e702305258c00fa282f60ed92ef6632afb,141412,,Dumbbell One Arm Reverse Preacher Curl,Strength,Dumbbell,Special Bench,Forearms
6edeba2c481893f1b48d2626346bd135a1b94aed4f3cc9bb7332cca8d4108744,123612,,Dumbbell One Arm Row (rack support),Strength,Dumbbell,,Lats|Shoulders|Traps
18c83a82fccb6c49c83a1f0c5d8c2ce666e2f740575f80ae2a57355e22cb8e92,141512,,Dumbbell One Arm Seated Neutral Wrist Curl,Strength,Dumbbell,,Forearms
dbe8a6cecded2aa923c4251947213213f8cf79c9f9231223d8105bbf73c806ee,36012,,Dumbbell One Arm Shoulder Press (V2),Strength,Dumbbell,,Shoulders
7e71f58ac13c0f40f6ed88a26e721fee5bc01f1c6e400395dc671371231510a2,603112,,Dumbbell One Arm Shrug,Strength,Dumbbell,,Traps
31047a50f11c92539ab96c4b3a4a4ab2560297276bac299a1a78ececa37b6b2b,581612,,Dumbbell One Arm Side Lying Bench Press,Strength,Dumbbell,,Chest
3821722a703e76a83250ed1acb8e3153e663fcfbc5aa94a80f8e5802b17202bf,388812,578612,Dumbbell One Arm Snatch,Strength,Dumbbell,,Biceps|Calves|Chest|Forearms|Glutes|Hamstrings|Lats|Quads|Shoulders
2f02a5b3d0bc9c96a1d54d6386a04f431b97f2a0ebbd1a1451abd66a78dca902,546812,,Dumbbell One Arm Starfish Crunch (beginner),Strength,Dumbbell,,Abs|Quads
f194e9c4c86e5b497ce153cc898776094800d465d895e577c72c126808ca3780,634612,,Dumbbell One Arm Swing,Strength,Dumbbell,,Shoulders
96c5a5532c6485a8e34285efc51685207dd5a796d3a65ea469c29c4bc88f6643,36212,260112,Dumbbell One Arm Triceps Extension (on bench),Strength,Dumbbell,,Triceps
95cd1071301056babee2246fbead6ef9fc43387dc511adac1ee968699d3bb6e1,509212,,Dumbbell One Arm Underhand Front Raise,Strength,Dumbbell,,Shoulders
d504ab01dba7182ee5b5884c423204039536d58244dde19730438c9cbeaf3e24,333312,,Dumbbell One Arm Wide-Grip Bench Press,Strength,Dumbbell,,Chest
1bd39a9fabcf3aeb65f66c9ac5646bc67f7da999213b7c4cd6fd2f12f19cadb9,167212,376312,Dumbbell One Arm Zottman Preacher Curl,Strength,Dumbbell,,Biceps
59fcf3fb72c976a91c642d41fd162d479a2515bb8052b55cb11bb2b1adee2372,40912,397312,Dumbbell One Leg Calf Raise,Strength,Dumbbell,,Calves
fc55314d51a5de9e5d2c29d13926e1cda63fad18fb1f94c7a4aec40f0da53a95,175712,263512,Dumbbell One Leg Deadlift,Strength,Dumbbell,,Glutes|Lats
d1694df520898db67f462ff6735bfd7a738208c5b2b1b8571b48f5f23b20b20a,429112,575512,Dumbbell One Leg Glute Bridge,Strength,Dumbbell,,Glutes
9813a2e7184ccda5c8573505c3ec7c9f9e00f0fe7d1a27522b864abc6ba7ed88,41112,352112,Dumbbell One Leg Squat,Strength,Dumbbell,,Glutes|Quads
9011c0cbe4e806aaeabc5b33c6955bff52e9672620ae8a39f1cb4eaeb8d03bf6,,376612,Dumbbell One Leg Squat (V2),Strength,Dumbbell,,Glutes|Quads
489995b23e62e6a28ce64d0f92d2097b772344e7e7fefa4b7b90cfe1abd48dc2,582812,,Dumbbell One Leg Squat with Support (pistol),Strength,Dumbbell,,Hamstrings|Quads
7b3594c4814b02eafb392adb17a151bf79ab3089820ff616d08a0eeee5c3441c,292512,575612,Dumbbell One Leg Step-Up,Strength,Dumbbell,,Glutes|Hamstrings|Quads
5d930fe900e3dcd57b036845c228b9469d79ab4977b4b4ba37eee346593b046d,35812,,Dumbbell One arm Reverse Wrist Curl,Strength,Dumbbell,,Forearms
dfd346acf490bd6c4ad53c4b56360cec414e4178f816d8e5f9aa3c078481392e,36412,,Dumbbell One arm Wrist Curl,Strength,Dumbbell,,Forearms
d5af033893254bfa22f2771b6c1238b63c8a003f2f33bf6028ab13f22057ae39,36812,,Dumbbell Over Bench Reverse Wrist Curl,Strength,Dumbbell,,Forearms
01089b869a7a183b18a66dacc3d2debbbe4546a1bae0da5b62d88d034f105730,36912,263112,Dumbbell Over Bench Wrist Curl,Strength,Dumbbell,,Forearms
e7cf87e4a39118ff91482f9b2941c39aee42bfe7b6c6f2e17f71944088ef8346,507612,,Dumbbell Overhead Lunge,Strength,Dumbbell,,Glutes|Quads
82d052d5c2d7c43e44bcb774963519e0054c1dc059df74e310f10781ef49f610,474812,,Dumbbell Overhead Sit-up,Strength,Dumbbell,,Abs
c3f108d5deac57e31e9dae0ccb6733367c574b425da2081cc6ea426854de13d5,370912,572412,Dumbbell Overhead Squat,Strength,Dumbbell,,Glutes|Hamstrings|Quads
6eef85b9d22fe4f8fb4c20d210e303c2684233e971bc17997f5463a6886b6e2f,132912,262212,Dumbbell Palm Rotational Bent-Over Row,Strength,Dumbbell,,Lats|Shoulders|Traps
06c83fb4e36e8924de47cf0ca5bb3c91ef9a00c78f5e4855f039dee3f56be274,162312,,Dumbbell Palms-In Incline Bench Press,Strength,Dumbbell,Special Bench,Chest
70d9d79a339060f907c5c7c7c51c87d4d32e0e4655ee7b00e84663e37b9b5bbf,,530012,Dumbbell Pause Squat,Strength,Dumbbell,,Glutes|Quads
7e6455761c59e40e4cfe8bf30200e338fa446cedd1e70eac81c2a402417dab66,37012,,Dumbbell Peacher Hammer Curl,Strength,Dumbbell,,Forearms
0f3340491c0548324db9797592bb2df50e5c1783121ae4e5e34eb27777bb6d66,549712,,Dumbbell Plank Pass Through,Strength,Dumbbell,,Abs|Chest|Traps
ac6437ef0509728562bdbd4f897939a8d27403d21758a0297fe62cea7e96c5d6,37212,238512,Dumbbell Preacher Curl,Strength,Dumbbell,Special Bench,Biceps
fe208ca6fee2ebbb2f82f87f4c5be363a099264738843e9adc6e02f8db0aa1cb,529812,,Dumbbell Preacher Curl (Turned Torso),Strength,Dumbbell,Special Bench,Biceps
9bdf64fed1a9cd9cb6a90e5dccd3efa8359ed860bd72abbd79e623aee1bf8504,167312,376212,Dumbbell Preacher Curl over Stability ball,Strength,Dumbbell,Stability ball,Biceps
7e85d614e65f5f66d4a5b8080397bcca3d0bd82ee1a04f47b999a02c0c861d55,370712,,Dumbbell Press Squat,Strength,Dumbbell,,Chest|Glutes|Quads
c5cb04bb560a551705d99902b8b497b2cf2b42f1c4d1e3cae2be499e02ae91dc,37312,394112,Dumbbell Pronate-grip Triceps Extension,Strength,Dumbbell,,Triceps
ab663acebfc7e1fe58448648d5755064585a6232cf65eb538d0114a0ede8dc1c,,232512,Dumbbell Pronated to Neutral-Grip Row,Strength,Dumbbell,,Lats|Shoulders|Traps
6393b8c1130360e6dbb593d8fa4ffdf5ac89f8197ea69659c8b648a163e41dd5,626412,,Dumbbell Prone Alternate Hammer Curl,Strength,Dumbbell,Special Bench,Forearms
0a98814e3de25a00b01b151edd8ca71ddbcd2d7dd89fc9b12057dc894d521fa8,582012,,Dumbbell Prone Full Can Exercise,Strength,Dumbbell,Special Bench,Shoulders
1bcbf692a0929761af6d4504aeb578641366488dadd6a02459ecb40378fb1728,37412,249612,Dumbbell Prone Incline Curl,Strength,Dumbbell,Special Bench,Biceps
dae1e84f379040d38c72d76712837be7dbc8672d63c4aaf5791ea7800093a098,167412,,Dumbbell Prone Incline Hammer Curl,Strength,Dumbbell,Special Bench,Forearms
ce97c1801b6973be8a94c83565a99a127a0c751ee5cb5ef537331c65609e7dee,560612,,Dumbbell Prone Rear Delt Swing,Strength,Dumbbell,Special Bench,Shoulders
b11d5308fac809a2994d6694bc90621f5f3ad6ca9ae3eb044cddb792a367739a,533012,,Dumbbell Pullover,Strength,Dumbbell,,Lats
76ed18a739361b9217f0718e165a0837f4beb9eb961051ec9750d39c5bf6ff8f,37512,,Dumbbell Pullover (V2),Strength,Dumbbell,,Chest
7d94d6c75bc0215457c709f84fff882962dd0b2b2c3522c15e17d8097f4b0fd7,129412,,Dumbbell Pullover Hip Extension on Stability ball,Strength,Dumbbell,Stability ball,Chest|Glutes
9ba033efebb3765e22cf07ba83d06d03dbd58e438f4127e460de2b3423c20ed1,129512,262112,Dumbbell Pullover on Stability ball,Strength,Dumbbell,Stability ball,Chest
1f4d036cab399eb9ced93da13ad2570e86deff3d6f13b419011aa61b3b505f54,431812,,Dumbbell Pullover on floor,Strength,Dumbbell,,Chest
4c6c607a94acb999cdfc7996d7d3c5534a5ff5bb9de77071ca2469296d8067eb,170012,,Dumbbell Push Press,Strength,Dumbbell,,Abs|Calves|Chest|Hamstrings|Quads|Shoulders|Triceps
5cbddf9a139b350201dea21d694be92095c2a59a0010fd063fde5cd578ca2c26,229212,,Dumbbell Rear Delt Raise,Strength,Dumbbell,,Shoulders
f8cbf2dd663a59a57973a8d7675114c719e3f945b7cf1b66682491218e010a4a,37712,375512,Dumbbell Rear Delt Row,Strength,Dumbbell,,Lats|Shoulders|Traps
bbab47178ef94df79c2b11ee06ef3ed434e07dba1a1da8c90cf4457bacec3082,37812,239212,Dumbbell Rear Fly,Strength,Dumbbell,,Shoulders
d95be2d009cb40f5d1bcb5e88ebb048f8d376d23694ef9a95059e20b1e90520a,38012,248712,Dumbbell Rear Lateral Raise,Strength,Dumbbell,,Shoulders
580e5aa8537f42fdb7d102375d53510a5f6d5aab7405f8adcc18285a96a38785,37912,,Dumbbell Rear Lateral Raise (support head),Strength,Dumbbell,,Shoulders
dddc865b3e4c29fcb1319110e965b3633407025dab1510b33715eab564913b70,38112,221912,Dumbbell Rear Lunge,Strength,Dumbbell,,Glutes|Quads
ad969efb514eab2b81893888abfabb9b0c92d7ffc1e53fc03b220be9832d6205,,236712,Dumbbell Rear Lunge from Step,Strength,Dumbbell,,Glutes|Quads
332f38b4865cfcb47ad0c59f9b892ca88d57fbd9cd8c219b808bf5e47c004e5e,298012,298112,Dumbbell Renegade Row,Strength,Dumbbell,,Lats|Shoulders|Traps
0c0754d6f9c2fa064fcafdfc00a35eb63e077922ee1262506c8f85eba3365d2f,162412,,Dumbbell Reverse Bench Press,Strength,Dumbbell,,Chest
f174962faa69e3c794732d4575afad8ac8132f6902dbec6581554539fd64bf80,38312,,Dumbbell Reverse Fly,Strength,Dumbbell,Special Bench,Shoulders
e2065a58ca0c0b494dd851fdc3493586e44bdb8349321d1a843a9d9f13b24568,614512,,Dumbbell Reverse Hyperextension on Bench,Strength,Dumbbell,Special Bench,Glutes
2c025759fee17b72be16cf8e87b3fff0bf2a52a119f6ef92128c65e960ad211b,38412,,Dumbbell Reverse Preacher Curl,Strength,Dumbbell,Special Bench,Forearms
b432141a06369490025890e4a4e15a6af905f3e67a7ea4d4d49ca6959037f80e,627512,,Dumbbell Reverse Press on Floor,Strength,Dumbbell,,Chest
62cfa33dfb5320c629692600009724fb61bed89ce8ed36b6fed4b774710ebbe9,615112,,Dumbbell Reverse Push-up,Strength,Dumbbell,,Triceps
0108929a9a07ea6a90e662cb87f11e2cd777b2a73d780b6f16173d496ecd8efc,167512,,Dumbbell Reverse Spider Curl,Strength,Dumbbell,Special Bench,Biceps
671f1940b2ab145445ca23c934aebee96a7724e9221452fdb2f590ab4a51d489,38512,,Dumbbell Reverse Wrist Curl,Strength,Dumbbell,,Forearms
adda5f90734d371c96ea1b1925385d0b65d436e398237fcc84a73d2b0c5f1bdc,38212,,Dumbbell Reverse-Grip Biceps Curl,Strength,Dumbbell,,Forearms
af0cc6d301cd7020a7faa624586b9fd02d01aa90a8f94bfe19029600290fd55c,132812,251112,Dumbbell Reverse-Grip Incline Row,Strength,Dumbbell,Special Bench,Lats|Shoulders|Traps
b60334b87cb241eea4926794b51a4551217af5ea1c8407f78bd60918e22655f1,621512,,Dumbbell Rollout,Strength,Dumbbell,,Abs|Quads
3f67226c2c6d526150674e297175a549e37bda6a8c5cb6d42665f6e6e74bd424,145912,222212,Dumbbell Romanian Deadlift,Strength,Dumbbell,,Glutes|Hamstrings|Lats
19e973b4e1e76c998771fecb1dc886f4a3cb3b1b66567c10cbf5e17264bfcada,475012,,Dumbbell Russian Twist,Strength,Dumbbell,,Abs
12ff1ea77ae206653d51a6efe3856ae65368051840d2ec759a6a908d1c5278be,546312,,Dumbbell Russian Twist with Legs Floor Off,Strength,Dumbbell,,Abs|Quads
bce43860fc05a004b19cb2f92d7528c673a893b4d31612442eb75d1c1c563aa7,239712,,Dumbbell Scott Press,Strength,Dumbbell,,Shoulders
aa1e6ee42b78bb4cceb8e7acab9ac7720ea6b8a937a602d065e56b83150c63ec,38712,,Dumbbell Seated Alternate Front Raise,Strength,Dumbbell,,Shoulders
eacc02a3dec8239fd11a2a9fd7cdead0afe987d1e294761043d63f0f875e92d3,614812,,Dumbbell Seated Alternate Overhead Triceps Extension,Strength,Dumbbell,,Triceps
69b4e665e2d7c75ebb59ae18739ed1cbd754df628c642cb87aeae0f32cb9df85,38812,,Dumbbell Seated Alternate Press,Strength,Dumbbell,,Shoulders
7d764331db9bf6bfbf31512bdcdbee3feab16769c5c20c1441bba97f4e5aca5e,354612,,Dumbbell Seated Alternate Shoulder Press,Strength,Dumbbell,,Shoulders
7b32456807ecae30931d9cea5c033c87ac404f39a7c3016cd1e723c6ab41bc7a,38912,,Dumbbell Seated Bench Extension,Strength,Dumbbell,,Triceps
d872c12fbf958a70c22836da53960823aaf0965f0a6bd9ddf78577662818cf82,231712,,Dumbbell Seated Bent Arm Lateral raise,Strength,Dumbbell,,Shoulders
709ef3ec412d4db166e0a6254c01fd74abf0de15aaacf821910b84d07cd8dadb,137912,308212,Dumbbell Seated Calf Raise,Strength,Dumbbell,,Calves
255b15cec90ee6fe78b72ea229bc6fc85ccde81370e02b74e434783fe26e4f4b,423712,,Dumbbell Seated Close-Grip Press,Strength,Dumbbell,,Shoulders
4108b40e138c99855ffe1a344c6d0b7efccdc1481f8cc0fd017dac2e548a1082,39112,,Dumbbell Seated Curl,Strength,Dumbbell,,Biceps
43b45a594a83ee74540b690961a499789b4ebef583c6b17e3cff9b1de7dd4af5,615012,,Dumbbell Seated Double Concentration Curl,Strength,Dumbbell,,Biceps
a33a2ae6c56a75d4ac6f35feb1de1435eed570aaffbe47f813cdcd257b6916c4,614912,,Dumbbell Seated Drag Curl,Strength,Dumbbell,,Biceps
2280955bbc3ea21258f64a85cc5e16fee0c7649f089577ac43c7906ca369acb0,614012,,Dumbbell Seated External Rotation,Strength,Dumbbell,,Shoulders
877c824b5d6eb9d0124706809590092c06bead21cda2a8ce7517fb028353dd8a,39212,223512,Dumbbell Seated Front Raise,Strength,Dumbbell,,Shoulders
bbaad821d9a1d01a88d6b0c5ad15db94ab260130610d366173855a30ce5549ad,167812,,Dumbbell Seated Hammer Curl,Strength,Dumbbell,,Forearms
40805287cddabe99642ab525558b570bf65abdbcc4372b44c1c2c03ceb3c9814,39412,342112,Dumbbell Seated Kickback,Strength,Dumbbell,,Triceps
c7518f10a32e2aa7ea62fa3325d5ed2f37085e8af9350b3f86de41d092578892,39512,223612,Dumbbell Seated Lateral Raise,Strength,Dumbbell,,Shoulders
f53ca685c4bf543bfce677934d180ba6700f1a5ab63af323d16a6616c7cb4ac9,39612,,Dumbbell Seated Lateral Raise alternative,Strength,Dumbbell,,Shoulders
d0837e2df36560ad61643858b6f962a520b55e0c2729bacfb673396bcb53706a,39712,263212,Dumbbell Seated Neutral Wrist Curl,Strength,Dumbbell,,Forearms
b57e0360371559b11e78958e719d0171a9e0e180412b4fc331ab5789c4aa739d,614312,,Dumbbell Seated One Arm Front Raise,Strength,Dumbbell,,Shoulders
533cc4fc3f3c6abb88677ce1f79c8aabb90283123045b9f60f2fac0d3b31bc7e,615812,,Dumbbell Seated One Arm Triceps Extension,Strength,Dumbbell,,Triceps
dff57578bd47d4e0cbb6ce922e534be55ef27ba05cb3ac8821b000b1514fb295,615912,,Dumbbell Seated One Arm Triceps Extension (left),Strength,Dumbbell,,Triceps
531cf385713eaa9730a7877b76a381d8ad45aacdc38bbfc8e233570ce9e7f070,138012,,Dumbbell Seated One Leg Calf Raise Hammer-Grip,Strength,Dumbbell,,Calves
b58f81b8c3ebb5fb73f861e9f07d16340cf8cbaaf5084e2cddd881919c9845ef,40212,,Dumbbell Seated Preacher Curl,Strength,Dumbbell,Special Bench,Biceps
7b13da8599a95c0cd470b53008bca66b0e21b1f6b6ea084ebdeed0a580862731,614212,,Dumbbell Seated Reverse Arnold Press,Strength,Dumbbell,,Shoulders
a05c7e25b45152a6a1bf16e281570402fb1be3cd4f0d886e7968b543a14648a8,40312,,Dumbbell Seated Reverse-Grip Concentration Curl,Strength,Dumbbell,,Forearms
f0d196a1d89817000188377f7ac9394dc1f4cd16211b1e97910d28e6671e198d,40512,223712,Dumbbell Seated Shoulder Press,Strength,Dumbbell,,Shoulders
967651f953e52ddc05e48e9362b6eed28b26eba26e4570a0ba0fb8ecdc341810,40412,,Dumbbell Seated Shoulder Press (parallel-Grip),Strength,Dumbbell,,Shoulders
5213bbf1944fc00701e8a39482f09243d85354ee841dec7193f3c69d11315491,218812,248812,Dumbbell Seated Triceps Extension,Strength,Dumbbell,,Triceps
5ce02408628f1e8c90f63f33cb20c3270bd2b6f83919566114bfff4aba6626e6,506512,,Dumbbell Shoulder Internal Rotation at 90 Abduction,Strength,Dumbbell,,Chest|Shoulders
53a6995aae516c3ab25e26a7d9d367940e86d0546ae9bfbe7a8736cd99507c4f,40612,259612,Dumbbell Shrug,Strength,Dumbbell,,Traps
3764336c466abed4244c664dcd25ba33625ee2e139a2ee7569b67d953e3b9ab8,40712,259712,Dumbbell Side Bend,Strength,Dumbbell,,Abs
a07beb74bacc9414e69531c72dc1e4b94f2a25af787d053b3c5ae41da4d50db7,333712,,Dumbbell Side Bridge,Strength,Dumbbell,,Abs|Glutes|Quads
69e76f18191baf2fe2c1e0d343ea6f35c2460043e43bce1e72aea14088721a46,445712,,Dumbbell Side Bridge with Bent Leg,Strength,Dumbbell,,Abs
d1383e9e9b577cc024d260e002904564b31793793c9f67e6a35d757c7e6fc9ce,,121512,Dumbbell Side Lunge,Strength,Dumbbell,,Glutes
efbe2e7f80cbd6ebfe205c30c4a7f45db7a4aa935886230cc1a90bbb88cfaa32,344812,344712,Dumbbell Side Lunge (V3),Strength,Dumbbell,,Glutes|Quads
66b5b3352f9668523b9f91766dd24b1b9287112752e0162b45047e2e42c3a030,581712,,Dumbbell Side Lying External Rotation (on a bench),Strength,Dumbbell,,Traps
75e6c133848cdb2cc0da4ea8743dc074947e3cc5c3c8a32b4325e363205f5af4,40812,,Dumbbell Side Lying One Hand Raise,Strength,Dumbbell,,Shoulders
adff5fe89c5b708ed6f7d6c5145cfc9c98decf0b5696025187a9c985631dd03e,366412,,Dumbbell Side Plank with Rear Fly,Strength,Dumbbell,,Abs|Chest|Shoulders|Traps
efb0de5fe54a7af39b9a3e026b80894fc1d2135f446427a09df14a18ace4ae9a,475412,,Dumbbell Side Squat,Strength,Dumbbell,,Glutes|Quads
fce32f298f432ce12bcf13c0e972d4e57ce984125910d0f43b19ecdc131ed644,510112,,Dumbbell Single Power Clean,Strength,Dumbbell,,Biceps|Calves|Chest|Forearms|Glutes|Hamstrings|Quads|Shoulders
c2e30264a06c9b363d94a706bbb28dd5cb6104bc8023d2f271dd068d7a28e900,510012,,Dumbbell Single Power Clean and Jerk,Strength,Dumbbell,,Abs|Biceps|Calves|Chest|Forearms|Glutes|Quads|Shoulders|Triceps
2fbbdae7299c021e7c50a8a5fb31724f71cdcfd026b611886a85d148f2528d1f,415112,,Dumbbell Skull Crusher on Floor,Strength,Dumbbell,,Triceps
5e8c3e893b963b25e8e377c55556387b9a6d210027893b4427f8d5cbdf3e9a4f,,523512,Dumbbell Split Lunge Stretch,Stretching,Dumbbell,,Glutes|Hamstrings|Quads
972060d846b36277d64e952d35b379d8ceea6a16da16760d1fd297bcc95d9d8a,296012,295912,Dumbbell Split Squat,Strength,Dumbbell,,Glutes|Quads
b64e882b575672a13e81baae8135c377840736c7aea4938aa76b1c2694e01d75,,295812,Dumbbell Split Squat Front Foot Elevanted,Strength,Dumbbell,,Glutes|Quads
a6ca9d4693fa33377bac67f950de72ee1fc64ceafee69852581299f9bcfb8efd,41312,222012,Dumbbell Squat,Strength,Dumbbell,,Glutes|Quads
eddf4bcadaa17c8e2a93ae4e3bf6fd614337e42e8a137771b428c6bd3c45dc13,155512,,Dumbbell Squat alternative,Strength,Dumbbell,,Glutes|Quads
f5e0ef450aadcb0601ef3ead85784fecea8e33bca11e6d2cbc07e9b09d543bd6,506612,,Dumbbell Squat to Overhead Press,Strength,Dumbbell,,Glutes|Quads|Shoulders
3208b072f40514781c5612577308718043fa0c8ff2caf8ac3544cf8b8909ced6,368112,,Dumbbell Squeeze Bench Press,Strength,Dumbbell,,Chest|Triceps
04608e0bd1707240dd6d12b882a7b1d769650aaf8b52eb429692a08e0814f8b8,545712,,Dumbbell Squeeze Press on Floor,Strength,Dumbbell,,Chest
81d0a79b162ffcf29b16e5d474338786c61aa3c958cd01ff880d44d58e53c91c,591912,,Dumbbell Srtict Curl,Strength,Dumbbell,,Biceps
3050ba219bb9412ed2858ae484ef082a7c38cef350e0b3ee4251b9b0e04f1709,41412,,Dumbbell Standing Alternate Overhead Press,Strength,Dumbbell,,Shoulders
8a2f6d1fa6f3762aa21fcedd224cdb5cf597df57c4468dce7dcac479d795513c,41512,,Dumbbell Standing Alternate Raise,Strength,Dumbbell,,Shoulders
a3d8b78ce2d1f0d180468e2a0adda46fd36dff1b03a5ab3c54a14569c6329e00,626512,,Dumbbell Standing Alternate Reverse Curl,Strength,Dumbbell,,Forearms
8724166f6d34ca3659120fc221287d7632c28e896a58f7143cfb379dda39c131,123012,,Dumbbell Standing Alternate Vertical Front Raises,Strength,Dumbbell,,Shoulders
083afc49487165db32ffb20155b6411f5cc41ab5e8a8748b59498ed6b3722918,626712,,Dumbbell Standing Arms Rotate,Strength,Dumbbell,,Forearms
2f5720b0c89279ff2a31f7279b7196ee4521c56c6cc9b3af1ecd9173c4d0aa9d,410812,,Dumbbell Standing Arnold Press,Strength,Dumbbell,,Shoulders
935f59401c063eafdcfe3c553edc2866f47904d741acec92f4183cee530d631e,214312,,Dumbbell Standing Around World,Strength,Dumbbell,,Shoulders
e4f40fc327e12ec8fc5ac68125e5deebd79e312eeb0cad1d7437f8c5046ddfe1,636612,,Dumbbell Standing Back Wrist Curl,Strength,Dumbbell,,Forearms
774fd1e3b0a6caca58891afe6cab13e1dc177f8506cc423ec2eb918560daaf1c,552112,,Dumbbell Standing Behind Back Shoulders Press,Strength,Dumbbell,,Shoulders
eab4d852e2d16e01dc3e19cea65d36eaedde9c6b4c31be89188c305640c30525,563112,231612,Dumbbell Standing Bent Arm Lateral raise,Strength,Dumbbell,,Shoulders
7541d39974ddc75134c5e28d83f5bf30794c67047290d9dcbd85c44d8a2b104d,41612,,Dumbbell Standing Biceps Curl,Strength,Dumbbell,,Biceps
bcd86074e36220f89662c01e99c8f8a954770e3dd439aa6ff108daddb4243685,41712,221012,Dumbbell Standing Calf Raise,Strength,Dumbbell,,Calves
4d329849b5ffe910f74a0035b52d1d5b57e6756da1a14190d55251709118fb4c,41812,,Dumbbell Standing Concentration Curl,Strength,Dumbbell,,Biceps
54d7ba3d8ff9e9e4901211b396adec98d5afd1e9171a52d9c38bfe1420413485,544912,,Dumbbell Standing Drag Curl (V2),Strength,Dumbbell,,Biceps|Shoulders
575e42dd3330dc9c699156502977c2c6ef68e24cdfa214c4d1abfe02e944a611,614112,,Dumbbell Standing Driver,Strength,Dumbbell,,Shoulders
efe2db10c0900d458489741a54ab266da15b126406fe928b20a29dbe3f835e96,622112,,Dumbbell Standing French Press,Strength,Dumbbell,,Triceps
41feb47cf9639e061b04db055f3ce99ddfa654a7f7573860a39e512151e04847,41912,,Dumbbell Standing Front Raise Above Head,Strength,Dumbbell,,Shoulders
944e7f9431c20b35567ee8322d2540f8d0268559abe9497a2caa5f39ee48cb5b,634912,,Dumbbell Standing Hammer Curl,Strength,Dumbbell,,Biceps
ee6834c78e2c72925c957d8f4cc17426cb5f14edc707de703a93f6c555a9e57c,122812,,Dumbbell Standing Inner Biceps Curl,Strength,Dumbbell,,Biceps
a4aa63444832e90c6cbdaba53f82211384e479bcbe6b78cd1d3c35c966028b4e,232112,,Dumbbell Standing Inner Biceps Curl (V2),Strength,Dumbbell,,Biceps
286d3e62142d83a3eee581f20bbf46a3fca07002fda0f1a0dc46d54b0ccc4ac4,42012,259812,Dumbbell Standing Kickback,Strength,Dumbbell,,Triceps
564010ebc7105ff5467072ea208a0673d48bb25e7a14bf92600a70db52d4fe62,33412,223412,Dumbbell Standing Lateral Raise,Strength,Dumbbell,,Shoulders
23eb8c69ac6f3a8956dce25a7ab5e360f9969ced53c9126585f94a0918145979,42112,,Dumbbell Standing One Arm Concentration Curl,Strength,Dumbbell,,Biceps
ed1b374c0f5f28149948fb9797ce91292a487862cb945604bba110a1f3d3576c,545812,,Dumbbell Standing One Arm Cross Raise,Strength,Dumbbell,,Chest
083d27a7d25cc4ba2fd86bb93ac90ba747a6f4c1ae0923d4e01f1dd28a849202,42212,,Dumbbell Standing One Arm Curl (over incline bench),Strength,Dumbbell,Special Bench,Biceps
60a656517002202b3cdc43dfd44454d9378506425ca5ffe086780b7b66ecdec1,168012,,Dumbbell Standing One Arm Curl Over Incline Bench,Strength,Dumbbell,Special Bench,Biceps
d56897e1186421fe1052db5218376c90f482d471120c95c54c2e8f2f973f85a7,42312,,Dumbbell Standing One Arm Extension,Strength,Dumbbell,,Triceps
5ef14b5c3ea453a284d9b278d5b86f821bf3e9ed293dbbd792ad77946fa94429,371312,572512,Dumbbell Standing One Leg Calf Raise,Strength,Dumbbell,,Calves
cb0e363f7047148abef68c1598c05b57b3f956b0c7e3187a1e2965a9abdb1490,401712,,Dumbbell Standing One Spider Curl,Strength,Dumbbell,,Biceps
9f6f140d11a1ea34be7176cc33332efe36fa37405bb569698f6b73452910ae94,42612,238012,Dumbbell Standing Overhead Press,Strength,Dumbbell,,Shoulders
6e2b66800249a2830509a94f97cca002bbb6c0a994b77bc48aa3e63dd482d676,42712,,Dumbbell Standing Palms In Press,Strength,Dumbbell,,Shoulders
3f397616a51db3307153e058e11dd7ee308052acc74a323225896414f5766357,42812,,Dumbbell Standing Preacher Curl,Strength,Dumbbell,,Biceps
16540b13335b9e59b4959a184faca9c91e5fc0c30e87f362fa5b659fde322172,42912,,Dumbbell Standing Reverse Curl,Strength,Dumbbell,,Forearms
0813e6bb998629eac1f8021b3e1bdcc2dfd350498281f83512c0cd879be63fc4,43012,239012,Dumbbell Standing Triceps Extension,Strength,Dumbbell,,Triceps
a5199bffde9ac495af63fb6e12c8a835cf96b26e39649d20bce1f3d5298332cb,546212,,Dumbbell Standing Wrist Curl,Strength,Dumbbell,,Forearms
fbe4ce79f1c37d2104d5b6d60520e793ccb4313bdf454cca8a2ad3e015f595c0,635912,,Dumbbell Standing Wrist Curl alternative,Strength,Dumbbell,,Forearms
6a50860f360fe6d0783421e2b18f348d4b49fd400e80c30fcc39fea1cc63f5cb,636212,,Dumbbell Standing Wrist Reverse Curl,Strength,Dumbbell,,Forearms
a371728b5a208b58c971a49db83eb98e854f36c6ebd329451848ac7aad98cd72,546412,,Dumbbell Starfish Crunch (beginner),Strength,Dumbbell,,Abs|Quads
a5a80e3a17f5e7ae6c195778c5399fee86e0b549e45b1cad2854d75548a1746d,429012,578912,Dumbbell Static Lunge,Strength,Dumbbell,,Glutes|Hamstrings|Quads
b6f46dc84637871bba0318e67c1c6566fb98112d2be96e13a6d96e25d1699c3e,43112,222112,Dumbbell Step-up,Strength,Dumbbell,,Glutes|Quads
ff2cf69e876437b94dd0d480ac8e57dd7304c0bde93fdec280916b451025f2af,582612,,Dumbbell Step-up (V2),Strength,Dumbbell,,Hamstrings|Quads
ad0b440ccffc0aa9c8fd2e89f4a89c9e9119a3a05e306db5091bfb5f814d5966,456512,,Dumbbell Step-up with Knee Raise,Strength,Dumbbell,,Glutes|Quads
009d628ce112d34efddf76bc440839b900906d6dd986e194ba74f189e1badd71,43212,263612,Dumbbell Stiff Leg Deadlift,Strength,Dumbbell,,Glutes|Lats
ffa387b4aadc29ef600bcc2edbb5832a666025f818bca410a195605e41bf8d87,334012,389412,Dumbbell Stiff Leg Deadlift (V2),Strength,Dumbbell,,Glutes|Lats
82f5e1f69897fa0def8d854a0a530b52171764ff9be5e28315f198d1c9d2b3b6,424812,,Dumbbell Straight Arm Crunch,Strength,Dumbbell,,Abs
fc946359e12c8fd11717b83b7b61c2523a36e89982783987cfee4667c69ca55e,614412,,Dumbbell Straight Arm Crunch (V2),Strength,Dumbbell,,Abs
711d16bb035c0d9c09904482b240925b94c017bbedeef5545dade2f6debca844,43312,224112,Dumbbell Straight Arm Pullover,Strength,Dumbbell,,Chest
d46fcf3bc0638fdf19127adf1e5e1f1c478269abdd70097d60938487bf61bf8f,425112,,Dumbbell Straight Arm Twisting Sit-up,Strength,Dumbbell,,Abs
5ef91eaced0304400eea59e15141081bea678734d0449abb37c6ccf0c595509d,43412,,Dumbbell Straight Leg Deadlift,Strength,Dumbbell,,Glutes|Lats
3ecc11b85c85d75acd4412ff86197a6a2d71d562ebe647c2892351ac0752b87e,424912,,Dumbbell Straight Leg Russian Twist,Strength,Dumbbell,,Abs
076ec402b76234582fb3ad86cccd124a9bb60e76cc23e24b528ea25bb0db27f5,429312,,Dumbbell Straight Legs Deadlift,Strength,Dumbbell,,Glutes|Lats
47e50deadcb1685aef954cf4b8740fc7ffa6e4b2379c96cc707d100c9271f717,291012,,Dumbbell Suitcase Carry,Strength,Dumbbell,,Hamstrings|Quads
2a3eedec9458a808816b4ad56a862b5a92e435dadfa23e16b70fffaf6f3e3411,,475912,Dumbbell Sumo Deadlift,Strength,Dumbbell,,Glutes
c0cf22d923631c98ac9dc0ff96201bcb110d318e2a8baff9edd138d51740a9cf,,280812,Dumbbell Sumo Pull Through,Strength,Dumbbell,,Glutes|Lats
a6f14014be5d655914de1820da5426d31092104b5cba62b028e9f1f2f935f997,37112,232212,Dumbbell Sumo Squat,Strength,Dumbbell,,Glutes|Quads
a5a540e9d736a0b09f0d5680a1acaa9bec91024cad1b1e38c31c36340f1270b5,582712,,Dumbbell Sumo Squat Off Benches,Strength,Dumbbell,,Glutes
7d738e9f66b01a0507d96405149b47c2ed02b158b30065f9e8478867e761179c,345412,,Dumbbell Superman,Strength,Dumbbell,,Glutes|Lats
3290df7deb7dae713cd7f75e4db35e3edcac21a9ca2ff49a3dad29db3d50ac27,280412,,Dumbbell Supported Squat,Strength,Dumbbell,Special Bench,Hamstrings|Quads
a62f16bc549700ddb92fcaf24e536643824b42893cb1fa2a03c4f64dbf2384c7,345212,,Dumbbell Svend Press,Strength,Dumbbell,,Chest
b41f422bfc3f75f80c2f9a4891c4e75418789dc0a031c6c149f00dc2e8d1084c,336812,,Dumbbell Swing,Strength,Dumbbell,,Glutes|Hamstrings|Shoulders
2e0313d537ef743d9c9fdffdc2d7abe96c6966e0a35985f3476c1b2b22ca6d34,43612,,Dumbbell Tate Press,Strength,Dumbbell,,Triceps
88163eb94f8e4973ea7957845d2bb9f51c53f0b0af21341778a5b23f1213d4fe,296812,296912,Dumbbell Thruster,Strength,Dumbbell,,Glutes|Hamstrings|Quads|Shoulders
6f4be4c54ec3646073b531fe7d18f1205eca7203803c9b8b6a8dcbef14b3f5d9,612312,,Dumbbell Unilateral Scapula Raise,Strength,Dumbbell,,Traps
07da1c426b0c60591c30655d8a3cc2affd1749d7a5329cf5ac32b62cf114f78f,43712,343112,Dumbbell Upright Row,Strength,Dumbbell,,Shoulders
9ee8f46c020f4d9cd2645d7af1ce899a6d8c9c1f4b706ad400dd5f0227c4c0b4,86412,,Dumbbell Upright Shoulder External Rotation,Strength,Dumbbell,,Shoulders
50980130822322bec83955a4f51cccb489106265219f23eb9a3935ea26c06095,,344612,Dumbbell V-up,Strength,Dumbbell,,Abs|Quads
25cc547b98980081b5a95465015ab20d7afbc6086bf677eeb6b0e4cb6b542060,425012,,Dumbbell V-up (V2),Strength,Dumbbell,,Abs|Quads
893846a083fe00793cf982013db1f2bfb9f32c491faf289771c8c168723ff9d3,520112,,Dumbbell Waiter Biceps Curl,Strength,Dumbbell,,Biceps
f7487222fced7b16bf2df0c639c5cd3fe0db291c5731f74af42f2f49cfee5366,155712,429512,Dumbbell Walking Lunge,Strength,Dumbbell,,Glutes|Quads
ad7ce3d71859f8f81b72806c8ee5316dc4278b2ec54a9b95dfc464a7bab7adff,510812,,Dumbbell Wood Chop Squat,Strength,Dumbbell,,Abs|Glutes|Lats|Quads|Shoulders
065695b11b98b5c156fb760625057e4871a70de4a8260385ad3632eb339de0c4,43912,,Dumbbell Zottman Curl,Strength,Dumbbell,,Biceps
f2e644ec2638bc44af26ff96cffc9454a6383632ba19c67233e94c73b451754c,229412,,Dumbbell Zottman Preacher Curl,Strength,Dumbbell,Special Bench,Biceps
3ae8ac7a9d217244f208f73c016d5f911ae273f459a25ac15d3a23b9ddbbcc38,218912,,Dumbbells Seated Triceps Extension,Strength,Dumbbell,,Triceps
db77bdaf44c6892d2833cfd1f1f155f6623b3343caaf089d8e6dc64452d3944c,467112,44012,Dynamic Back Stretch,Stretching,Body weight,,Lats|Shoulders
cf07193e4f6455904f217b98563b5a3308ab1cf1e760da60e9be3d400c066b02,116712,44112,Dynamic Chest Stretch,Stretching,Body weight,,Chest
567fa35d8ca92f0cfda24f6503db81fe2397e4fabd65169ccb4a108d760c8428,,569212,Dynamic Leg Swing,Strength,Body weight,,Glutes
a4cf83e93c7c5dba0a853ed217c05e28c2501220ecd8bc91635cabb9ba7f7fd1,243212,243312,EZ-Bar Close-Grip Bench Press,Strength,EZ Barbell,,Triceps
1901ca58c9bb744f4fe1df295fc7c1ef11c70aa31df253be5df3585113f8bcda,418912,,EZ-Bar Knelling Rollout,Strength,EZ Barbell,,Abs|Quads
b641db932595b735d6dd04fd1b63889ac804c1da6ca2b523f3cc78ca1937528b,418712,,EZ-Bar Legs Side Pull-In Sit-up,Strength,EZ Barbell,,Abs|Quads
329192cfce6788901dd687cd7813bdec14ee72e8ae79e58239fa2a0846f21bb5,301012,,EZ-Bar Lying Bent Arms Pullover,Strength,EZ Barbell,,Lats
24b3beff0da824d1142d33ed98492b68f9c733eea772cef01d5cae9fe6e25488,134412,,EZ-Bar Reverse-Grip Bent-Over Row,Strength,EZ Barbell,,Lats|Shoulders|Traps
7aa892185569301a402a89575b474b384db5af275c38bebcf9807d76c65290ff,168212,,EZ-Bar Seated Close-Grip Concentration Curl,Strength,EZ Barbell,,Biceps
5e826f7fe9423363f81a8c8ea9c5d7512d5872f6e39ef249b510568d581c0e27,557912,,EZ-Bar Seated Wrist Curl,Strength,EZ Barbell,,Forearms
08b156c800d17b4fdeeecd52f1967db23a71fecbc042cdb19a5f35e7e9756a48,636412,,EZ-Bar Seated Wrist Reverse Curl,Strength,EZ Barbell,,Forearms
9497ffff5762c1d2541581389d358422c4b1ce70928a2fb9a68cb7d5d5f962a1,174912,,EZ-Bar Standing French Press,Strength,EZ Barbell,,Triceps
5770d17dea64d8c4c6ada89f715aa63640b412d137ae9bb32c9f21fd7e1ff6c4,552312,,EZ-Bar Standing Front Raise,Strength,EZ Barbell,,Shoulders
c31562e1c268fa11252eef2ca0572751332959d163ade09bc8a8df5f6359c4f4,44512,360312,EZ-Barbell Anti-Gravity Press,Strength,EZ Barbell,,Shoulders
3217680adc9d908eb6d45998f97f957fa624b5137ac10266a49342a2c73cb096,162712,,EZ-Barbell Close-Grip Preacher Curl,Strength,EZ Barbell,,Biceps
8b2e6a3526bb3c2367c27f791ab5a5f8f0efa202541acbd42bc97b923acb9d8e,44612,249912,EZ-Barbell Close-grip Curl,Strength,EZ Barbell,,Biceps
268d4e4447d9c8a5a6381d4d46a0e79b850eb8de211d5ae96e8a01336b4f932a,44712,223812,EZ-Barbell Curl,Strength,EZ Barbell,,Biceps
0047068ee8293ec065516879a6b77bcd88fca6ac403ea2ee87578e2d1d010e55,218612,,EZ-Barbell Decline Triceps Extension,Strength,EZ Barbell,Special Bench,Triceps
0753e8dca291602c16e7063efaa6bf8399708b5b154342e82047e0cc381c93a5,592512,,EZ-Barbell Drag Curl (V2),Strength,EZ Barbell,,Biceps
ebedcfd80efa959a25ab4932c4bc608fce856bd00d2ca95f0342130e06f2e848,44912,,EZ-Barbell Incline Triceps Extension,Strength,EZ Barbell,,Triceps
fa0d686df58a8e277862bea0e12ccea863b4dc81dc3e92babec5d75c70d884ea,45012,,EZ-Barbell JM Bench Press,Strength,EZ Barbell,,Triceps
a5495aa77af3071759b1e2f6ccfce2b5c5fd440719b45cedce2486249e08652f,587312,364612,EZ-Barbell Lying Triceps Extension,Strength,EZ Barbell,,Triceps
d6b43d1da59b55489a3978fe1eb08fffbfe07bcbc76a28be656b32e5a2633cbe,640612,,EZ-Barbell Preacher Curl,Strength,EZ Barbell,,Biceps
10bce5832a0702acc1354057c90bafb253df1b9d35a55d4f67cac6202d5fa3bf,45112,249812,EZ-Barbell Reverse-Grip Curl,Strength,EZ Barbell,,Forearms
71fadfbf86a946ec3fa413723b11e88fd0a63a2eeae3e04226661ad758f3de06,45212,,EZ-Barbell Reverse-Grip Preacher Curl,Strength,EZ Barbell,,Forearms
0680ba1b62d512224a96e76820d9e1e8a9c54925f3519f625215ae7078dbe39f,145812,,EZ-Barbell Seated Curls,Strength,EZ Barbell,,Biceps
462d74d1be70db13a914907ad045058f329218c207e7d06cce78b6b4c23d0d69,45312,,EZ-Barbell Seated Triceps Extension,Strength,EZ Barbell,,Triceps
d6bccb8b68c7e88b02957fbfb70e493d4b052a9bf29262ee34b83b2b50c9e09b,162812,,EZ-Barbell Spider Curl,Strength,EZ Barbell,,Biceps
201eba3d0149142635808d67fb34e69efac15f02b41ce05a5f3b171003de18da,591812,,EZ-Barbell Srtict Curl,Strength,EZ Barbell,,Biceps
ea64dc4064f4e5b74a3f81054d1f87f44639432577e3628fc6bbd5073a224859,636512,,EZ-Barbell Standing Back Wrist Curl,Strength,EZ Barbell,,Forearms
19e942161181a0786c2bb4c603880c1e821391d0e68bf26263386568d9d6c51a,626812,,EZ-Barbell Standing One Arm Neutral Wrist Curl,Strength,EZ Barbell,,Forearms
76b5478557fce1b38c77c5186c18f80334eee2919985e8abc93d5fd0d3746d6f,290012,,EZ-Barbell Standing Preacher Curl,Strength,EZ Barbell,Special Bench,Biceps
98e3427753a76c5ba8654f923c9888b97cb717786b33172ff51a5e9dbb6abe85,274112,,EZ-Barbell Standing Wide-Grip Biceps Curl,Strength,EZ Barbell,,Biceps
298299023dc25fdf738ec03a436ce53b077735737b6941660a87f94c5750aa11,635812,,EZ-Barbell Standing Wrist Curl,Strength,EZ Barbell,,Forearms
a7a32c0ef66fddf5b26b5bb976792081f1536c32c2e4d4cab0dd51b236b6fb91,636112,,EZ-Barbell Standing Wrist Reverse Curl,Strength,EZ Barbell,,Forearms
7ebae6e2021b4358e0c34c7263a0e294001cdb92770b903eefff9eab0ecd040d,12012,,EZ-Barbell Upright Row,Strength,EZ Barbell,,Shoulders
8f6fe3c1ea95bba9aac81afaad7ef1279490f3ee9ae9acce7acca00fb95259b9,545012,,EZ-bar 21s,Strength,EZ Barbell,,Biceps
fcf802e956d481ed5774e7cbeed9a50cbfb33f0ea499eb15af5eaff38c0df555,524012,,EZ-bar Deadlift with Biceps Curl,Strength,EZ Barbell,,Biceps|Glutes|Quads
dd5e7426e5abbd566be4e25299fd30422671294442903dcbce0fac0d1f8ee200,,616912,Eagle Arms,Stretching,Body weight,,Chest|Triceps
9a87a4cf5ec9e391247fdef97f3fffdfc3b439742d888cb12849ef1ecad34d3e,,638012,Ear to Knee Side Bend,Strength,Body weight,,Abs
f57065f3b7ef2bb43f9421af1b2f6c2422c775766da103d50b608739aecc2acd,276312,,Elbow - Extension,Stretching,Body weight,,Triceps
228938d898d59af26d389b2a76e55bdb41fef6bd99d85e87987b64a6e42ceab0,276412,,Elbow - Flexion,Stretching,Body weight,,Biceps|Forearms
b465040519309c6f59f443cadf856390f13612f577263be2d79fba5081c48829,182112,,Elbow Extension And Supination Pronation Forearm Stretch,Stretching,Body weight,,Biceps
3962f2522df174c7eacf943618f0e1846a72d479eecf078ca896c9c4bc43758c,181412,,Elbow Flexor Stretch,Stretching,Body weight,,Biceps
7511606703b3e3bd7d73f39099ab9dca1fd92a1bc1d3c2081c8e5f3faae17b5c,,557312,Elbow Fly and Palm Press,Strength,Body weight,,Chest
e41a22ea3da4fbc8961bdb51ea9c2ce86ac33b536981760bd34b698a6209878b,177212,,Elbow Lift - Reverse Push-Up,Strength,Body weight,,Lats|Shoulders|Traps
6ea9f396d31afcffabbe812f767bc388e9492c614cde47cbe8ecca37736eb41d,,557112,Elbow Lift to Prayer Push,Strength,Body weight,,Shoulders
aa2ef706167f1498e112255c4c3a0ec69aa9bc7086eb2e28dbaac9c871a7844a,,326612,Elbow Push-up,Stretching,Body weight,,Abs
34643535b070f9a7cebb0f7a91efb3f6f3014a17743c0ec7a69254570dd8114f,44312,,Elbow To Knee,Strength,Body weight,,Abs
71760a95cb2961ded7a37abcb0a745f755f3a1616a0626dcdeaf1ea0b4744fc7,,557212,Elbow Touch and Lift,Strength,Body weight,,Shoulders
30a2d232714b95051c2902b8b57c2be6c129ce0b302b64668d0fbff1f4264eac,,528112,Elbow to Elbow,Strength,Body weight,,Chest
47daa183589c2d29e2b84f46faffb69375d927772dc3905135e6d5e211e5d673,350312,393612,Elbow to Knee Side Plank Crunch,Strength,Body weight,,Abs|Glutes|Quads
fac7eda5f06f1e18964c576650ca85a0e51ee49dd613eaeb0923f3f946844807,,621012,Elbow to Knee Side Plank Crunch (left),Strength,Body weight,,Abs
3f9af94d486f1ceda91653ad22384ad01ef58d466c5bb4470060e98f9bbb4df5,348412,,Elbow to Knee Sit-up,Strength,Body weight,,Abs
5325f23fc4ff90f9baacb5019e93266d27dfee891ac3c22b0af42bded0b4f4b8,297812,297912,Elbow-Up and Down Dynamic Plank,Strength,Body weight,,Abs|Triceps
57de4d758af8162dd16868860eb79363475c5cc14821f05e46d885f5a4f1c878,467212,44412,Elbows Back Stretch,Stretching,Body weight,,Chest|Lats|Shoulders
954e7306fc8654c97e7f33435b7a014787760a4befdec80b1b16f4aed582e7d7,381212,,Elevanted Push-Up,Strength,Body weight,,Chest
db0f05779369cba584e5418941788936640b68f05a2517a181622fc68f6d235d,567912,,Elevated Cycling,Strength,Body weight,,Abs
6d3956fcff5db68c17bc7d24b3573711ca7486d0f5c810ea3c77de6dcbe77c0e,500912,,Elevated Standing Calf Raise,Strength,Body weight,,Calves
d126be0cbb384f5a747a99d71c22dd7d9e37644c5db58655ec11d610a75e6c31,,265812,Elliptical Machine Skiing,Aerobic,Special Machine,,Biceps|Calves|Forearms|Glutes|Hamstrings|Lats|Quads|Shoulders|Traps|Triceps
c07f66ac09bd798275b7db63347e396e05e6e8dcefa74fe3571821eec252a106,219212,226312,Elliptical Machine Walk,Aerobic,Special Machine,,Abs|Biceps|Chest|Forearms|Glutes|Hamstrings|Lats|Quads|Shoulders|Traps|Triceps
7eaafa18407709975835230bbe03a7ead8801bf146a63a9ab58280294b94fb6c,219412,,Elliptical lateral Walk,Aerobic,Special Machine,,Biceps|Calves|Chest|Forearms|Glutes|Hamstrings|Lats|Quads|Shoulders
8e6fc84643db09d8d23a7fbd94233918671fd59fe3339c1950a6a877bbf08153,546012,,Explosive Push-up,Strength,Body weight,,Chest
4fac3b32fdd4638f65f102ae19b967d12e197c20a66f1ab4a7c1cb8ebe99b39a,522012,525412,Extended Side Angle Yoga Pose,Stretching,Body weight,,Abs|Glutes|Quads|Triceps
02172d7e892194f879b3ca07374029cb41dbaf7f98b9b18fdb9b33b18492a165,184412,,Extension And Inclination Neck Stretch,Stretching,Body weight,,Traps
619a474b48dbb91f8e0d0b0b974e005e7394f0328f257f9eead33b956e113324,181612,,Extension Of Arms In Vertical Stretch,Stretching,Body weight,,Biceps
5e8f008d0d1c80dfc9d12c37ab6e6caf0c9244328a142e2fa61ae87014994266,213312,577612,Farmers walk,Strength,Weighted,,Calves|Forearms|Glutes|Hamstrings|Quads|Traps
3d1b81aa8d248a1a119ef180d521573b50e4a968d99f079bfbc0bfa91abf61ed,428312,324612,Feet and Ankles Rotation Stretch,Stretching,Body weight,,Calves
5b999d0248ae298e1a68d74825950a897190a7993b95d57d4c28f5a9b6b9f778,,324512,Feet and Ankles Side-to-Side Stretch,Stretching,Body weight,,Calves
0d8149233668c74fe37eca0df8e7863b2b502b18aea02efc00f0f16124cc0f83,428212,324712,Feet and Ankles Stretch,Stretching,Body weight,,Calves
795109a765cb2b95575705bde720ce6812db1dae1512e063c30c31c3b18958f6,622312,,Finger Claps,Strength,Body weight,,Forearms
7400493e465232b96b312a652a85c3bb0bbe2475aed10ec51ff94441adeb7d1c,398112,,Finger Push-up,Strength,Body weight,,Chest
9d62c5b655bd66375beacd801b6fe4a733122541c017b5c08b99fcae604e8a9b,209112,,Fingers Down Forearm Stretch,Stretching,Body weight,,Biceps|Forearms
dd22d8ec108bf716e6ca2b3bd5d960032ecae11eba981de82767167bf93b8905,105212,,Fixed Bar Back Stretch,Stretching,Body weight,,Lats|Shoulders|Traps
12d2dfd9bd9d8a2629337efbca2ec317eeac89ab420f7f55db7dfff5c2ad29bb,592912,,Fixed Feet Sit-Up Stand,Strength,Body weight,,Abs
788870931b5663c264f605e49e31b85363ec35a5ca10602fa97ff02ab75489ca,339612,,Flexion And Extension Hip Stretch,Stretching,Body weight,,Glutes|Quads
895f83504442537ac21c1ef22815c3a932f068d8399e7efd9b1ea50dddf9e4e0,45712,428412,Flexion Leg Sit-up (straight arm),Strength,Body weight,,Abs|Quads
c0dabb45265251e710fb2e0a54b43086f4da95af5aabe13d60fc4a88bfe37348,,327912,Floor Crunch Feet on Bench,Strength,Body weight,,Abs
0215d2d4a558aab669c27d3b3817e6eb98b7c2aac6f8d73c0ac8aaa9bd8925d0,,239412,Floor Hyperextension,Strength,Body weight,,Lats
3920d0cfec15c5cba3a65432dae5cc27d0fdba2324cab36b8c10648155608291,,284412,Floor Hyperextension (V2),Stretching,Body weight,,Lats
7e0ce5fccf56ed87944c2752b70755867b0c7712353da61e16f9b4130121f4a2,382912,,Floor Hyperextension with Towel,Strength,Body weight,,Lats
d184c8563f6924560c5ccc6a563ae3c4d3e1a27c5828b5e29bbb32601d0045fb,322512,320512,Floor T Raise,Strength,Body weight,,Glutes|Lats
da5509895dbb8d01ee2edac75636f47dea1b9713203316b5c899a9ce8dbe6a41,45912,,Flutter Kicks,Strength,Body weight,,Glutes
bed69a04abe66503de60235b1e5021921ee06df3c990a3d751cf115f0548892f,117912,573412,Flutter Kicks (V2),Strength,Body weight,,Glutes
f724a6fa620051ee3d5d207ce3e1a496518b5a6a64965390ed8d0e8cd2c53667,124412,464312,Flutter Kicks (V3),Strength,Body weight,,Abs|Quads
3b2259b4a02cc378d1bbc297c8c5cf97d70c9e1754b76e3365b8a1162ef5c083,502712,,Foam Roll Serratus Wall Slide,Stretching,Foam Roller,,Abs|Traps
bd6f81fe7a229982abcfa7bf18387e03aa01077f80be42703fe8d8804a015c79,276512,,Forearm - Pronation,Stretching,Body weight,,Forearms
8dac3c2b120e0480ff841379ebd425d4f444a67ae5274d690cfc3e2eebf1b6a8,276612,,Forearm - Supination,Stretching,Body weight,,Biceps|Forearms
3cb9c01c4ef4ebb9cf99e27405e09e40186fbc0f8957d247d6e0655d5f893340,512712,508612,Forward Backward Sideward,Aerobic,Body weight,,Calves|Glutes|Hamstrings|Quads
2c672b2c008988f3c2f2e9bf20bbaace98c697fe65cff4a7f2106da0574a6e3f,183612,,Forward Flexion Neck Stretch,Stretching,Body weight,,Traps
39c93c661d5d97aef2b4d154b485887088970e2dc94855ea86989301937113e0,347012,,Forward Lunge,Strength,Body weight,,Glutes|Quads
548dbbe6614fe012ff5dd82a035289e12dbfb1cd5f0211f737499d5d262cb919,370212,,Forward Pulse Lunge with Hands Overhead,Strength,Body weight,,Glutes|Quads
43e14e87f5cbd39b797eb04d96828cb9c185675e7dc36d100cc36eb2a55fe127,,562212,Forward Punch Toe Tap,Aerobic,Body weight,,Calves|Chest|Glutes|Hamstrings|Quads|Shoulders
71e93d6697e639946b713bba84cd88cf3b627faf742a7ae7069d56fbe8e9be4f,,591412,Four Limbed Staff,Stretching,Body weight,,Abs|Calves|Glutes|Hamstrings|Quads|Triceps
6d3d85a656147bb30f82037dae1ab79e397a76a55c2ad40aee780cc75374a7ef,242912,252212,Frog Crunch,Strength,Body weight,,Abs|Quads
cafeeedae6b4b3e3c703c8c3f0f6c798214a9d0909a6170274c0c6e093a04094,,628312,Frog Crunch Feet Together,Strength,Body weight,,Abs
e353739ebc2c7bbb515c03d9984b74155c18c8406c95161e65da71ddb28a7aef,,628212,Frog Glute Bridge,Strength,Body weight,,Glutes
7fd7d996898a415d30e2bf58af3e5a195ce565c50a1185fbc225fdaf14d3d4cd,,275712,Frog Hip Thrust,Strength,Body weight,,Glutes
0a58b2e3258154c4422476311dfd74209f15f8db098c93263af1a95bd0b95fe0,,317912,Frog Reverse Hyperextension (on a bench),Strength,Special Bench,,Glutes|Lats
d0c0c103e91995ecabb99262e130fc4397f452496fe4fd64aa93e7036d6a5489,547512,,Frog Reverse Hyperextension Tap on Floor,Strength,Special Bench,,Glutes|Lats|Quads
48224d8e97e7795aebab06f871fed48b9753dc4fe5c8771ca2dbbd3ef61f6568,,46112,Frog Squat,Strength,Body weight,,Glutes
f4a6120ace81747c93becc7cd24d8ef89805ccfefb0be2916c651c29d8034e1c,330112,,Frog planche,Strength,Body weight,,Abs
cb77638e1645423c11ef80d3548680f94a87240931184e5f144eea93269cc354,370312,,Frogger,Strength,Body weight,,Abs|Glutes|Quads
74f767c3eaf22211069ff1a2915bf0668c5a5edaafdf59615ec1e08a14c35400,601312,,Front Leg Kick,Aerobic,Body weight,,Calves|Glutes|Hamstrings|Quads
65f7d0dfbdcbe8ae590d9d389648fa719cfd13c1dc4be84119596990e4b2efda,609412,560212,Front Leg Lift Under Knee Tap,Aerobic,Body weight,,Calves|Chest|Glutes|Hamstrings|Quads|Shoulders
4ea949c568dafc6145c791b5a1a61b50f94a421d2a1b90580f6cfdc9a45bc3eb,329612,,Front Lever,Strength,Special Bar,,Abs
a95adf932efed4df324efe6923955a90ac75453b419b9245c40f719de8535bc3,381412,334612,Front Plank Toe Tap,Strength,Body weight,,Abs|Glutes
dcca36a0b144982986c4f0253847c50b3742838d9ded4601c2c8d4b5214a18cd,,520012,Front Plank on Elbow Toe Tap,Strength,Body weight,,Abs|Glutes
6861d28802edc91551a76cbe3a0876713d8ae5d09fb7cf70402862e670c6d425,402312,,Front Plank to Toe Tap,Strength,Body weight,,Abs|Chest|Glutes|Lats|Quads|Shoulders
c18bb98c6cb1c8c7de7b28572d75ce0d8acfef68160f661d596a8ee53988d9e8,546612,289612,Front Plank with Arm and Leg Lift,Strength,Body weight,,Abs|Glutes|Lats|Shoulders
87da7e95fdc3b3e55daf41a01be36f964156cc8c2fc0b811f214f82b4f199a0b,390712,289712,Front Plank with Arm and Leg Lift (push-up position),Strength,Body weight,,Abs|Calves|Glutes|Hamstrings|Lats|Quads|Shoulders|Traps
b8401d16b95cfda661894011261c769cc3039ae208645fce991bfec38d7a279f,350112,289812,Front Plank with Leg Lift,Strength,Body weight,,Abs|Glutes
15024d0e158b0f84b078a9bb6a537933a3146107eec602462de2fe75a3791d37,46412,,Front Plank with Twist,Strength,Body weight,,Abs
8e26a2a88a73f865681b224ff18337911614771c041784f44a7b6df3a67f1b64,,535812,Front Scoops,Strength,Body weight,,Biceps|Shoulders
db61399ad18c91f68d313899970e01b5816c35ecfcf09e7b624ffe9af7e8f3e7,,324812,Front Toe Touching,Stretching,Body weight,,Abs|Glutes|Lats
82cbf9f92e25900ee0ac1437bbdb6bbac8e7c63eabf9b582c8f396ba0fa6774d,,556912,Front and Back Arms Rotation,Strength,Body weight,,Shoulders
61f087b1f4c2b6e9569bf73ed665a58240882165ef64a8ec9d7d62b753f8636f,46212,,Front and Back Neck Stretch,Stretching,Body weight,,Traps
bd06e8b4682cfd401289d0c7d8c4dbac215fc11940d393801f804ac5fd68b1ff,627912,617312,Front and Side Knee Drive,Aerobic,Body weight,,Abs|Calves|Chest|Glutes|Hamstrings|Quads|Shoulders|Triceps
5d4eb7b19554b36776edb91cffa66934364d09ac7dc26659cb3737bdd2b97e99,517112,,Full Arm Rotation,Strength,Body weight,,Shoulders
6600d2f338ab82409b1b4d0b80c6784c124340ffe7f60645b00b81e236150fc8,332712,,Full Planche Push-up,Strength,Body weight,,Abs|Chest|Triceps
677cfa577f01e59403b7120df4d5937e1455f2e3c4a6f70faed1f58504270df5,350012,,Full Squat Mobility,Strength,Body weight,,Glutes|Quads
c52615904bb34884cca85cd276c441b2652f6f535703f25e98f6bd01737b35e3,329912,,Full planche,Strength,Body weight,,Abs
b406fe2c6dda941e0f72b3b23f1030f6d8189917dc30c78b840fa4b48eb19103,,632212,Garland Pose,Stretching,Body weight,,Calves|Glutes|Hamstrings|Quads
fdb3bb09137bc37e10429b3c7a020c4e9a7ff1ee3802bda3841735140ebb6fda,66812,247112,Glute Bridge,Strength,Body weight,,Glutes
d86488338407eb24147a68663ea33fdc5a1cda4b4638bbf2c964c0c3ca416a99,,587012,Glute Bridge Hip Abduction,Strength,Body weight,,Glutes
c2c702735bfbe996d46a385a52cb532bd69f1e2f93c76812bce282dd05c7dc20,,638512,Glute Bridge Hold with Kick,Strength,Body weight,,Glutes
e3d87211d999ff540820b6fe959d7766844c65c9c49aba3f4a31d9a2ef691d9d,,381612,Glute Bridge March,Strength,Body weight,,Abs|Glutes|Quads
fe305c94689f6ffc9798454170feda21cc967335a76d1e26f72ff6b0617f4cdd,,247312,Glute Bridge One Leg on Bench,Strength,Body weight,,Glutes|Hamstrings|Quads
3f835c533e3e89f01d7bee7217aff35e88fdf3cf50a55c5df39c6c90180d38e1,,247512,Glute Bridge One Leg on Floor (bent knee),Strength,Body weight,,Glutes
d95c03f1a2bc83f6701eddf48d05847ae33a62d926ba96b018af8540fa72545b,352312,247212,Glute Bridge Two Legs on Bench,Strength,Body weight,,Glutes
95c41d0ebb01609dfd2766942f3cfba4ce5c06fcc6427a3ff3499262c88d8aee,476212,,Glute Ham Developer Hip Extension,Strength,Special Bench,,Glutes
80ba90cc54f3584c5ba59994e2bc110793c83477c3ba7d4ed7916627480cf99e,445612,577712,Glute Ham Raise (V2),Strength,Special Bench,,Hamstrings|Quads
45cf75308ce51dd8719923fa74ba1b1652f787f9b8bddee7da4ce0501d447310,505112,,Glute Ham Twist,Strength,Special Bench,,Abs
dadc41aa40427825e22c004881d982ca6da8e4bdd14e59a558626dd21c192c68,339412,,Glute March,Strength,Body weight,,Abs|Glutes|Quads
badc616d607be32f3061fc2d4459fc03ba01090b690b9c21983733bd582b4f12,212912,,Glute-Ham Developer crunch,Strength,Special Bench,,Abs
876ca6630d11b4cc4210ced6b44f7205a12a1ac68c150a08570898d65f9570aa,454712,,Good Morning Squat,Strength,Body weight,,Hamstrings
e13c53c0370ded074a6a71910f70ed00658503730b7136643be23718dd71329e,46912,,Groin Crunch,Strength,Body weight,,Abs
bff7b570174cff03650cb4d695eab28c83be743b7d1affcb596670ddcde82c52,612412,,Half Chest Fly,Strength,Body weight,,Chest
2e4c54a97e52a1e344d60dfc72421bd8e94bbdb2b6da99defa9ed6e65cac1bd7,,617612,Half Frog Stretch,Stretching,Body weight,,Glutes
9b91ff48ed2a51337635d8fc22bcab8314ff55b64bffce78cb0e40389d1cfeb1,322112,,Half Knee Bends,Aerobic,Body weight,,Calves|Glutes|Hamstrings|Quads
a7f4bcc61bd018f9123b5e25552d040c14b8d24da7d63ecb0c4f3fca7c845ab9,,640312,Half Plyo Squat Jack,Aerobic,Body weight,,Calves|Chest|Glutes|Hamstrings|Quads|Shoulders
5ec12c3b7fb60bee225d868840b750cceaa5d92c3997652af9fc2febc52d7f26,,638112,Half Plyo Squat Twist,Strength,Body weight,,Abs
a772758bb9c6aaec4e1cab158b2dc840be37be5fc88ed1e4a683f3236ddd3472,320212,,Half Sit-up,Strength,Body weight,,Abs|Quads
2634f9747e3405035727098472d7e9f8105ac0e8569877e72dab46f4d6482102,600612,593712,Half Squat Side Reach,Strength,Body weight,,Abs
dca0d117dadd7711fd53d49c6bac32c31bd0f6882f9951a59f860bc0c9dd3eb8,595312,595512,Half Squat Torso Punches,Strength,Body weight,,Abs
23e8abac832eee4932b7e67f3366bdc530f0e8aff7b2c0ea4816d902239843e4,124812,643212,Half Wipers (bent leg),Strength,Body weight,,Abs
9ba587b1dcf4549e397dfae1c6f2d47298720257908006123c9474a911d62bdf,594112,,Half to Full Jumping Jack,Aerobic,Body weight,,Calves|Chest|Glutes|Hamstrings|Quads|Shoulders
9a40273e17a5057f3f200bf2922bb0f2db3c2e52caba36f2759b9813aef24241,186512,389812,Hammer-Grip Pull-up on Dip Cage,Strength,Special Bar,,Lats
e7a57b99342e6c8d339ec341a86047857bfada27095de7e350d82ab97e009790,151112,428512,Hamstring Stretch,Stretching,Body weight,,Hamstrings
7a8388475a328f4025146956688983160cf9d6f4ee14bc3f8ec8961952fb3f05,,599212,Hands Behind Head Chest Squeeze,Strength,Body weight,,Chest
c393efc8bfe62a8a2d5dcd95d40b6f2a0d9c0fdf39b98d6f7826fb26e42f406c,,586812,Hands Hold Step Out,Aerobic,Body weight,,Abs|Calves|Glutes|Hamstrings|Quads
87989bf3c428767320237250b86e1e4e879e6c39aedc30f5d5aadeb9661ca335,522812,394712,Hands Release Push-up,Strength,Body weight,,Abs|Chest
e995daa48c9cb73b99582da8099c3a006e24487652aa7cd32b593e8bc0825481,213912,,Hands bike,Aerobic,Special Machine,,Biceps|Chest|Lats|Shoulders|Triceps
438f08e4a571fe33a9a5666dc85d0c9b31fffee1e102979e2a27870bd41e1075,,585012,Hands-up Side Step,Aerobic,Body weight,,Abs|Calves|Chest|Glutes|Hamstrings|Quads|Shoulders
1955dd44c202789163b6b11186542937385fe0bb6cf6b7c7e4a8e797b4e22251,330212,,Handstand,Strength,Body weight,,Triceps
fa2454a980cdaca887798a31218dd82e1efbbae6f78917dfdf5dc8b895d6a582,47112,238312,Handstand Push-up,Strength,Body weight,,Triceps
71973043196059f00f433ae53cbec574bfd11b92d7597343699b22932845d793,516312,,Handstand Push-up (V2),Strength,Body weight,,Chest|Shoulders
aa4d2e0d8e0d3e33d55dffabf649504641c289ab255735a5f5c9b97053d0d5bc,615712,,Handstand Push-up against the Wall,Strength,Body weight,,Shoulders
166c87dcf86c16e4a3ed77e648d67067e8457887513fb610813d2476a91e44a0,437612,,Handstand Walk,Aerobic,Body weight,,Lats|Shoulders
a4295eb36d6b8f4963c193c7ea1937773f27ae35def3fe95c9178cbaf728f5d5,576212,,Handstand against the Wall,Strength,Body weight,,Shoulders
c5d31117b3289b6559b00da5aa95ef6b1b51755499100f8070bda5a2143ec74e,514612,,Hangback Bar Stretch,Stretching,Special Bar,,Lats|Shoulders|Traps
6abc48be68a0292cb2418e41a5baf50f049726f7adb9adffeec6de3e42a7e086,437312,,Hanging Deadbug,Strength,Special Bar,,Abs|Quads
f0dbfae31acdb203cdc9a519df996ee01d7e9de7e5025dbe94b2e5384aeb1a1b,389012,,Hanging Knees to Elbows,Strength,Special Bar,,Abs|Quads
eda4e6e73769bf1313bdcdcfb486bd43104dad813a35eeae47d9a7e68d7d045b,176412,255112,Hanging Leg Hip Raise,Strength,Special Bar,,Abs|Quads
f8fc0d5491addb22fc4362ac6ac350428326c0da90d418ecdd342bffc69cd998,522912,,Hanging Leg Tuck,Strength,Special Bar,,Abs|Quads
27805d3c072dd369a4c7aee5e723132c56ad542d04abd43f081aa4a964383f67,176112,309012,Hanging Oblique Knee Raise,Strength,Special Bar,,Abs|Quads
5357e2f6b0d65495b5e382a4dc7950b3fc9dd1d536592e03c43ad6817b7a3a2a,47412,360412,Hanging Straight Leg Hip Raise,Strength,Special Bar,,Abs|Quads
81dc1174a515955704a90d86510d2649a743da64179d9f565412309b35ee48ba,47512,253012,Hanging Straight Leg Raise,Strength,Special Bar,,Abs|Quads
35f4d0a3ff3f9ada92000d9c09134d018eda5ca8c738c8c4f99c864f0d0d10d2,389112,,Hanging Toes to Bar,Strength,Special Bar,,Abs|Quads
ac916007d77230a53ac4a5a0a069b44f96ac4e2b108d74e6d7074da93f35b88d,,591712,Happy Baby Pose,Stretching,Body weight,,Glutes
679dee481ff234a2428032779b8b0683da10f73e78c27c0a53c529ee0f4afc24,,594812,Head Full Rotation fPOV,Strength,Body weight,,Traps
5aea245bf951eab9744d9d25af4100de474d4de6fcb52dd1be0bf39cc9f154df,,643512,Heel Glute Bridge,Strength,Body weight,,Glutes
a3a3e34c8fe477cd87aaad0365e8122c465060e8a51ca03c31170d1922bfb0de,505912,,Heel Press,Stretching,Body weight,,Calves
61a6e4b8fa64db67d298b960f7de0cba7100ece40f07933a54cbe29117f99e11,583912,,Heel to Heel Tap,Aerobic,Body weight,,Glutes|Hamstrings|Quads
e3915ae269b8ccd7cefab93c716ede07b67954c5101dcea996a32cb3d9756334,,593512,High Knee Double Twist,Aerobic,Body weight,,Abs|Calves|Glutes|Hamstrings|Quads
4e4072f02dcac7593e1d3f12e3d50137c5185a7985ea1a5363488f334065e24c,547812,,High Knee Lunge on Bosu Ball,Aerobic,Bosu ball,,Calves|Glutes|Hamstrings|Quads
56a3aa10367aeb0e9015b5f4647cb0fabc3bf19b07f8f9f4cc77b6b5edd11e11,635712,381712,High Knee Run,Aerobic,Body weight,,Calves|Glutes|Hamstrings|Quads
2659b128cfdc9a3d50b5255781c8b9a866fd2a39354c622333402bcbe3c5ff63,309112,47712,High Knee Skips,Aerobic,Body weight,,Abs|Calves|Chest|Glutes|Hamstrings|Lats|Quads
804d5ad580413872209f5ddd2a97cd734b50f2d786310cc1a761732507533453,370112,,High Knee Sprints,Aerobic,Body weight,,Biceps|Calves|Chest|Glutes|Hamstrings|Quads|Shoulders
ac8afe87b39dfacaf091ca84251a43dc0b675d51ab4a040104eafe1aeaa65056,309212,47812,High Knee Squat,Aerobic,Body weight,,Abs|Calves|Glutes|Hamstrings|Quads
463313cc34a46fde0698dafdce0e7bed6adeb978743717a09ad74441db3b1e1e,443512,,High Knee Squat (V2),Aerobic,Body weight,,Abs|Calves|Glutes|Hamstrings|Quads
81ca791a8259b560a6c7bb17b03cff3dc1119da8ebfe72acb761f425ca2b5a7b,463612,464012,High Knee Squat (V3),Aerobic,Body weight,,Abs|Glutes|Hamstrings|Quads
d789ef12ceaa9af72dd86b005718660c9c1d1a007fe97cba25b8136ba98e81bb,561612,,High Knee Star Tap,Aerobic,Body weight,,Abs|Calves|Glutes|Hamstrings|Quads
ebb1ec69b5eef3156ae2326f7f4acbfa64322dbc39e3e6f2ab55e8c4f8a752e6,553712,609512,High Knee Tap,Aerobic,Body weight,,Abs|Calves|Glutes|Hamstrings|Quads
c8df9d9b204d432b8c67eadebcb6e70627f03dfe652fd004a987bc8e507157d0,,638312,High Knee Twist (V2),Aerobic,Body weight,,Abs|Calves|Glutes|Hamstrings|Quads
236a7e204209d9e370a5c5b74a3abd8de6f0d2852a86eec8e7e5b8b937138cbf,463412,,High Knee to Butt Kick,Aerobic,Body weight,,Calves|Glutes|Hamstrings|Quads
a69019e575abe4d83b2677c06e378d10afd42d5de589df3405c5f7b5ffdd065e,,589112,High Lunge,Stretching,Body weight,,Calves|Glutes|Hamstrings|Quads
6ccadf0ad594643754e093b1a5c28e0fe9b5382021ce29f9b696bb0eab90d36c,635112,,Hindu Squat,Strength,Body weight,,Hamstrings|Quads
71114d8b44173b710813c58dee1073142b51e44de803a3345a6b2878780975b0,276712,,Hip - Abduction,Stretching,Body weight,,Glutes|Quads
32cbc981f1bf76e6cac37c106b8d9d7bc6996cbb5779c827222128eb2cd21da3,276812,,Hip - Adduction,Stretching,Body weight,,Quads
0d0957cd333e50e647dcfc4f210626c770dd86b481708e347571ee2d20beead2,276912,,Hip - Extension,Stretching,Body weight,,Glutes|Hamstrings
b69f03266cf69ec5cb8ce754965caf0191dbd44cea18d8201afbf5c5001fc5df,277012,,Hip - Flexion,Stretching,Body weight,,Quads
c2f8f6636e42fd77919318f15ea436d7bc28ee7d7b839cd2006d085169af3938,277112,,Hip - Lateral Rotation (External Rotation),Stretching,Body weight,,Quads
972c345c54975a169b763ec27120f490959207dd42aba75766ca131fc5118047,277212,,Hip - Medial Rotation (Internal Rotation),Stretching,Body weight,,Glutes|Quads
8c8dfd32d7675ca601e5ec50cf79dffb59256c74b6f316eb45d0f23b30768a2a,218012,,Hip Abduction,Strength,Body weight,,Glutes
200b6fc8b78cceeccfa53c8c15a15fc9469ee6fd0e7ac77b9e29ad27ab659f4c,552612,,Hip Circle with Hula Hoop,Strength,Special Equipment,,Abs
cd89259fb020534b1e2fa2b6deb1aa5c73e321e95e6594bafa1cf19c32ebddb0,428612,184712,Hip Circles Stretch,Stretching,Body weight,,Glutes|Quads
2fb92286abfbc779b39237645e97998907cbf2f9e9dd50dc9a77cae146693277,487012,631012,Hip Clam Shell,Strength,Body weight,,Glutes
8339cb57bfaf12a7431f7ebc1d1ea55983124ec26f8bcbb89db7d2d31f6ea974,,513612,Hip Crunch,Strength,Body weight,,Abs|Glutes|Quads
81a270a916f059a2e2b804cc95e1384f6d81cc8aba8e5ed80fc576ca3471cf2f,467312,48312,Hip Extension Stretch,Stretching,Body weight,,Glutes
1a89949a6491e68b606e6fc9155fe518373717ef6ebb9734518f2937554d6d01,467412,256812,Hip Flexor Stretch Rear foot elevated,Stretching,Body weight,,Glutes
389c1fb9f6a17c48992290b38bfa99b94b3e4dfeef3b5ca30f036c1c840f9deb,639112,,Hip Lunge,Strength,Body weight,,Glutes
71d685d0c159442551870ff6cbbd4a0387b345ced383c63cc1d97da4270eb54f,48412,265312,Hip Raise (bent knee),Strength,Body weight,,Abs|Quads
b1e56d97c8f8be280b33a54f4add93a76b683b78eb542b141256aef01243395e,,48612,Hip Raise Bridge,Strength,Body weight,,Abs
3edf833ca7dbf53df8436e621f675cf6ebebda7f8d1bd107fa23f49e02710e17,438512,464912,Hip Roll Plank,Stretching,Body weight,,Abs|Glutes|Lats
93f460deaab0c57e49f45dee9a88ed6e6582bf37619412206bb3163ad5c5ad0b,634212,,Hip Squat,Strength,Body weight,,Glutes
9bbfe8d85a418ef2024666688ec2c7e261381486fc9d17d75ca69e27681554a2,461512,511412,Hip Swirls,Strength,Body weight,,Glutes|Quads
fa717555fd6080b48471baf185984d42b8309b90fa5e1bc8c7e770b45edc609c,207212,214512,Hip Thrusts,Strength,Body weight,,Glutes
5f39b9e21603704c989ac4052d1322db3ac5841be92194667f74991bb2b0a58d,,284512,Hip Twist Supported Arms,Stretching,Body weight,,Abs
886c7ab2c542d2aca76214ee22dab976531f90f19a1ecfadb7c88ecc55819529,634412,,Holding Squat,Strength,Body weight,,Hamstrings|Quads
bf8b144c1c6259b9e771792b0eb417c10db05e4cbbaedca6d19d298c6d4506b2,124612,,Hollow Hold,Strength,Body weight,,Abs|Quads
d8641a857ebd62808376155a151fbc0f093510861fd003dbc9e3245b403d459e,564912,,Hollow Rock,Strength,Body weight,,Abs
745c00b683f7b0326487fbd149da585ff9ee6532cccd83e61ba8ba9b777f22e5,458812,,Hook Kick Kickboxing (Boxing bag),Aerobic,Special Equipment,,Abs|Calves|Glutes|Hamstrings|Quads
7c631a220130903fc529b980ed4bab01406cf51e555f9c530611bc70bd05d10f,495412,,Hop Toe Tap,Aerobic,Body weight,,Abs|Calves|Chest|Glutes|Hamstrings|Lats|Quads|Shoulders
56a83470e663352d939bfe03a95223dc84fa2dd48b4e4b82cd6b218a49c230b2,,284612,Hundred,Stretching,Body weight,,Abs
424f6be1762e516456bea5cef4aa2af95cadbbbc50ad33c488db8506f31b1fd7,323412,,Hyght Dumbbell Fly,Strength,Dumbbell,Special Bench,Chest
f12a2cb7ce885bec6d0a9bd1cd7876ab84fa2d9863c001a2ab17c1c515bb2402,48912,,Hyperextension,Strength,Special Bench,,Lats
938a981500d714d8e5bf189984a37aa2c0514ffd909de74fb526dae735660f1e,186012,,Hyperextension (V2),Strength,Special Bench,,Lats
c1b72697999b4c4479c65c354118cbfbda9ac656e57d7c6ebe20b873a0e1e1b3,522212,,In and Out Squat,Aerobic,Body weight,,Glutes|Hamstrings|Quads
fa3a2ea7c668e7230e18cc15192df9dbeaaaf0baa6d97624e2cba2c4924463f9,147112,466212,Inchworm,Strength,Body weight,,Abs|Quads|Shoulders|Triceps
bebab2c878b215faa1cb7a7ea56e4a56407fde56b359863096a873a18b105097,465012,,Inchworm (V3),Strength,Body weight,,Abs|Quads
6470024263ab546412ddcde3c232d029d9da83927190b704c65cae849f0303b9,559812,,Inchworm and Mountain Climbers,Aerobic,Body weight,,Abs|Biceps|Chest|Forearms|Glutes|Hamstrings|Quads|Shoulders|Triceps
6948d93cc8dcac59af2f6e3823f018438ba03479b503d7a4a77b793434cf5e88,593012,,Inchworm and Plank Leg Lift,Aerobic,Body weight,,Abs|Biceps|Chest|Forearms|Glutes|Hamstrings|Lats|Quads|Shoulders|Traps|Triceps
e7800919fd6b3e877df83d6c49a876140acb4b0a8c044ffc78d8aa9ddb47f7e1,516012,,Incline Close-Grip Push-up,Strength,Body weight,,Chest|Triceps
fe87bb09142671471cd913edc438a45f4829212fc2b1a3560605e4a7f72989df,49112,270312,Incline Leg Hip Raise (leg straight),Strength,Special Bench,,Abs|Quads
f4341d290e19475a5151243dd5b59909e7aacffd2fe0e3bb501c936ef93a821c,378512,185112,Incline Push Press,Strength,Body weight,,Chest
1800b05d74eb0594b0a922661fa4eaadc5f347ff8eb022a162c8ef73960b33a0,49312,,Incline Push-up,Strength,Body weight,,Chest
741332f051d93428c60b690158001f482b118c19354c74c10de188ab51dd9654,334812,,Incline Shoulder Tap,Strength,Body weight,,Chest
a612cd260ce6c51ea9824f18290c22ea429421e4d273dfea49f299a0d9d9a7ea,506812,,Incline Svend Press,Strength,Weighted,Special Bench,Chest
f21ef1ff8de907596c3a39a51909ff93896cd5df5ebb8c3da95d11741dad334a,49512,,Incline Twisting Sit-up,Strength,Special Bench,,Abs|Quads
291303c69d8a263bdabe254feee2d48cdbff565808cb855117c2fc5f00bdf546,119012,,Incline Twisting Sit-up (V2),Strength,Special Bench,,Abs|Quads
5746c4ccaab67a630e5c4b185bde7fd09bffb300f118539bd0c3dd02c4b15856,610912,,Inner Thighs Pulse,Strength,Body weight,,Glutes
949ea55b275e4c98fe134c9cd66be0e412a2aeb7099c64025f5eefa6f78c8560,622412,,Inner Wrist Curl,Strength,Body weight,,Forearms
ccbffb2f8c008ae43a3e527b0f39d96e4e5031749a3f2acad08042998986d6c0,156412,428112,Intermediate Hip Flexor and Quad Stretch,Stretching,Band,,Quads
7102a5c3ba37ab3224ba7dc8da73ec4a1a17555996815dff3b48b0e72933a7ec,240012,,Inverse Leg Curl (on pull-up cable machine),Strength,Special Bench,,Hamstrings
3a5ffe25a6e1c41110461d99c9104e5c0f3bc8aaafbb785d7b65b7857626f32f,498812,,Inverse Leg Curl with Bench Pads,Strength,Special Bench,,Hamstrings|Quads
738a36726e9344d5a54fb8006bef6e987eeb808bc9416d184b12c9eb287f309e,348612,,Inverted Chin Curl with Bent Knee between Chairs,Strength,Body weight,,Biceps
5af5977b1d0f5c30d5c9944afd799dcef7bad04429fd168ca60a543b1ee6942d,49912,229912,Inverted Row,Strength,Special Bar,,Lats|Shoulders|Traps
0f8b48b13bebc51da56b3b0ce8d50952bbc3278d5f87d88d994778fef1a0c526,230012,,Inverted Row Bent Knees,Strength,Special Bar,,Lats|Shoulders|Traps
30180d164475baabd1dd093e7a86e94513e9069dbf88eacd145a82558ad8fe4a,338812,352012,Inverted Row between Chairs,Strength,Body weight,,Lats|Shoulders|Traps
8a1a4531b28001894762cdb3433a88a201302edef40284a5648bf7be833edb79,348512,,Inverted Row with Bent Knee between Chairs,Strength,Body weight,,Lats|Shoulders|Traps
a00ecd4560591390d6c6da7d9de942ef056c1d27b2031f45d79913d5e7405836,49812,389712,Inverted Row with Straps,Strength,Suspension,,Lats|Shoulders|Traps
7d0377fc6f66170832bce676d5711dd581957063dc6b054aceb668334bb8ce01,141912,328512,Iron Cross Stretch,Stretching,Body weight,,Glutes
a0a51fa53527e4852d6f199a3bcb1029aa40834e1c40ebc01ac774f7def480fa,50012,,Isometric Wipers,Strength,Body weight,,Chest
6309e6ee4c019b2e57df1252ec2405f11161178b556e40a29528449e7cc317c8,390912,,Jab Crosses,Strength,Body weight,,Abs|Calves|Chest|Glutes|Quads|Shoulders|Traps|Triceps
52aa9332ce22d91ab206142d8b98cf43d85416ba687ce074333ae575760afb6a,322412,,Jack Jump,Aerobic,Body weight,,Abs|Calves|Chest|Glutes|Hamstrings|Quads|Shoulders
f44e2cf23ae0ffe6c3c31ce8dc71622a340ef6aefea86d4c188b9bacaebb8c56,,50512,Jack Split Crunches,Strength,Body weight,,Abs|Quads
cf979ca61427a7089e0ef6b21a3ca992612cd79f65a53d986b584e0a87451afd,443812,548612,Jack Step,Aerobic,Body weight,,Calves|Chest|Glutes|Hamstrings|Quads|Shoulders
57d3c7d977fa83f2524b225968e3093e0c84b82aa035f35b47ce7b08cb7f7928,,50212,Jack knife Floor,Strength,Body weight,,Abs
e72c4cc7951e891bbd5fa3750cd97a8aaeff6e9343c59ce0d02f0a6fb637e9e0,610312,284712,JackKnife,Stretching,Body weight,,Abs|Calves|Chest|Glutes|Hamstrings|Lats|Quads
b64dbc402599fcafcb53aed79be4d7d0934457cbcf109bd063c6ebc5ab03f677,,309312,Janda Sit-up,Strength,Body weight,,Abs
5094ee49822b78aa6eef25e551f0cf952337ca7532006e92d8a5b66f1e046fa9,496512,50912,Jump Box,Aerobic,Body weight,,Abs|Calves|Chest|Glutes|Hamstrings|Quads|Shoulders|Traps
7c13c8e9ecf09abcbe1e7e0ad86274038498be8a247c3819eca16d94621198c8,261212,51112,Jump Rope,Aerobic,Rope,,Calves|Glutes|Hamstrings|Quads
467bcb4968639040170fb8cd0df62b1c641468bf1dd620ca60627c11a087f112,496412,,Jump Shrug,Aerobic,Barbell,,Calves|Glutes|Quads|Traps
f56c1429398a2226c5de272b163c26ad673f9505d88d9407eae0c51122f4a6fb,482912,,Jump Skip Rope,Aerobic,Body weight,,Calves|Glutes|Hamstrings|Quads|Shoulders
6f00e11b747d5b89da070d138c14fbe6745dfb524fb9fa05b180d228243f25be,116612,51212,Jump Split,Aerobic,Body weight,,Calves|Glutes|Hamstrings|Quads
224e025e23ec3bd9da10d6a2932a17365c2a11d5587ab49b3c60c1d6b198fa56,51412,237412,Jump Squat,Aerobic,Body weight,,Calves|Glutes|Quads
1816e964afaa86682f3bc1094c1ff6881392f3b9a3c9f875216d74e9fc2104d5,51312,,Jump Squat (V2),Aerobic,Body weight,,Glutes|Quads
a960921b5b7a1966fcadbdf921a82b14d3f67b834dcf84d345e5ebda41f6ae79,470612,,Jump Step Jump,Aerobic,Body weight,,Calves|Glutes|Hamstrings|Quads
3393f47772d972c0e16dc661fe89bac919a1dd8fcd66c2262d8ebc4c88bd330e,376512,51512,Jump Step-Up,Aerobic,Body weight,,Calves|Glutes|Hamstrings|Quads
502729f440db058e6bb25345882845a5d6cebfd0d4dc75d266f0a78e2064fa42,389212,,Jump on Fit Box,Aerobic,Body weight,,Abs|Calves|Chest|Glutes|Hamstrings|Quads|Shoulders|Traps
53cd8b03d0eec2c888fbc544ef7ac4a77ad261bb974dcb7b4f777113eea7093f,593312,,Jumping Air Bike,Aerobic,Body weight,,Abs|Calves|Glutes|Hamstrings|Quads
1c7e4e183d38620520d275ec46c5c8038e4910391133a0a14a7d57e0eff4569a,639712,,Jumping Air Bike Arm Swing,Aerobic,Body weight,,Abs|Calves|Chest|Glutes|Hamstrings|Quads|Shoulders
f5955d96f8f1bd2a1124b32e9e4b51d4ec055f6fd367b80d28e82b6665a4b82f,309412,51612,Jumping Jack,Aerobic,Body weight,,Calves|Chest|Glutes|Hamstrings|Lats|Quads|Shoulders
63c2337d0b7512564452d6ed88f2703030db16921e9d8ba606173e6a7b1a1ba9,514812,,Jumping One Leg Lunge,Aerobic,Body weight,,Calves|Glutes|Hamstrings|Quads
2f15b6b16cbb526f8bbc7419b4159714dd01835f286c57ec7236d52df776cb41,416912,,Jumping Pistol Squat,Aerobic,Body weight,,Calves|Glutes|Hamstrings|Quads
a2371fac655a7e6796d070f681521c4c442a127389d5287d6425d35d9ecc0c80,119812,,Jumping Pull-up,Aerobic,Special Bar,,Lats
78213c8db697e4cf481634185d2435441ca5c310a1ecf25833080a5d808791e7,558412,,Jumping Split Jack,Aerobic,Body weight,,Calves|Chest|Glutes|Hamstrings|Lats|Quads|Shoulders
43047a2346445be6400ba818b2c8cad8e584170b0674dc56b1e90945db6368ca,567412,,Jumping Squat Jack,Aerobic,Body weight,,Glutes|Hamstrings|Quads|Shoulders
0e0f06ff701a05505595cb15762fb3eba1d930d43bd3ad9f2e2f5885555a22cc,51712,,Kettlebell Advanced Windmill,Strength,Kettlebell,,Abs|Quads
a1169f6a73b6ac3220a78f50a7c511ade835affca5155dec81f37d3ab04e011b,618512,,Kettlebell Alternate Biceps Curl,Strength,Kettlebell,,Biceps
ad805274b113b0c486540036fab82fe3981b69f1a975364367c633f1a2ba298e,52012,,Kettlebell Alternating Press,Strength,Kettlebell,,Shoulders
259ec459c50632fc7ce2754f0021b2361d8735b236ba2362400c0cd9a10a4307,51912,,Kettlebell Alternating Press on Floor,Strength,Kettlebell,,Chest
e7fdb663c192d77334659d744d8f74b43cf8acf4c2905c57c3ac7d4fbf7a8b03,52112,,Kettlebell Alternating Renegade Row,Strength,Kettlebell,,Lats|Shoulders|Traps
a9240941f4e05fa683b6cb327c211f43a9747c0a3a095a41ed25293899d07abc,52212,,Kettlebell Alternating Row,Strength,Kettlebell,,Abs|Lats|Shoulders|Traps
7417950241f9ca5b7a34357686f37f800be5c408b9146642abce80b92a161a30,294212,,Kettlebell Angled Press,Strength,Kettlebell,,Abs|Shoulders|Traps
4d0e56f6aea2e8f42168d13bcc177c20d7fa632d8681f72c07eb5b1f5353f954,52312,,Kettlebell Arnold Press,Strength,Kettlebell,,Shoulders
5d3c6d6992b0c5cbba79559f525d24a7d0df71126f4559f3d50da49a82d4f96b,293912,,Kettlebell Around Head Rotation,Strength,Kettlebell,,Shoulders
724e7d83836d553ab5920a665aa081e6e18742e8dc8e0a54bd4b485f8b05523b,357512,,Kettlebell Backward Lunge,Strength,Kettlebell,,Glutes|Quads
98f956f03904ab1f381d02e767fb74466d4e79779c6364d7a97706a3163fdaee,,265412,Kettlebell Bent Press,Strength,Kettlebell,,Abs|Shoulders
78957c3524d27cd4108b73466107e763cb9fcbd2ab6afc0642102a26ed196407,586712,,Kettlebell Bent-Over Alternate Twist Row,Strength,Kettlebell,,Lats
400824317804d4bbf631a620852940ac592e314966dc42be9df8c90c1efb3cd1,615612,,Kettlebell Bent-over Row,Strength,Kettlebell,,Lats
78ef666cc8a1462613ca52bd17ddf2c65552c87493c57f77cc27fc534929d78b,585712,,Kettlebell Biceps Curl,Strength,Kettlebell,,Biceps
f3a3163e95a1f2baeba6cb128b561091021bb798efc13edda9d2299ee549b888,496312,,Kettlebell Box Squat,Strength,Kettlebell,,Glutes|Quads
33a73e802c645074e00b72c94c2e3b73a7acbc3be97f8f49311bdb81a358ba68,588012,,Kettlebell Calf Raise and Front Squat,Strength,Kettlebell,,Hamstrings|Quads
392bc01bda1825a1dc3816e7775e85b88495ddb92a59be56674dc6dff4d56e84,454212,,Kettlebell Clean and Jerk,Strength,Kettlebell,,Biceps|Shoulders|Triceps
e59e326deb0137f4cf255544e1426cfe5f8c393a341b1752a28cf0b2d33d0665,585512,,Kettlebell Clean and Press,Strength,Kettlebell,,Biceps|Calves|Chest|Forearms|Glutes|Hamstrings|Quads|Shoulders
9a2822c36fb3fcaf91d70b042dbf555990076210e089e77b3aa1c708e79ddb30,585612,,Kettlebell Concentration Curl,Strength,Kettlebell,,Biceps
c77ca7dcc813679380e4238214a2f66832a981bf6c601afafe068bc2810cd215,619312,,Kettlebell Cossack Squat,Strength,Kettlebell,,Hamstrings|Quads
b7482eb92dda9bc3f961d17f1db56a442c8e04909bd9f452254b6d5134994c8d,358012,,Kettlebell Deep Push-up,Strength,Kettlebell,,Chest
4f158bcaa40c04cffbc6809df19ac827c3144f32d8e53be24094c5daef07a18f,52612,,Kettlebell Double Alternating Hang Clean,Strength,Kettlebell,,Biceps|Forearms
45b2eac02682ef071b982101ffb94dc37b16451ddb30032ee05424621f5101b3,52712,,Kettlebell Double Jerk,Strength,Kettlebell,,Shoulders
3a02d26fd9f5160753f857095711193c1c6c4668c0522d1509da448fb6cc1c64,52812,,Kettlebell Double Push Press,Strength,Kettlebell,,Quads|Shoulders
558faf5ede3c083251a3c42a6203b1d951c26594f837ccc89439a2a55d77d8e4,52912,,Kettlebell Double Snatch,Strength,Kettlebell,,Shoulders
334b4a6ed36a0a2efd70659850809b129f0f625c812b862f36cc9f26bacebd9e,357612,,Kettlebell Farmers Carry,Strength,Kettlebell,,Glutes|Quads
1a6dfb8fa71aa87f8fdcec82c5d462d05471b3aa74fed58b29db4631cb20b81b,585812,,Kettlebell Floor Fly,Strength,Kettlebell,,Chest
98e84fd664e7a951aa130b9257ef2322d24efa3e7fdf01c3ba832c872076562b,357412,,Kettlebell Forward Lunge,Strength,Kettlebell,,Hamstrings|Quads
f3feb0fece6e02b75afa7bd2496e4e4759805a0b8d9e86e7373d19944552deb4,585912,,Kettlebell Front Raise,Strength,Kettlebell,,Shoulders
16c0b442cbbcf1e8f7f6ac8823b6b5ba3e590a512c0a479cf6104e74584fa152,53312,263912,Kettlebell Front Squat,Strength,Kettlebell,,Glutes|Quads
ce176f0b758e2c53a93b907c19a4db13e006c077e1f4714706618715936dc673,53412,,Kettlebell Goblet Squat,Strength,Kettlebell,,Glutes|Quads
5b15fb4f431914d4335e35b989323fffea0cd3fb69410e97ab944bb26959722b,299312,,Kettlebell Goblet Squat Mobility,Strength,Kettlebell,,Glutes|Quads
52e9cf2502f1cc2a57cc86b176de6db0b0cf280f575532ac4b0837acfca1e819,481712,,Kettlebell Good Morning,Strength,Kettlebell,,Hamstrings
b1514bf8c650a7b70c54e2fbc9871805b44588084f9290be8b0ec395d7a2b4ed,642512,,Kettlebell Good Morning alternative,Strength,Kettlebell,,Glutes
9a4e2c51aa43b57c9d8607d4be6c7c45fd764e57252a4636b84ed0c7e5fbd4f4,444612,,Kettlebell Half Kneeling One Arm Bottoms-up Press,Strength,Kettlebell,,Shoulders
12a9d60812315424532b354b8739f811c73b8ef5235d0068348de48c188b8504,293412,,Kettlebell Half Kneeling Shoulder Press,Strength,Kettlebell,,Shoulders
ccbea9af0fc2b60f8116b7f7eb484576d1cd8ac1b179e0ce29c9315391fbf62e,332312,,Kettlebell Half Turkish Get-Up,Strength,Kettlebell,,Abs|Glutes|Quads
b496180f8d901ce246103dd75518a99358e3c71afeee1f552a3f5e7f5703e34b,53512,,Kettlebell Hang Clean,Strength,Kettlebell,,Abs|Biceps|Calves|Chest|Forearms|Glutes|Hamstrings|Quads|Shoulders
522b34df4fff070a3ede5fc51cda7b5808c5cc126f77b23387e1bc8c6f9a3b0d,373412,,Kettlebell Kickstand One Leg Deadlift,Strength,Kettlebell,,Glutes|Lats|Quads
6ce4a88fcb82441ba45bbdaa8390b93a55bea0cdaeaa892e246477e2ecfa8631,292712,,Kettlebell Kneeling One Arm Bottoms-up Press,Strength,Kettlebell,,Shoulders
a3af34cd598ec9c09a75b1e049d9e17fe74aef04d815a44abd30675110994d0c,404512,,Kettlebell Lateral Lunge,Strength,Kettlebell,,Hamstrings|Quads
924adc08823e27f308089ca419262a3c76f4321a6d237900135817a3612f677f,374012,,Kettlebell Lateral Raise,Strength,Kettlebell,,Shoulders
b68c8c669e8ccbb5114b9930c1f4986b354dafa6420ae9630fc55218387409a6,617712,,Kettlebell Lateral Step-up,Strength,Kettlebell,,Hamstrings|Quads
7377ea8eaca1f8925b530e011cd804d43f222fbbf4b8ae3e902385e397434812,618912,,Kettlebell Low Windmill,Strength,Kettlebell,,Abs
9d0d3b686bb16e6e4741aba3997073bf31f106865e1bdb78b5368fdcbbcb6937,53612,,Kettlebell Lunge Pass Through,Strength,Kettlebell,,Glutes|Quads
21aa9f178096de7f48364ce4fd6e23b58ab8941b51e1d0064ed7064a1de0a476,506912,,Kettlebell Lunge with Twist,Strength,Kettlebell,,Abs|Glutes|Quads
678940ecab1e74fe56b21346b82ee77652ba2f84fd81b0e4019b1235b45375f9,484512,,Kettlebell Lying on Floor Chest Press,Strength,Kettlebell,,Chest
a338af112e7de42f9e6ebc1f3d70d4eb6b4ee5c2f0e3593ec8629df8f2647076,619012,,Kettlebell Lying on Floor Rear Delt Raise,Strength,Kettlebell,,Shoulders
4aadedd8ba1314e63e9f0be62558d629fb3871d0f0d0555718a2ba1e31d67e58,,453012,Kettlebell One Arm Clean,Strength,Kettlebell,,Glutes|Hamstrings|Shoulders
eab3c821803ef27a4c23b843aa63ee25b4b20a69ead7d8888007e887314894eb,53712,,Kettlebell One Arm Clean and Jerk,Strength,Kettlebell,,Abs|Biceps|Calves|Forearms|Glutes|Hamstrings|Quads|Shoulders|Triceps
9b931f0ec17c63eb496d7f253e1c4b49cf60906eecfe858a3940b71e35fa4d0c,530612,,Kettlebell One Arm Clean and Press,Strength,Kettlebell,,Abs|Biceps|Calves|Chest|Forearms|Hamstrings|Quads|Shoulders|Triceps
404b3ec98fdd877e4462d6f7ba242b34eba6bc6d7e0c353fffc612e46999a5d4,129812,,Kettlebell One Arm Floor Press,Strength,Kettlebell,,Chest
f3d46ad83844047ca9aa652d48a883f57fc990667ebbd39f4732a244d16447d4,53812,,Kettlebell One Arm Jerk,Strength,Kettlebell,,Chest|Glutes|Hamstrings|Quads|Shoulders|Triceps
b6893171e25dc6913313d47ad343bb6259e99daeb0d737b185a64573d9c97311,53912,,Kettlebell One Arm Military Press To Side,Strength,Kettlebell,,Shoulders
4e42b02dc5ee1d85e5487187cb9c78ebe33008a83a3f4c68b1d2139f0162fea4,507112,,Kettlebell One Arm Overhead Lunge,Strength,Kettlebell,,Glutes|Quads
d891406cdca2289786c39187c6255b146bffe04218fd82f9b8a2f07f946b62fe,156612,,Kettlebell One Arm Overhead Squat,Strength,Kettlebell,,Glutes|Quads
c8aea820f6fdaf8f34d0d781d39eb67d831c0717b91d7682af3da09785c08330,54112,,Kettlebell One Arm Row,Strength,Kettlebell,,Abs|Lats|Shoulders|Traps
86cfdf2feec42a996ab5ce7c5260d634d8aa376cdf02bd01d69bfe1cb296e5c8,54212,,Kettlebell One Arm Snatch,Strength,Kettlebell,,Abs|Calves|Chest|Glutes|Hamstrings|Quads|Shoulders|Triceps
efe170b613117204878a847643214420740938421b4295ff201c0591d49f1bd6,156812,452712,Kettlebell One Arm Swing,Strength,Kettlebell,,Glutes|Hamstrings|Shoulders
a744272937a289187cb19ef6ebe9a5615ca7a6167f573e832bb52d709f8668c2,618712,,Kettlebell One Leg Deadlift,Strength,Kettlebell,,Glutes
7475de1365578bb83c02e8653740998ddcecf16f249a279a72bc43c00b6a9399,352212,,Kettlebell One Leg Glute Bridge Pullover,Strength,Kettlebell,,Glutes|Lats
60bc5333c4cbe844774edd209106ef9bdad1e7245076947f9208c4110d6d3da5,612212,,Kettlebell One Leg Split Squat,Strength,Kettlebell,,Hamstrings|Quads
0d3abfdcb5c10b585e3cba1e74ecdb8e0e72377e494ccc8bc4ec67bc3180a551,156912,,Kettlebell One Legged Deadlift,Strength,Kettlebell,,Glutes
3795d1fad9b7b84553c26e6c5f406f5116b50ccaa1c6177f4b1af5ce2ee189ae,,368012,Kettlebell Overhand-Grip Swing,Strength,Kettlebell,,Glutes|Hamstrings|Shoulders
8cbbad95b56b60304627796673544d66d5ab336385d2bbdfbd615d413cb12b7f,424412,,Kettlebell Overhead Carry,Strength,Kettlebell,,Hamstrings|Quads
3d9d45de569284e2570557359445680535115ea2605af27831e8b7e75b6c8150,586012,,Kettlebell Overhead Triceps Extension,Strength,Kettlebell,,Triceps
c092a6255397327c07a15e7e9b467f372462a9af490d1653b6fe1a5568ef2092,54412,,Kettlebell Pistol Squat,Strength,Kettlebell,,Glutes|Quads
66fd4af7738730a1820a44bd15e70f5ef6e8a4b9224a55b00136d21803ac44d0,618812,,Kettlebell Pullover,Strength,Kettlebell,,Lats
5c11707590cd4cc0cb9bf133f22bb6dd8dc2ab1d7fe2179f1a4d463813089ee5,373512,,Kettlebell Pullover 3 Month Position,Strength,Kettlebell,,Lats
09e7ffdcb3953ae94b1aab9ea4953ae61991f34087d4375c9e6d0719edcebaa7,619112,453612,Kettlebell Rear Delt Row,Strength,Kettlebell,,Lats|Shoulders
74fa3c3c1e4e08a2d48c94bbd61961dd701576b1c072fb38fcde4c2f684ef6e2,619212,,Kettlebell Rear Fly,Strength,Kettlebell,,Shoulders
d355537a706aed83cf82fd9c97946a69e2632db2da4b560784ee031783ef80c3,507012,,Kettlebell Rear Lunge,Strength,Kettlebell,,Glutes|Quads
349d8c3116a26353586215aaef889ca04a9b464c571e401c4ffafa3bf67f7baf,627412,,Kettlebell Reverse Bench Press,Strength,Kettlebell,,Chest
9a6b151694f94884afff2de3d9aed4e3aa1744936d6d81c16d24cc04df08211b,627612,,Kettlebell Reverse Press on Floor,Strength,Kettlebell,,Chest
a62f9664ce5cf3ed6197b9c2053f2371d483bfe7352e3acb32c18f8a62062012,486112,,Kettlebell Romanian Deadlift,Strength,Kettlebell,,Glutes
692275e469636036e11726c97d129cec9325452620fd7bd1c58fde08bf3379e6,588612,,Kettlebell Rotational Deadlift,Strength,Kettlebell,,Glutes
8783ace5fb9563742490231cb125253fe12c29fe62fabb86b59e3a60cdf6de6e,439312,,Kettlebell Russian Twist,Strength,Kettlebell,,Abs
9b8da1b91affbe030187f95544c7fa8cdaf168cb5d3e334e2da6252f6f2f6efc,373712,,Kettlebell Seated One Arm Military Press,Strength,Kettlebell,,Shoulders
0fe04ef8d2cea11458642e5acad404f72d900ef9f1a22993e1a26fe61c9a2764,54612,,Kettlebell Seated Press,Strength,Kettlebell,,Shoulders
2401b5fd52bf31010765d4f61b4226e19d803bbf091f6c7befbfcc2504e4e777,143812,,Kettlebell Seated Two Arm Military Press,Strength,Kettlebell,,Shoulders
998106e8f570c8589fa3634710b56d27ef0d8826c4645248c9e9fa04ebe77e54,54712,,Kettlebell Seesaw Press,Strength,Kettlebell,,Shoulders
676b804cf2cabda5dbb34864f0e8273564af8833ea3319d68deddcf0cc96e62e,619412,,Kettlebell Shrug,Strength,Kettlebell,,Traps
875f9882969a73bb334206d276d59ba8918b6377a8036e542a0306491015fae6,587912,,Kettlebell Side Plank,Strength,Kettlebell,,Abs
26d842a159ba901cb1164a12749f6825ed88ce9385d3915d4ea627d98cc3cde9,507212,,Kettlebell Sit-up Press,Strength,Kettlebell,,Abs|Quads|Shoulders
3aba3628300525591a541a1ee8386c59a381d9b513e40213efc7b68d871df2cc,586112,,Kettlebell Skull Crusher,Strength,Kettlebell,,Triceps
ae0c3a6519c9372ffb9228b9dbeb74800e7fb7b60eb045cc3525136335097740,405912,,Kettlebell Split Squat,Strength,Kettlebell,,Hamstrings|Quads
ac5940b92c213fefdfa476974e407b0470b4f2dbd16a8b72488bf2c560947220,373612,,Kettlebell Standing Bottoms-up One Arm Shoulder Press,Strength,Kettlebell,,Shoulders
84076be76514bb7e65189fdff03312ffa0523628b437cb3e5d4ec3c15e23bd64,585412,,Kettlebell Standing Calf Raise,Strength,Kettlebell,,Calves
bf0583865330c6aba46564511cf5c1acb7af74462ea001a390314bef93f7c047,586312,,Kettlebell Standing One Arm Extension,Strength,Kettlebell,,Triceps
4e62e917efc13cced5ff17fa2cdae6ca0405ec498932d488cccec1ef198414a6,618612,,Kettlebell Standing Reverse Curl,Strength,Kettlebell,,Forearms
42b8ee359b75bba31b7b07e329aa64ad334fd1326c45bff5badb4f20d4b07a40,444012,,Kettlebell Step-up (V2),Strength,Kettlebell,,Glutes|Quads
839162341a28f5da6dda40513085b45e615f61322205adfc4bdfa7d7359733e5,373312,,Kettlebell Straight leg Deadlift,Strength,Kettlebell,,Glutes|Lats
6d10854187be4a837cd93ebbf05a447bc184d5e726dbb94ea997964b6f4fb28c,357212,,Kettlebell Strict Press,Strength,Kettlebell,,Shoulders
bb552bcf2a4ea4a015d5bac66e2121af036801a09bf27a652caffe336267f0e9,413312,,Kettlebell Suitcase Deadlift,Strength,Kettlebell,,Glutes
497d50eafe743a9d83d61dbd6a977d5263db7d8b19a03267c1f4c6722660204f,404612,,Kettlebell Sumo Deadlift,Strength,Kettlebell,,Glutes
3be621fc6e7b3a0ca0b42dba69a97dd71a9512f84e7ca85c734d020b6f596e5c,413212,,Kettlebell Sumo Deadlift with High Pull,Strength,Kettlebell,,Glutes|Quads
31d67195910684eab8ea9fa4b62ffb03b7b3a69cad9d241dbf9db692395e6b29,54812,,Kettlebell Sumo High Pull,Strength,Kettlebell,,Abs|Biceps|Calves|Chest|Forearms|Glutes|Hamstrings|Quads|Shoulders
49189192886482bc0dfe218285d2516593aa5a7189bb6097674a1ff08521738a,507312,,Kettlebell Sumo Squat,Strength,Kettlebell,,Glutes|Quads
0142317f3dda011ebf095e944f8b28cea9d05907e757ad87468c94706f2e63e7,408912,,Kettlebell Sumo Squat (V2),Strength,Kettlebell,,Glutes
f1796607a289e9e8d6262efc80a751a50b31ba2645bc3c3eb20a30a3a9415119,530512,,Kettlebell Sumo Squat off Stepbox,Strength,Kettlebell,,Glutes|Quads
a0b48f62c503e84ee347f1096b0a56707c1b482dc73974d892f90c0efabdb7b8,54912,253712,Kettlebell Swing,Strength,Kettlebell,,Glutes|Hamstrings|Shoulders
feb1e565ecc35fea67fa5839ed96116179a06b2a2633f32cb41b0a5e19b1b608,55012,,Kettlebell Thruster,Strength,Kettlebell,,Abs|Calves|Chest|Hamstrings|Quads|Shoulders|Triceps
c343de6573fd3e993036ff9fb922015d75adb1a76d70856e13e41c012667cd5d,55112,,Kettlebell Turkish Get-Up (Squat style),Strength,Kettlebell,,Abs|Glutes
1860aa08e1d02d2a0d5d3e2d20d96f317e493962f104ca0d0adafcc1c167a152,55212,,Kettlebell Two Arm Clean,Strength,Kettlebell,,Shoulders
83acdfd4fea2903b795c29213c77eda1446a32c7e6c3d34fabfe55a9a55af09e,55312,,Kettlebell Two Arm Military Press,Strength,Kettlebell,,Shoulders
77d1d3c7b367cc126c578015d3b8b93d34453bd84511e737541fcfd7b99c7584,134512,,Kettlebell Two Arm Row,Strength,Kettlebell,,Lats|Shoulders|Traps
bd63e36b4b8826c0ec872e694b8f8b70ec1daeb518b46a4fb4cd963efea158b0,509912,,Kettlebell Unilateral Farmers Walk,Strength,Kettlebell,,Calves|Glutes|Hamstrings|Quads
5435ef85ae0604f69972a746855e990b39489e68609d9f81434e2fbef95578b3,440812,,Kettlebell Upright Row,Strength,Kettlebell,,Shoulders
3ff0a1a42253c3f23e5e27fc38de097bb7af4c214b34533dc6d4f6b64cca5ddc,55412,451912,Kettlebell Windmill,Strength,Kettlebell,,Abs|Quads
dbecec052cbcfbc331cd5513af6acb5343935e93b59964bcdd533ea5a042dd3c,586212,,Kettlebell Wrist Curl,Strength,Kettlebell,,Forearms
45971296355525b721850d8e9d351771c0241aa0c862258d3542474f8f6939e9,332212,390212,Kettlebell deadlift,Strength,Kettlebell,,Glutes|Lats|Quads
74a269546547c4839ee6e7bd193ba5d33bcc685b46540a11c024115680597638,581012,55712,Kicks Leg Bent,Strength,Body weight,,Glutes
0f00b7d3a2aeb62d92560a30bd0b4bf290041afbd8325e528d328072be17c66f,,55612,Kicks Leg Bent (V2),Strength,Body weight,,Glutes
de40940ea455f717a62c857548b85cf525cf6dbf84e26176141dd2c1e8afebd4,515112,,Kipping Handstand Push-up,Strength,Body weight,,Chest|Shoulders
1565d2658ebb5239f7d306bde5ea2bab847da4dbd4c1390ad0cd289a5c77b79f,277312,,Knee - Extension,Stretching,Body weight,,Quads
b22909cead506ec148de5475e962779886e11582abe84505280abe42a06d5ac1,277412,,Knee - Flexion,Stretching,Body weight,,Calves|Hamstrings
667cb24a5c452e8cc3ff582df2d5c87477155b3712fb6ca4ed3060e33d43ff92,512512,508412,Knee Drive,Aerobic,Body weight,,Abs|Calves|Glutes|Hamstrings|Quads
ad21ed7574271d83a7123669f1b493626ed12c73b3cd3003eb13c7a67ca1390e,,639012,Knee Hug Glute Stretch,Stretching,Body weight,,Glutes
7cb379494e41c161be4effea867634533b103b9150300679529f8a7c5346c647,,620512,Knee Leg Lifts,Aerobic,Body weight,,Abs|Calves|Chest|Glutes|Hamstrings|Quads|Shoulders
70a9bc33ecbdc189bd7b30904435fe8b3000f1e46d7f1e90abd917fbe026dd0e,623112,,Knee Push-up Chest Pullback,Strength,Body weight,,Chest
09c3f6433243749fb4f63b60c219408bd47a01bf6c7712c9012a7b27fe6b014f,428712,325212,Knee Raise,Stretching,Body weight,,Glutes|Quads
f4781947c32f4d622d9cb0a1338596cbbe66cf1beb54b33a73c9b757a9a62709,593212,595812,Knee Raise Side Jabs,Aerobic,Body weight,,Abs|Calves|Chest|Glutes|Hamstrings|Quads|Shoulders
ea9b710fb545eb221af47e58a320095f4122e8c67b707799e796f2a12343221e,574212,580612,Knee Raise Step Jack,Aerobic,Body weight,,Calves|Chest|Glutes|Hamstrings|Lats|Quads|Shoulders
d2756b98ffd028a32bb4f93a2f6cfc761474484464910798b8addb8721d6f833,502012,,Knee Thrust,Aerobic,Body weight,,Abs|Calves|Chest|Glutes|Hamstrings|Lats|Quads|Shoulders
651a1afe807734d3a29e084423d0bf8ade48cb49dc0dc6091ba23e73b9c5991e,499312,,Knee To Elbow Touch Front Plank,Strength,Body weight,,Abs|Quads
5a06b6813c87ea981864e60ec6a7a2982b078b5c872e137f9ffbf461a7d44c20,364012,426912,Knee Touch Crunch,Strength,Body weight,,Abs
657c34c81ce578e9aae0eef0139c84d65bcd7d69c2d553fb3c695e678e943978,157012,,Knee Tuck Jump,Aerobic,Body weight,,Abs|Calves|Glutes|Hamstrings|Quads|Shoulders
40f82af26adc6825b1f33437639e1dd41fb14c46041c79d663211804d42a04db,499012,,Knee Tuck Oblique Crunch,Strength,Body weight,,Abs|Glutes|Quads
b5373fafac772e17769becc7ad61115f0d3710ebbdd849a2618a13b70252602c,,576412,Knee and Palm March,Aerobic,Body weight,,Calves|Chest|Glutes|Hamstrings|Quads|Shoulders
b6b7ee82d6266c1da0991d1317108234c76adca392a76ffef53659f29a042738,524212,,Kneeling Abdominal Draw-In,Strength,Body weight,,Abs
e198320bf001dfb6f3d0c258b1e96af757e010a11deabe1dbbf3df1a21672932,533812,,Kneeling Back Leg Lift,Strength,Body weight,,Glutes|Lats
9b2d4bcfe78b91531f41abc4a44bef10c8f930035d03af185faf86423f462ac8,,579812,Kneeling Back Leg Lift Curl,Strength,Body weight,,Glutes
27e2b9750a44b551d0c4d7bb72e81064869ff0f920e0ea239b177816390b3591,502912,,Kneeling Back Rotation,Strength,Body weight,,Abs|Shoulders|Traps
49e750fe24f08160d2d8126dc2d30ca63ad5d9f919dd38ea76849657a6dd8a6e,181212,429712,Kneeling Back Rotation Stretch,Stretching,Body weight,,Abs|Lats
e252e147a7583e3528857e7e222da29cb1277cfdd7780b29e84273ba21a8792c,505612,,Kneeling Backward Hip Circles,Strength,Body weight,,Glutes|Lats|Quads
8442b1e759b2e88a0fc6c781b991bcb71f20fe085ef76aad1eaf782939d9d041,348912,,Kneeling Cobra Push-up,Strength,Body weight,,Chest|Glutes|Lats
32a954d53e00073bb774b55833080670cd8508757c7d82c0e888c50b93ac236a,636812,,Kneeling Fist Push-up,Strength,Body weight,,Chest
f315fa5bc1882b0016a94d1c4c2b5df34a122b5887606e79fd9b69441adf4715,505712,586912,Kneeling Forward Hip Circles,Strength,Body weight,,Glutes|Lats|Quads
ff7de116f5b2706b7905d0eb8bffbb25e5cea079108a1b2bfadba67a1fc92c01,,56012,Kneeling Hip Flexor,Strength,Body weight,,Calves|Glutes|Hamstrings|Quads
6a6d2bdac41d4ae92db2741403ecb0ac6ebaf0e48f6090ff38b0a649916133cb,105312,,Kneeling Hip Flexor Stretch,Stretching,Body weight,,Glutes
896addba1e57e3425d9803f1e42837261cfd15bfefa1d6712fbba7b35f08dab0,620212,466912,Kneeling Hip Thrust,Strength,Body weight,,Glutes
05d6ca9ac3a11a6c1d1d76d72d8b687428e969d0cf1fc0c905a8b031c3253ec2,134612,429812,Kneeling Lat Stretch,Stretching,Body weight,,Lats|Shoulders
ebd0288d85129dc00209404248698747e2a20489d604853d60544f403bae131a,469312,481412,Kneeling Leg Half Circle,Strength,Body weight,,Glutes|Lats|Quads
f34070bc3e4d7d6db7338fa3a4e5c7f8b99ef9f8371e47b30a64875b50585517,505812,,Kneeling Neck Stretch,Stretching,Body weight,,Traps
4ad33e0b0c20cfaaf18437105caf81269262fd8a092ec0b7b8591160629cc083,517012,465612,Kneeling Pulse,Strength,Body weight,,Glutes|Lats
51c3df85449426297475052b67669f2a4aa41ca7a856313b4c911e813adfc69e,,326512,Kneeling Push-up to Child Pose,Stretching,Body weight,,Chest|Glutes|Hamstrings
c0aa210c20d1359ab705a66c1d03402cbf557662a5a7356c3a5c89278bd93da2,349212,,Kneeling Rotational Push-Up,Strength,Body weight,,Abs|Chest
7b9f39434dcf82dab569cb19a4345057f6580bb0098458df186acbd0f0ebc27f,450612,466112,Kneeling Shoulder Tap,Strength,Body weight,,Chest
5831a220001ab8b546ce84fdc403c637bcb7ee87472fb0433f1322ca4cffaf03,,465812,Kneeling Shoulder Tap Push-up,Aerobic,Body weight,,Chest
e3a0e0466d950e7e0555d828c2bbfa4604e0f31600cf2b40644a43c7d2feff5c,469112,481312,Kneeling Side Leg to Kick,Strength,Body weight,,Glutes|Quads
4e2b5864fa6fd3cc379166f7f59d517989e4e6ba9e5d2e9ea93fe2d6ee95bed3,,527812,Kneeling Staggered Push-up,Strength,Body weight,,Chest|Triceps
59920288fa810cb3325abdb99c64ff7c24007f1f6570eb74b6012ed5f8e8f51c,,641412,Kneeling Straight Leg Circle,Strength,Body weight,,Glutes
38944bf8a62971c90d54d5807d28779807e16c8e817cdf6fa0b81f984d3ec713,,477212,Kneeling Straight Leg Kickback (V2),Strength,Body weight,,Glutes
abbbf8901c3a9b26c53c9a1b5517ccd5853c0c8384b278fd4bc7653b82753e1a,,620912,Kneeling Straight Leg Kickback (V2) (left),Strength,Body weight,,Glutes
f50c258253f41b34bfc2a4b4e15c101a091f3b09732d60384bf191d801b8409a,,489612,Kneeling Straight Leg Side Kick,Strength,Body weight,,Glutes
9d831d1bba9e480f808a659860f54c1d6c4761e00d22176e770d92441f7ce4e7,354012,,Kneeling T Spine Mobility,Stretching,Body weight,,Lats|Shoulders
b61434e0f2205f5cdac4a35167740c2cb8939b9a57c922e7bc00354850499528,637012,,Kneeling Thoracic Rotation,Strength,Body weight,,Glutes
ec0f52ef2301ddab064b56d4c1a20b2b226da57d0d46bbda2c801fc3d0fa8071,191312,,Kneeling Toe-up Hamstring Stretch,Stretching,Body weight,,Hamstrings|Lats|Shoulders
8e49f2b5815fcef4c3fdc4d886c92ee521f06b691f625d622f100602e1ea686b,323812,499612,Kneeling plank,Strength,Body weight,,Abs|Quads
d1eed19cc60dbeb4edc21e0aba83a781cb5761b0ecc22e10b74b6bff0cb83b7d,341812,,L Pull-up,Strength,Special Bar,,Abs|Lats
8feea77e67059cb22f1caf64caff8a68940f4cd5760fca54a9ad364c20080559,341912,,L-Sit on Floor,Stretching,Body weight,,Abs|Quads|Triceps
e33855940eade971d82a7a72027a551d71fffbe2aaa334a698ab42d1b2de5e7b,,140212,L-sit,Strength,Special Bar,,Abs|Quads|Triceps
3adfb795fec1806542f692510b23783b2fec3ee40cdd3adb1c8d9e2d0c657028,56212,360512,Landmine 180,Strength,Landmine,,Abs
b1ce5ab7d2e8c8fd13ec79fb8ac25fbd00cff770a76d2a37b9a4ace57549d7d1,320012,,Landmine Bent-Over Row (V-bar) (Plate),Strength,Landmine,,Lats|Shoulders|Traps
4217c9256b1cbe45384a3d55611b19612fe31fa370a321394d8db23882400690,424612,,Landmine Front Squat,Strength,Landmine,,Glutes|Quads
8cef970521c21f81e2aeed16b2bb1215111be6586400a5908265a770cb10dfcf,352512,,Landmine Kneeling One Arm Shoulder Press,Strength,Landmine,,Shoulders
f27f80c233ef087ee911a84f6785daf5b28c50f7cdd9c42b3ad39b8417985a8a,392112,,Landmine Kneeling Squeeze Press,Strength,Landmine,,Chest
c23d38848ab65db8150e7cb56537a7c02af725060dd43fb312fd7e3eab18e588,528212,,Landmine Kneeling Thruster Press,Strength,Landmine,,Glutes|Quads|Shoulders
0d37d1dd91325d90b05843705b285d6200bb3f533a3629fb30fea8176c0fdf48,323712,,Landmine Lateral Raise,Strength,Landmine,,Shoulders
834d58211a05257000356a02311d82a3764947c28fff1bf4227612f8b6b95df5,403812,,Landmine One Arm Bent-Over Row,Strength,Landmine,,Lats|Shoulders|Traps
7fb135e7baa2252e67652ee9faf058dabeabbe768d7519afefe04db1acfa119b,503412,,Landmine One Arm Bent-Over Row (V2),Strength,Landmine,,Lats|Shoulders|Traps
e6c875bcecc4890337cd3da2c51f53cebfe7375d5d9d1e18f22d078db72d3240,509412,,Landmine One Arm Press,Strength,Landmine,,Chest
2490a8c97e3c73d51c18dc2ba5ed57b146fc33647b7875800a893adbb383dc69,391812,,Landmine One Leg Landmine RDL,Strength,Landmine,,Glutes|Lats
512a396335a1d07953ec8e365d54ce53df7b1a0a13613ef44c329bf15deea3e8,530712,,Landmine One Leg Stiff Leg Deadlift,Strength,Landmine,,Glutes
9dc5bb560d5c0ccf4e15102457b9574853dc868bda22d08cbdfe03b27bc67314,507412,,Landmine Press,Strength,Landmine,,Shoulders
18226ec6b5cc303a9a98e4a1698ff64667f96b51f5058aeb7fe580b6d8b74987,391912,,Landmine Rear Lunge,Strength,Landmine,,Glutes|Quads
48b8700a059666480a13cd1bea8dca1783675672c2e47fbab28a7b6459e6351a,404012,,Landmine Rear Lunge (V2),Strength,Landmine,,Glutes|Quads
1e82d819167cc26110efed479e0c2c743bc21b8f5d632c297e3efc997a24282f,411312,575712,Landmine Romanian Deadlift,Strength,Landmine,,Glutes|Lats
8c0ebea1cbe1081b2cb12b709d9521a6c00e62e58e73dc27d64de872475c17c3,424712,,Landmine Romanian Deadlift (V2),Strength,Landmine,,Glutes|Lats
aa05eb6507b31b848964e186a3f0a5e4d5ed31f1b0bb05928b536ad3d5cac3c5,297612,,Landmine Squat and Press,Strength,Landmine,,Glutes|Quads|Shoulders
cfc7766c9740a48d82b322e770ca48cb3dbd7b31f6170632e025681a8fd69f3d,409012,,Landmine Sumo Squat,Strength,Landmine,,Glutes|Quads
22cc7ddc39ac73dca9ce7449235a14fcdb226477d9dfa7e39eb7b60720ccc36a,,56412,Lateral Box Jump,Aerobic,Body weight,,Calves|Glutes|Hamstrings|Quads
f2bfa49a3edb62a620945d9e89c4905fe81d9d631c673966af2a309f194bab51,516412,,Lateral Cone Hop,Aerobic,Body weight,,Calves|Glutes|Hamstrings|Quads
0128ad50bdfeccd59cc7c16076433321cab213558fb3ea0d7500f422b060bd28,471212,,Lateral Hops,Aerobic,Body weight,,Calves|Glutes|Hamstrings|Quads
2d0825a2c337610a48d2c602b083051bf7b57fa1801b8568ae9052bbc49b7b69,,545312,Lateral Raise (Bent Arms),Strength,Body weight,,Shoulders
50b4d8234cc34c0022dfc3a38e256a4ac0302bf66d11f4e5f0c9707a8519ff07,374112,,Lateral Raise with Towel,Strength,Body weight,,Shoulders
ef36503fea13935b5f36249839dbfbdb0d6117599a091252f09fd23576b3e8aa,,596212,Lateral Shuffle Crunches,Aerobic,Body weight,,Abs|Calves|Glutes|Hamstrings|Quads
2cbe1d2848d28dbdaa100068614d3f83898152b0243da4c6a7862665fbbd0a10,567312,,Lateral Shuffle Squat Tap,Aerobic,Body weight,,Abs|Glutes|Hamstrings|Quads
dd53b56d3ba3ee64d9ae2a958e3d5a67ad275467f3c2494bfdde9d4940bc245a,515412,56612,Lateral Step-up,Strength,Body weight,,Glutes|Quads
d063bf92991d8503f1978f66222b6bc5e41ce4882981813af8ad735da573c01f,515512,,Lateral Step-up with Knee Drive,Strength,Body weight,,Glutes|Quads
7032c06b71c5c6c85584671014ec94c2c570272fd04d342f189cbaf6533a61f7,561112,,Lateral Tap in Squat Position,Aerobic,Body weight,,Calves|Glutes|Hamstrings|Quads
543b0d539cfd7432cd50f83a099bf6fb64ebbe23721c76c10750a4464ee63349,599712,602912,Lay Down Push-up,Strength,Body weight,,Chest
f013b4e7d2a9911b10763a2c63527541d9692f1d14534bd75b45368e25b31088,,569512,Lean Forward Stretch,Stretching,Body weight,,Glutes
43b2a1e9c370911b4da2783536a40fd69506144012d5373b6153f646f03b1ca9,,56912,Leg Curl (on stability ball),Strength,Stability ball,,Hamstrings
82f1d93b97f1c5ff4f5f4775bb9cbb1baaf1d15e15776591f706ab9b40681d59,633112,,Leg Drop Pulse,Strength,Body weight,,Abs
06c3baac19ae56866c9a0ba13596cfb7ca616cb5ec48881aff916d97f8524025,360612,,Leg Extension Crunch (Stability Ball),Strength,Stability ball,,Abs|Quads
2007e19970a9f8885f483ab79debc424d232d16e0c48d28a2ad32c87514d330a,461612,508212,Leg Front Kick,Aerobic,Body weight,,Abs|Chest|Glutes|Hamstrings|Quads|Shoulders
f238c315de2992b747f1279ee07430edde69bc6bd3ac1b818366374ea9f816b1,558712,571212,Leg Front Lift Jack,Aerobic,Body weight,,Calves|Chest|Glutes|Hamstrings|Lats|Quads|Shoulders
61b08567ccc18cc4fd18feb68c6d1568306a8fcdaa9eb57273af966f43ee8abd,,641112,Leg Over Head Calve Stretch,Stretching,Body weight,,Abs|Calves|Glutes|Hamstrings|Quads
323538c7255831c7ee0b2eed2ff2b84332d12258f80167cff459ab6d3b90f23d,469012,467012,Leg Over Knee Glute Bridge,Strength,Body weight,,Glutes
a332e9119d0159ef9ffac8143047e07fb490ec303d0031ff3bd481283b3bc0d7,,284912,Leg Pull,Stretching,Body weight,,Abs|Quads
8e946a2e50d14bc2db3e6ac064ccb161f6a11ed19f38841f3054845bf7c621b6,,284812,Leg Pull Side,Stretching,Body weight,,Glutes|Quads
435abe3110de9040de8c17e70da40e8e846cd926c4b7640d955024c9833c3062,405812,,Leg Raise Dragon Flag,Strength,Body weight,,Abs
7b71fdd07c5d24764c7a3c4f77ac58d6d7ad436d453a2d2a2db440f205db4b8a,,185212,Leg Raise Hip Lift,Strength,Body weight,,Abs|Quads
0d6e23ec47544a37f042845903ea7bac0b393227f215a4690c57b44ec714b856,185512,,Leg Raise Hip Lift with Head-up,Strength,Body weight,,Abs|Quads
7e7e0c8fdaa417f96e00e91e3fc67f294119db8c45abde61308e86a6f5ac5e8a,503212,,Leg Raise Oblique Crunch,Strength,Body weight,,Abs|Glutes|Quads
71baf99d70608bef49d4a28bafd7ed9f2f2cb67ce171568e407360de97c2e7ab,,558312,Lever Ab Coaster Crunch,Strength,Special Equipment,,Abs
3663370061547caa39e2a0d8dd36bfa581ccec913b01b6e48caef025ca32585e,534912,,Lever Abduction Leg Raise,Stretching,Leverage machine,,Abs|Glutes|Quads
e70b2c05229dea8a58dfc27e24de6314f98e8e330f329e9e272cf2dc186147b9,103212,,Lever Alternate Biceps Curl,Strength,Leverage machine,,Glutes|Quads
66d5bfc340d1dde69c1797977be373177dcb213ca72ff3f5b3d68bf6eb6a1bb3,187412,,Lever Alternate Leg Extension (Plate),Strength,Leverage machine,,Quads
6b6d44b167c88d5177d0b23b763079c75773c7f9f661168fec6aea7de99f688e,228712,,Lever Alternate Leg Press (Plate),Strength,Leverage machine,,Hamstrings|Quads
b026a78abc565e71c34679be7a01ef5917bef75a02a55a2e15ca1d1d8975737b,143112,,Lever Assisted Standing Chin-up,Strength,Leverage machine,,Lats
ae92920c49b0a56bc7c0625aec6cf5a001511dc42cb7ed63132e5dd097957f1e,57312,360712,Lever Back Extension,Strength,Leverage machine,,Lats
0880ae1fb9667fa4171d898694c0b69c7ff67fa19224c8697668af701538d45c,226612,518412,Lever Back Extension (V2),Strength,Leverage machine,,Lats
1842e97889a0f05436d04b2920661edf89ff0c278c6be0ffebea9ed0a458a2a8,295012,,Lever Belt Squat,Strength,Leverage machine,,Hamstrings|Quads
d8e40c560666067dec41ccf922c8fd56b341c548807eec1e563f3143051ef7cc,57412,,Lever Bent-Over Row (Plate),Strength,Landmine,,Lats|Shoulders|Traps
f34161dff0d89b6aea52822bbd287cdc637a3507ff6018dc778a1ac3b79059e0,57512,,Lever Bicep Curl,Strength,Leverage machine,,Biceps
5cce6e60b968bb6bc12549bd5f169e6fe9253fe1d99dc5f70b666b24fa7ecb46,433612,,Lever Biceps Curl,Strength,Leverage machine,,Biceps
066131ca2bb05777f4711f7f92951533d6df51bedb3e84f0205b23b027c04ced,57712,,Lever Chest Press,Strength,Leverage machine,,Chest
4d4f298f2ec7deab1bb32562ca98d6b666cc5dfec6e726099691dfe2e9734fae,57612,245612,Lever Chest Press (Plate),Strength,Leverage machine,,Chest
68ae7a9b12e80f0e7c3885c1feae72ff15f85c06b7d6d825e1bed56515e19848,219512,,Lever Chest Press (V3),Strength,Leverage machine,,Chest
f12dc8852d03fec63ba967e104d3271587a2b9fa21e28c1c76c6d1697c26610a,227712,,Lever Chest Press (V4),Strength,Leverage machine,,Chest
1f93dfb894cd6229059f371767a5475c6b9ed692684b6436a100579f294ccd2f,231912,,Lever Chest Press (V5),Strength,Leverage machine,,Chest
af9bf66815710ab51842f9928edbb6b1c68397c715d6ac6e2233b4b1a4685980,334412,,Lever Crossovers,Strength,Leverage machine,,Chest
80aca38cf04e658afabf304384c75965b96a32f1ef653f0c0f3b38be473e35b9,57812,,Lever Deadlift (Plate),Strength,Leverage machine,,Glutes|Quads
5728f163dc74ddfdb456e712135c5262b5bc526fbbfa61656042818542745651,130012,,Lever Decline Chest Press,Strength,Leverage machine,,Chest
2410375d62b3942997effe9d60111204bc03421d1ee5b4a043db0a06a581a2f1,227812,,Lever Decline Chest Press (V2),Strength,Leverage machine,,Chest
b5beea34603fbc832dfc59579104e84132511d7b3d745e8eca80e98c0af3b761,219912,,Lever Elliptical Static Walk,Aerobic,Special Machine,,Calves|Glutes|Hamstrings|Quads
5223c87d0b5e1c3a5fc4af7b127b336ad1b194fe7971c59b895a0e16ec5769e6,57912,,Lever Front Pulldown,Strength,Leverage machine,,Lats
989c66172f44b3b7b9414bc50e76b85ada9d46d461dc69387209d2f5156244f6,58012,,Lever Gripless Shrug,Strength,Leverage machine,,Traps
19ffab21119db33cd90e4613efd90492bb6a4366ef05d4d5f027129ecb7d7f6d,58112,310012,Lever High Row (Plate),Strength,Leverage machine,,Lats|Shoulders|Traps
25246cb62d587b58294bdaa1e428891f9ba10c18e44907bb5fc77f004cfb29e7,266212,,Lever High Row (Plate) (V2),Strength,Leverage machine,,Lats|Shoulders|Traps
121977d94c625cfaefdd618ce6bf61399c54737dc286ef4403c3462ba7cc12b9,266312,,Lever High Row (Plate) (V3),Strength,Leverage machine,,Lats|Shoulders|Traps
d572527196138acf88f143b8a55d41ece921ef519ec9d17550306f72cbd830ec,228612,,Lever Hip Extension (V2),Strength,Leverage machine,,Glutes
2d5232046869a928760636be1136ab5ee580c1c1b91244bf85c2c12880ca5c8d,,214612,Lever Hip Thrust,Strength,Leverage machine,,Glutes
e4469114d751ec017c4c230fbbb25e5ff28b92cd74d329d754121386b5ff1ca7,,354912,Lever Hip Thrust (Plate),Strength,Leverage machine,,Glutes
fcaea21a908b3ef10e3aba263f11f52db752eee34b319beab98db39c3d97c0a5,261112,88312,Lever Horizontal One leg Press,Strength,Leverage machine,,Glutes|Quads
a80e09fa9ce1c709466f7768f41563a30d27a8d2ecb93dd214b64b56b14a07bb,129912,,Lever Incline Chest Press,Strength,Leverage machine,,Chest
f0e7ac0308a7acbbbb9f65ac800a4f52daf501d1f18a880a77f8b3de637893f9,265912,,Lever Incline Chest Press (Plate),Strength,Leverage machine,,Chest
a5509ad125f679c86b6e4821e0b78869771bb3ed0678a5e15938774e410e45de,147912,,Lever Incline Chest Press (V2),Strength,Leverage machine,,Chest
f61b23e681bb013f8d58e03a402e4b9bf719b1175064aab3eb785e2c2c0642f9,584312,,Lever Incline Fly,Strength,Leverage machine,,Chest
5b4e852d385a39234240cdf82d50e7236a1685fa7167797e754f7133976c326b,119512,360812,Lever Incline Hammer Chest Press,Strength,Leverage machine,,Chest
87f19188e4cbadfdc367d744ccc72c8d6f3ae41b543bffc77ee7dfb89dae460a,58212,360912,Lever Kneeling Leg Curl (Plate),Strength,Leverage machine,,Hamstrings
a0934113319523a7d317b1607182f62f41247adbf9335393f02e102a37613ac4,58312,,Lever Kneeling Twist,Strength,Leverage machine,,Abs
b8d524369fc227b044fb0c1d24f914fa44205f1d041cebed2d2b35a21b007566,187012,,Lever Lateral Pulldown (Plate),Strength,Leverage machine,,Lats
8629c2063cdd08b7ae6e6275c5dda386e0bc7d54c23be467dce28682ef181ba4,58412,362912,Lever Lateral Raise,Strength,Leverage machine,,Shoulders
800b5e5c3ae4c79853de01e47f51b44f879a91b129130a88b3faa460153f42aa,187612,,Lever Lateral Raise (Plate),Strength,Leverage machine,,Shoulders
902d81a6b383f490bb6b01de8cd51c7c324e6b802c7a73b7834455d189129b13,334312,,Lever Lateral Raise (V2),Strength,Leverage machine,,Shoulders
a387dc5184bf3c8069771f331a8333537568612e33feaf0280284b31be4c0f33,266512,,Lever Lateral Wide Pulldown,Strength,Leverage machine,,Lats
b03420c03624a1e708e8cee8fd38b01cad137d47292d72987abcd5d72ec2f0fa,58512,225612,Lever Leg Extension,Strength,Leverage machine,,Quads
2740f34a9efe9732de06a673cbc26cb44b7e2d97ada4b1618056d3fc32400d6b,583812,,Lever Leg Press (Plate),Strength,Leverage machine,,Hamstrings|Quads
4d2c2464ca242880963934a8e9ef5788a30797fcdc38eea915d5decf60932081,421412,,Lever Low Row (Plate),Strength,Leverage machine,,Lats|Shoulders|Traps
6939518667cd449e87d41697a5cf886140ad6e4b6a7c6efee56eca3266c79f66,104112,361012,Lever Lying Chest Press (Plate),Strength,Leverage machine,,Chest
95dec5aaa8b23dbebc67ce8e091bc2bc0872e0731a9ceb05792ae8444b668b79,227612,,Lever Lying Crunch,Strength,Leverage machine,,Abs
5b9bb2fa8704555634832aa5aec4d4293ed578f514934d608bc41273decf5a0d,,231412,Lever Lying Crunch (V2),Strength,Leverage machine,,Abs
35d60bcd5508b63bb5bae46dd097dd2288ce4e89bf92935b7cbdc68f56652f87,58612,222312,Lever Lying Leg Curl,Strength,Leverage machine,,Hamstrings
3eed0e166d3c299fbc2b599d195fa9e63687e39338677536641773a5398f7e16,185612,,Lever Lying Leg Raise Bent Knee,Strength,Leverage machine,,Abs|Quads
563b39a355a7bf214e75debf798e7fee9fd2c20b8244895db8e7e1347a12e5f0,159012,442712,Lever Lying One Leg Curl,Strength,Leverage machine,,Hamstrings
9044721594827700310fd64158ba9bb035ff41f866e63019a9c8579f22de5dbc,119412,,Lever Lying T-bar Row,Strength,Landmine,,Lats|Shoulders|Traps
9897af0caff2a829370a5a95e4da3332a2fe67561b7e70d6c0d3f0baa266278c,58712,310112,Lever Military Press (Plate),Strength,Leverage machine,,Shoulders
6161bfe2881080ef8d818b979f0260a945c7068ad22e7e58c123709fe267e688,58812,,Lever Neutral-Grip Seated Row (Plate),Strength,Leverage machine,,Lats|Shoulders|Traps
fba4e8591d504cd264b7d42e9289ec13abae5382e2c7dfeac3902ce80c73827b,573612,,Lever One Arm Chest Press (Plate),Strength,Leverage machine,,Chest
4953d74667b376a834ce0450e4ac46f02db7dc72b0d8f9848801ca960825b665,557612,,Lever One Arm Incline Chest Press (Plate),Strength,Leverage machine,,Chest
3f63f59a0db5c8d66eed0509de51a5ce143a76149bee8010df0d5ae6c8918a4a,134712,,Lever One Arm Lateral Wide Pulldown (Plate),Strength,Leverage machine,,Lats
488b3a5629331506c800335001c559536481bc79c4c6a0f775be9049603e11a6,421512,,Lever One Arm Low Row (Plate),Strength,Leverage machine,,Lats
5ff14cfb8a61031136a0f2c846221ea77e65b5980038c73a389908e2ed3c167b,57112,,Lever One Arm Neutral-Grip Seated Row (Plate),Strength,Leverage machine,,Lats|Shoulders|Traps
238e8882bc6f98ca378a901fba62704b3257bcd03daf39089ff86003e5bf35d4,634512,,Lever One Arm Reverse-Grip High Row (Plate),Strength,Leverage machine,,Lats
20a08bb0210d17db5a0ca67523effcf69060490d2d0940f7db578395f63ab555,59012,,Lever One Arm Shoulder Press (Plate),Strength,Landmine,,Shoulders
270a1bfde849e6dbffb3207148e386dc7de5ed15a8375be319e7f8ceb521fcb7,157112,572612,Lever One Leg Extension,Strength,Leverage machine,,Hamstrings|Quads
e19346913b1caa27f9723f5923845085e99d95fa194ce1959e2efc3bc3461174,517812,,Lever One Leg Extension (Plate),Strength,Leverage machine,,Quads
1df1b8fda5267592e87e327d5fc8d60cb8450802936bfb0e69a5e9c278746c48,635212,,Lever Outdoor Air Walking,Strength,Special Machine,,Glutes
bfe1e6bbd70e890afdde493177b3a82c8482fa20aa0e83b1e7a8da44baa3029f,635512,,Lever Outdoor Seated Chest Press,Strength,Special Machine,,Chest
55255c2a07e935b87b586555feea4ea19d907f8494d02630837bb462d8732ab5,635612,,Lever Outdoor Seated Lat Pulldown,Strength,Special Machine,,Lats
276d73667a2f2cf4fd94b233ca30ff76e80eac8e595b20444a454f741ad883f5,635412,,Lever Outdoor Seated Leg Press,Strength,Special Machine,,Hamstrings|Quads
b6775ceb27f2886d0cdae752a96a8596d6d275f5cdf8840196948b42b93c7674,635312,,Lever Outdoor Side Surf,Strength,Special Machine,,Abs
260e2dc10d4b00e4ffd20b80026b17cf90a4bd9a00410f9c6982ddad6744f4ef,103012,242712,Lever Pec Deck Fly,Strength,Leverage machine,,Biceps|Chest
8545fb96d857e210e6bffc9507befb95108f4da40009aabd8c0d5b9edffed6fe,495112,577812,Lever Pendulum Squat (Plate),Strength,Leverage machine,,Glutes|Hamstrings|Quads
277f696c4bcac60687fe1868a2eeffb9ba8ecee5f1ac680b8473d029626dcbcb,59212,,Lever Preacher Curl,Strength,Leverage machine,,Biceps
079f74d597c35cf1be23474bd9eb61eff5fa943919dca68b3b0df65dd2273460,187212,,Lever Preacher Curl (Plate),Strength,Leverage machine,,Biceps
ce8d6e2d9de13a5789f8f048cc335b0d5fbd169c1016e3706f5eaf5f1e33e34b,266012,,Lever Preacher Curl (Plate) alternative,Strength,Leverage machine,,Biceps
b8285b115df1f0cbbbee6e168448c846ce122121d100189ee475ccb1375d6548,161412,281912,Lever Preacher Curl (V2),Strength,Leverage machine,,Biceps
599692956d1dd925e097bc7028c3cce8fb5234123eedbcb5a12b906268633d32,544712,,Lever Pronated-Grip Seated Row (Plate),Strength,Leverage machine,,Lats|Shoulders|Traps
1785eb5bd88a915e6fb1a9abac9b1774e004a3384c1184e90201f887993dce46,544812,,Lever Pronated-Grip Seated Scapular Retraction Shrug (Plate),Strength,Leverage machine,,Traps
f1fa7757c7962f44c567a2d7d78cfef18448f3c26e1c7142e5a7b82f84ca4624,228512,,Lever Pullover (Plate),Strength,Leverage machine,,Chest
5da49ce3c505dafd77049267e2b088922cba3950a0ef89cba2a7268d614b65c8,59312,317712,Lever Reverse Hyperextension (Plate),Strength,Leverage machine,,Glutes|Lats
e775a879aed920a7ebe5da76cb79990a5a77d5b27b408fc169f9fb942902f6b3,134912,310412,Lever Reverse T-Bar Row,Strength,Landmine,,Lats|Shoulders|Traps
09d52d6a0981f2a1ef431e69d986460431d5236e96ec9d54d3de608d03b32a8b,551612,578412,Lever Reverse Vertical Hack Squat,Strength,Leverage machine,,Glutes|Quads
8d0afa88be60caf9d0b197d0459723325ffa46e29cfd61afb9950a59c8160d6a,437812,,Lever Reverse-Grip High Row (Plate),Strength,Leverage machine,,Lats
d8201d0752c0e268b5b1642e6fc83537905e70d5221180b62b75c0d95efd53fd,273612,,Lever Reverse-Grip Lateral Pulldown (Plate),Strength,Leverage machine,,Lats
66fcb8560ec2ef43f475ed770a5e1c2cfcaec1279ac3cf7aa2fadeadc7a05560,231512,310512,Lever Rotary Calf,Strength,Leverage machine,,Calves
8b0fa33985c1f4d1a949c75ad9fad77a421a6e96bd75b2202522908017f5a6c8,123712,,Lever Row (Plate),Strength,Leverage machine,,Lats|Shoulders|Traps
3d328f87ac11761cf6a8763897605e74ac524b9a23948ae17c4954349ec1b84d,552712,,Lever Seated Bent-Over Rear Delt Fly,Strength,Leverage machine,,Shoulders
e90cb6c5aa98714a00227e6a035be1f52ba11861933bcd53a702703859f1bd7a,233512,255812,Lever Seated Calf Press,Strength,Leverage machine,,Calves
ad5cf2bb86556ec823fccab1370afe0d475c7ae809957b33f02cebeca2e3818f,59412,310612,Lever Seated Calf Raise (Plate),Strength,Leverage machine,,Calves
ae6473a7e7cf3c78c5f2c4916b70f2d13f481c4bca4971cde74cc3091292d332,266612,,Lever Seated Calf Raise (Plate) (V2),Strength,Leverage machine,,Calves
58669d4ed199110e5b67a4264b59283513942f0af339931118b1123e4d3b8489,145212,244512,Lever Seated Crunch,Strength,Leverage machine,,Abs
9e46a532cebee6d86de56832201f351b5955e2a25d87577965b0fc1e8c5b8755,59512,375312,Lever Seated Crunch (chest pad),Strength,Leverage machine,,Abs
a5aa12570b556d8d78a5fe7468cc40abc99649481b23702ce27e44497ae0677f,226812,,Lever Seated Crunch (hands pad),Strength,Leverage machine,,Abs
01b80b786d43b4e13a54a338011f63501b9edd1f4e52d936be533b82a34c6141,145112,225012,Lever Seated Dip,Strength,Leverage machine,,Triceps
e45276cc7ad9f2ad31f5908dd245d0a59b97d29fddbebddaab51f8416936c330,59612,225512,Lever Seated Fly,Strength,Leverage machine,,Chest
6139c08178d31a2f6010bbcd45493af0623daaf6cb726971e191b92257aa872f,296212,,Lever Seated Hammer-Grip Shoulder Press,Strength,Leverage machine,,Shoulders
dc73a99f5e05de624a48070dd9183b051729f6f6f70da776bf218d28fbd34d09,59712,361112,Lever Seated Hip Abduction,Strength,Leverage machine,,Glutes
6b5feb5935f2646e39728694144cdc6c3f4d21f04531bef2738d796dde615ddb,59812,361212,Lever Seated Hip Adduction,Strength,Leverage machine,,Quads
75c9c6bef496aeebb71cdc926d52ac16f273cad038c6cd4da274e1ea24273cb8,59912,225712,Lever Seated Leg Curl,Strength,Leverage machine,,Hamstrings
eee299db3d342df82fa0107123d08a7d856ef5f987541a710f3dbb459bb5bba2,338612,,Lever Seated Leg Extension (V2),Strength,Leverage machine,,Quads
2b6477753f36f21964594e554cb8973d3a236c4d134eba83bf5f0fb4152933e3,226712,260812,Lever Seated Leg Press,Strength,Leverage machine,,Glutes|Hamstrings|Quads
c252e05aff6ba38c82afecf9b1ac96636e33a1b3e5f1dfe24176dac07b0f733b,60012,,Lever Seated Leg Raise Crunch (Plate),Strength,Leverage machine,,Abs
78ddf09c26f1739b12d79d65eb77311706af233a5a9c9d9a81bbd7056f46b8d3,364712,,Lever Seated Leg Raise Crunch (Plate) alternative,Strength,Leverage machine,,Abs
501f1e8d7250e4649849f7e373df6783afeaaa68c3d34f2b16f57160abb5b9ff,158612,572712,Lever Seated One Leg Curl,Strength,Leverage machine,,Hamstrings|Quads
a168985c357b53ea8947554c60587a60ccf5c99c0f6e6303b4ade1308160ae6a,60212,282212,Lever Seated Reverse Fly,Strength,Leverage machine,,Shoulders
e1058b22f96b34cc75dbcbf6ec701354b96d17547d108b58b4df2abf543285c2,60112,,Lever Seated Reverse Fly (parallel-grip),Strength,Leverage machine,,Shoulders
a8d3198bf1e9bb3f058c6293214f1e0fbb7890264daa4ff44edd94c0b40a9583,135012,224612,Lever Seated Row,Strength,Leverage machine,,Lats|Shoulders|Traps
882bf6ed57f9e5dc47d8c6db6346c168f32c401613fd9133b9575fabc37f14d2,266412,,Lever Seated Row (Plate),Strength,Leverage machine,,Lats|Shoulders|Traps
8339ba9a47864d6d07ffc6957cc998c1517dc75f046b8bbd839db70b0e7249bc,226512,,Lever Seated Row (V2),Strength,Leverage machine,,Lats|Shoulders|Traps
26ace0607d62e2c5d9a64933dd64b951eaff54ec4b4e2eff2cbb29db23c0c4dd,145412,288312,Lever Seated Shoulder Press,Strength,Leverage machine,,Shoulders
984ed34e3452af2858c2e7a979b06961ac3b8cd122044cdc6e250e0ae218302b,138512,578512,Lever Seated Squat Calf Raise on Leg Press Machine,Strength,Leverage machine,,Calves|Quads
39f34b03a67551d0f74d996c9c4d89f24f76497d0240971634cc5eca9184ebc2,145312,,Lever Seated Twist,Strength,Leverage machine,,Abs
1dbe8ee52cdf1f78ff5859e06f41fa2ee8038100c66e1e39fcb7303454d94abe,231812,,Lever Shoulder Press (Plate) (V3),Strength,Leverage machine,,Shoulders
4a2479624f31bed9de5c4a2995bc7790a0ff88c55ac2486db4f1b0b315a854ab,60412,310712,Lever Shrug (Plate),Strength,Leverage machine,,Traps
b1f52e0975b59c4d7986dc58fe5f68a68b11d2e9179d79abed3c232c2b1dac4b,,275912,Lever Side Hip Abduction,Strength,Leverage machine,,Glutes|Quads
672daaa98633d530a9f73f122758832790ec3d0f05d26eaf748ca2c6ebaf6ef9,187512,578812,Lever Squat (Plate),Strength,Leverage machine,,Glutes|Hamstrings|Quads
8dddd822cbe9aa0ae9c2872eccce426d2b5eeb074980d8be3487fe7a6512183b,60512,221112,Lever Standing Calf Raise,Strength,Leverage machine,,Calves
c0ac8816d61c85218f0ba2268a92ff4d7b22e55849bf56e9c2fa9c41c982f06c,103112,364912,Lever Standing Hip Extension,Strength,Leverage machine,,Glutes
db674e9a4ae2afebddfbb3f19efb43af7853ade3c9c0451336f8ed49d8948271,518112,,Lever Standing One Leg Curl (Plate),Strength,Leverage machine,,Hamstrings
1cd2b1f3019c66ccae235c1ad6d9389a1a2d9431e993cee88e78947a65bb2331,103712,361312,Lever Standing Rear Kick,Strength,Leverage machine,,Glutes|Quads
f6fe00ebf9797780434f0b4e77df29e24a61ff69162490149cf60e7e5672b1c1,552512,574712,Lever Step (V2),Aerobic,Special Machine,,Calves|Glutes|Hamstrings|Quads
cd7d5b2b66da95cbc553d693ab0466a41734d8f6ce27c5f758b2f7702f55cdbc,60612,288512,Lever T-bar Row (Plate),Strength,Landmine,,Lats|Shoulders|Traps
7069616e3941f63f53999d318e62b66e3f148d66fbcde31654d9b2d3ab8fe8a3,185712,,Lever Total Abdominal Crunch,Strength,Leverage machine,,Abs
f85cedadda4b3f4056a318a83b2c7e6e684cbc256f8f211d489f28dcb0b76892,187112,,Lever Triceps Dip (Plate),Strength,Leverage machine,,Triceps
007902b8fd3ddea135ecb0552f58fb815987c426884affdfd1d84e03d203aa13,60712,361412,Lever Triceps Extension,Strength,Leverage machine,,Triceps
8cae1ff61c2cfb2722a575561d0b4f524db29379f87b3b150246d2dea7d6f8f9,219812,282012,Lever Triceps Extension (V2),Strength,Leverage machine,,Triceps
c95cc73b71db1833e5f7a0366d910b90c05858cee70e03ea21738acaa23f9eb9,103312,,Lever Triceps Extension alternative,Strength,Leverage machine,,Triceps
f4a013955ef2703b1d93209f455001266b46e915381153dcb860b2a43ca111ab,533312,,Lever Trunk Rotation,Strength,Leverage machine,,Abs
f4fd102e63b7e4c1585a6a460f1b6c4ec432de1ac5db12f14bd8c862e667694f,131312,,Lever Unilateral Row,Strength,Leverage machine,,Lats|Shoulders|Traps
52318466fb450a68276410bdf96a55af9328832add5d0d765e6afd3f7f2e0afb,552012,,Lever Vertical Squat,Strength,Leverage machine,,Hamstrings|Quads
dc6b0a8d023443be774317f0bea41e31ca5a5b8d5aff2a191294c924c2bc2e17,67312,,Lever reverse-grip lat pulldown,Strength,Leverage machine,,Lats
41b37c7a97a7d01ec720c0442781ec13b03a06e40600731308b5e22e5a275162,618412,93812,Lever stepper,Aerobic,Special Machine,,Calves|Glutes|Hamstrings|Quads
f4a341035002336a44f65830fe293aea1e650d5b08c414b4fb983308247fba97,,589212,Lizard Pose,Stretching,Body weight,,Calves|Glutes|Hamstrings|Quads
c32d59696cd53ba97363e7653088bd5868f27c55155948fb89f272de33453bce,,613112,Lizard Pose (V2),Stretching,Body weight,,Calves|Glutes|Hamstrings|Quads
4190d301e1ef697880774c697bd2d3cc947eac10e6eeeaea690c8487306f7e43,,628712,Locust Pose,Stretching,Body weight,,Glutes|Hamstrings|Traps
9606d33e1bb64bb624226778fb4c86a1a6e6e08e5d2138dc9c9d3d9a13f0d4a3,,632412,Locust Pose alternative,Stretching,Body weight,,Glutes|Hamstrings|Shoulders
125008551dc6ed361fe2656ce974cdea86752748d26905fe0e1719d53c86642c,400912,426512,Long Arm Crunch,Strength,Body weight,,Abs
53ca02bd57cb4ba85b353d3feef13fee8df65055ef22291e336ce7c2fc09687b,588512,,Lotus Pose Breathing,Stretching,Body weight,,Glutes
11016d8a6e81bb0aaa3ba10d0bc1d5c0eb662883635d0b15ca70b0b0c75d9e4e,450412,,Low Knee Thrust,Aerobic,Body weight,,Abs|Calves|Glutes|Hamstrings|Quads
f1ee502425edb95771650d780631cdb1ecb951d0bd4df82a100acf34073efbd6,600712,589312,Low Lunge,Stretching,Body weight,,Calves|Glutes|Hamstrings|Quads
74d81cef3cc8fe15792d4267be9f96ee9f392f2db807901b187757d489f4888c,600812,600912,Low Lunge (left),Stretching,Body weight,,Calves|Glutes|Hamstrings|Quads
daf449aff96bfddfbaea30fe391ae2f5de33d3bbdf97bb3050c824ae78dde750,399812,,Low Lunge Twist,Strength,Body weight,,Abs|Calves|Chest|Glutes|Hamstrings|Quads|Shoulders|Triceps
63c5d630b9aa15441b7bbc4c038eba46f12e0cf1b65ca7776bde2e25687de998,,61212,Lunge,Strength,Body weight,,Glutes|Quads
0fee81904a11ae7e7f0628f828d8edc9211d93cc8283a4bae56e249406b1e1eb,559512,493012,Lunge Stretch,Stretching,Body weight,,Glutes|Hamstrings|Quads
e80b48308f955b6fac23fa9a18140e68a43041b89e557999d8b13a433e0e2d6d,358212,,Lunge with Jump,Aerobic,Body weight,,Glutes|Quads
a0e38c700bde45167bd1291ccb92abb78e8ea792cd365cebde18e4869e0f2552,,380712,Lunge with Leg Lift,Aerobic,Body weight,,Calves|Glutes|Hamstrings|Quads
95f6ab0dd33c5e755608c7b415137696a9035c4d231394422cdf109cac427f04,168812,,Lunge with Twist,Strength,Body weight,,Abs|Glutes|Quads
92915a27830e583f9e7068f04f6d5a0232b969903bc60f2470ce0049378edeff,116812,105512,Lying (prone) Abdominal Stretch,Stretching,Body weight,,Abs
27f6215b1f7c0c7c8c284c891af06ea3b9e4d5d5990a44ab8e4da183c2b51cff,61312,,Lying (side) Quadriceps Stretch,Stretching,Body weight,,Quads
47f0161a64c01827ce97a73c153b776e2744e09491021b6e334a8deceebee6cc,,643112,Lying Abduction Adduction,Strength,Body weight,,Glutes
b7ebd0ba8baf6ef049fa0a543a27e52f9c3db807cfa4b923c35992eb4321e9c8,536812,,Lying Abduction Leg Raise on floor,Stretching,Body weight,,Abs|Glutes|Quads
46571460e46b592fa427ab0777329d9706ba32d63c090e0820f1fabe2be1bb80,188212,,Lying Abductor Stretch,Stretching,Body weight,,Glutes|Quads
ba44cbb6f1ccc2bde1a193c370382597d11cbf4230496cd0f08e150a2dc57783,488312,492512,Lying Air Cycles,Aerobic,Body weight,,Glutes|Hamstrings|Quads
7799ee2ee2b2fad51493265d8c088730507b53d60ad83251824c281c75a3bddd,610412,,Lying Alternate Flutter Kick,Strength,Body weight,,Glutes
8a5cf1de9dfcb8862d46e995d7e92b2388dd93d2b971f1529d22050aa860eb4c,602412,602212,Lying Alternate Frog Kick,Strength,Body weight,,Glutes
befc4374404194632dc85b995748bcebf8b7ecb959dd2e331547a863673b4bd8,581112,61412,Lying Alternate Hip Extension,Strength,Body weight,,Glutes
e2d4f94b662639ca903680fe0355a0162cb82688bfb119a2513d0d01424a2b48,639412,,Lying Alternate Leg Extension,Strength,Body weight,,Hamstrings|Quads
72bd3837b4aa75ae8f1f65f58c89668df2d40a002eb6fcb264f8ea7c0ed610f0,602112,602012,Lying Alternate Straight Leg Circle,Strength,Body weight,,Glutes
4a1572ffb3e67a9f71f81cc1a41fb7e99cae04b0492ee985406a899534f3fb6b,505012,609112,Lying Alternate Toe Touch Floor,Strength,Body weight,,Abs|Glutes|Quads
c97976dcaedd02ea144c734f328b7dec89ac0011a670d887d0e0bd9413183e68,382612,494312,Lying Around the World,Strength,Body weight,,Shoulders
4aadd77ff6ddc721acbfdf6cd802d226fea6f3b5baca46947a161acf0a141b9d,322812,,Lying Back Extension,Strength,Body weight,,Glutes
2a7bf04264685d27a30f169260a463b3afa3d513c367ba83102154c51c116e22,493212,,Lying Bent Knee Figure 8,Strength,Body weight,,Glutes|Quads
8de430727d0a4c7b9c1766f4deafa7315844b1c7b06d39bd573822cd5fef3d7a,547212,,Lying Bent Legs Raise,Strength,Body weight,,Abs
3c9ac0b9b440496c8f301deba5e1a02300091ca86c29c09320df4de90b767697,355812,,Lying Biceps Curl with Towel,Strength,Body weight,,Biceps
1c6522d410cffe652ae67ad65b055595a6f5e574a40aa832b9458cd3a1846018,525012,,Lying Bicycle Crunch,Strength,Body weight,,Abs|Glutes|Quads
eb480472ca93b00124240ab2edb0b123268acb90c937bb9d1b66b34d9fb5faec,,641212,Lying Butt Curl,Strength,Body weight,,Glutes
51b05a931f65d0256c6b9813a54a2e78985bc9865527f43b05d286ba59ccad9f,,492912,Lying Calf Stretch,Stretching,Body weight,,Calves
ffc42cec42e8f68bb4f030284e893169aab218f4d7bf8c6a061e5e0f91b9a5bb,640912,,Lying Chin Tuck Raise,Strength,Body weight,,Traps
ba94910abaf48c36bb2ba54608976b7fca756b5cae50ad070b8e252e864edf3d,506212,,Lying Chin Tucks,Strength,Body weight,,Traps
ad8b8000369c1e28d44cbb9ae71eebe992d8c114b9d756b76cc7ecab55e76c3d,488012,,Lying Criss Cross Legs,Strength,Body weight,,Glutes|Quads
dad4aa08513ee2750261e28e77964131d67c23a4f159b840eaedd1f7dcae5fb0,,593912,Lying Cross Ankle Tap,Strength,Body weight,,Abs
db97be775f7659078db8942a877456aae64d4edc965f12864686620332925c76,193612,61512,Lying Crossover Stretch,Stretching,Body weight,,Abs|Glutes
977bfdac117c81b3942de14efbe0392cc7007b8a7e5624c8e18bac005e12064e,600512,600412,Lying Crunch (straight legs),Strength,Body weight,,Abs
da7158997a8ea9148bf6933859e964aab56313126814b07a23331a113c3d1b96,633312,,Lying Cycle,Strength,Body weight,,Abs
7fc6fce5321933f2d700a91841409c7b2a8d5dde4b45a97f847102e9b012a872,,641512,Lying Double Glute Lift,Strength,Body weight,,Glutes
9636862244eef1e9f88feea8ec6744991750a261dc32951a900475dbadd9487d,,285112,Lying Double Leg Kick,Stretching,Body weight,,Glutes|Hamstrings|Lats
293e5cc79f44cc03c7c3de4a9cdfc96feaf5602966235a7466411380050a7f19,375212,,Lying Double Legs Biceps Curl with Towel,Strength,Body weight,,Biceps
5fed2358617ae82e8e0fb00f11629bfecf2276a8e0797b7fbc12594841944f56,383012,,Lying Double Legs Hammer Curl with Towel,Strength,Body weight,,Forearms
a8e14dbaa91bd31e1fb6abebb4c601d4ca03e7436f8dfb413f238cf8a020d1f8,231212,,Lying Elbow to Knee,Strength,Body weight,,Abs
eaec2850aa8f6f11d8f61a197b0ddf1e7f58893f59d8c158907ce929080a3ebf,,529512,Lying Floor Abduction Adduction,Strength,Body weight,,Glutes|Lats|Quads
8ce71db74b4735ed5991a3507a5b8232b5008d00a02af1fbf34e32b95c1f770f,507912,,Lying Floor Fly,Strength,Body weight,,Chest
669c3fc40f29a46961a32277be6816dd3cbf694bb4a870df1e563da5e65c20ac,382712,,Lying Floor Hyperextension,Strength,Body weight,,Lats
877676ebb73e95a70496866c5e79853c65eebe1ce93f9b802e6be2663c8733fe,349512,,Lying Floor Row with Bent Knee,Strength,Body weight,,Shoulders|Traps
d7532cdd9271f3aa50c2ec6acfa77887002d2b6d64ede5fd875ed969a2d9703b,,593412,Lying Frog Crunch,Strength,Body weight,,Glutes
e0aaf29e4d487bd692af290f9ee87367f70bd5c7649ddd90fa136b4a0725da6a,,628412,Lying Frog Crunch Feet Together,Strength,Body weight,,Abs
a4c2f28fc4988cf32a69318dcca89b8e80d18ca5783d468dfc967f673246bfa6,602512,602312,Lying Frog Kick,Strength,Body weight,,Glutes
896cb517644ff5786096f9429a242975c2f9d4f03f8402b3d129e19acb484753,,105612,Lying Glute Stretch,Stretching,Body weight,,Glutes
50f3bac1590a9fc9fba36399c1dbc402f85a8bb8041515faa054a6c007916f73,620312,557412,Lying Hip Adduction,Strength,Body weight,,Glutes
2ba065deae9ff07fccb6a067d35d0859262a4febe8ccccfc037069df728eb018,106512,61812,Lying Hip Lift (on stability ball),Strength,Stability ball,,Glutes
84690c8036237ca142e6e435f8564c105e97d185676dd14544936cbad22a0c39,,61912,Lying Hip Straight Leg Raise,Strength,Body weight,,Quads
53ffc905e3985f84097513f93a925703e50b79894e567aa5c8f1605258187241,639512,,Lying Hover Leg Clap (Abduction),Strength,Body weight,,Glutes
38e33a336c61ee872927b43031a1f84c795c1192305f252caa8aa434c65d3d2b,601912,601812,Lying Hyperextension Hold,Strength,Body weight,,Glutes
9250d183fa3703c09c06d2cffc42c8444d3c2d13ab75dac20a6991103b305a97,181012,,Lying Knee To Chest Stretch,Stretching,Body weight,,Glutes|Hamstrings
3b79e4f317a6801114df519c292eea8a0ab11e7484b8f64f352da114ca1ebf13,642712,,Lying Knee Tuck,Strength,Body weight,,Abs
951f2440f3d550f5ceb77d75c6a82e8ec0d731f877a8964b66c586fcdf288c09,495712,,Lying Lat Pulldown,Strength,Body weight,,Lats|Shoulders|Traps
fc0f1318527a2bcdd57e19d0e5d9d8e8f6ebcb6363c9e757fb26a4635cbc2f52,,587212,Lying Leg Abduction,Strength,Body weight,,Glutes
4a4d647e1a24f29e09bd7d708ae3446266c16347aa68ab8419e0d1eacabbeb59,499412,,Lying Leg Cross,Strength,Body weight,,Abs|Glutes|Quads
c75c453b6883ae8bf398a70dde9816a863957ae850412383fcacdb2171e333da,339312,,Lying Leg Hip Raise on Floor,Strength,Body weight,,Abs|Quads
eb5bcf64e725baabcb2ddbc22aeaf138384f1409966133f9a267647c2a5bd646,401812,,Lying Leg Hip Raise on Floor (V2),Strength,Body weight,,Abs|Quads
4f25466479568ee84133a06d403e97451329c29fbf9fe639e3dea4e9294aa850,633212,,Lying Leg Lift,Strength,Body weight,,Abs
03af77d37ebff943302a20402ec870a23629c7e48218e832d8d506f9cac0f169,116312,497512,Lying Leg Raise,Strength,Body weight,,Abs
18f3c2e8f92c76e791bc3199465c9bddf4858bb0101eaa1ed27dce977a686411,441912,,Lying Leg Raise (Modified),Strength,Body weight,,Abs|Quads
a3621be69d70ac4951bb23488e755cc3c764fda565a5dac6b47748920d6be2e9,62012,,Lying Leg Raise Flat Bench,Strength,Body weight,,Abs|Quads
25189cf1b32e7fe968c73c5f5a34ebddfbd2de3f4b0e1ce6196b66bcd68d389b,124512,,Lying Leg Raise and Hold,Strength,Body weight,,Quads
24030e853cafe652fa7a3d243e0269ef0f6f03ba2812905d2e56a25c66cce36f,,326812,Lying Leg Raise to Side,Stretching,Body weight,,Abs|Quads
4d62833f589c1ef40cbce8490a657e3841646a3a6ccd0dfa42109f0089e762c9,347212,,Lying Leg Tuck Hip Stretch,Stretching,Body weight,,Hamstrings|Quads
f5a5685ccd8ab627a913339c7213f3da3dfc24b1603e7612eaf255a4cb6d5c2c,,324312,Lying Lower Back Stretch,Stretching,Body weight,,Lats
a6db43d96a6fb56809d925e137e3f14f41a90b423149cc4e241d325f49adb389,,324212,Lying Lower Back Stretch (bent knee),Stretching,Body weight,,Lats
919bfac42a1595967fa89fc7165f3d932c1252398eb6c4d7496bbfe0cfb96018,584712,,Lying Obliques Scissors,Strength,Body weight,,Glutes
6d6ff25519c718512926b79ceef0e5f0fa39109013bc920dc294dbe19779fbb9,,326312,Lying On Side Full Leg Raise,Stretching,Body weight,,Glutes
1a763f1da86277528c2241dee91b4b9367a3594d4fa8cfa28af6cf12dfffb727,,326212,Lying On Side Leg Raise,Stretching,Body weight,,Glutes
1edb678300983b089144e261730c82094470845f3a4410bd58801081349549d4,594012,326712,Lying One Leg Raise,Stretching,Body weight,,Abs|Quads
b1f7d9298e188e81069d2de77949ad81b422ca80d13d5b76591ba64f8674796a,383112,,Lying One Leg Reverse Biceps Curl with Towel,Strength,Body weight,,Forearms
2510e83e5d614ff56e8dea74bd41f7efe9cd9221fa287bb15f1ececc3a7e80aa,504012,,Lying Prone A,Strength,Body weight,,Shoulders
a072731d4f8df18e44834e00e7f3865ca29549241755f5097343faa1f1613a07,504112,,Lying Prone T,Strength,Body weight,,Shoulders
c332d1237d8b020d5931050001aba382e028f5dd397a0945feca73080533e464,504212,,Lying Prone W,Strength,Body weight,,Shoulders
b27d2c480086782feae00cb6fdf766eb557c0005c4608323b3202c30a2f3a971,504312,,Lying Prone W to T,Strength,Body weight,,Shoulders
a820a60f0b0188f143c581547d2d5fe31147ad0e9787b1e717714f3f9b665926,504412,,Lying Prone W to Y,Strength,Body weight,,Shoulders
d2b66b05b6d8b3497aec007554f3ff54d72de0f3e207426cfef2dd98fdb68d7a,635012,,Lying Prone Y Raise,Strength,Body weight,,Traps
88c703d6d9dd157db88047aca384fb6ede3bf978e9fc4e5f3e643aa5ea478427,483212,,Lying Rear Lateral Raise,Strength,Body weight,,Shoulders
155df0b9fd5622fcd256316a2ba4b08f38a4f60c8073216974f45d9a2a7d72f4,,628512,Lying Reverse Frog Crunch,Strength,Body weight,,Glutes
00624a941207de67feeb12dd2b5a0f7b6a3f1dc383512da2955b9319521e54db,639612,,Lying Reverse Leg Extension,Strength,Body weight,,Hamstrings|Quads
d8b35e50e12b9fc7ee6218973dd9270dae6243eb24e8341e678f01cfb2356714,,62112,Lying Scissor Crunch,Strength,Body weight,,Abs|Quads
a513a20e90edf989461206731caa189d7d9c29eaa7bd5bf624c073ebb1f716c8,,62212,Lying Scissor Kick,Strength,Body weight,,Quads
e575519595a9b00bbb7b55d850b3469e523f9c25a509cca155941c548bfa87a9,621412,621312,Lying Scissors Cross,Strength,Body weight,,Glutes
ce8ad4ea6eb5fb955873b5d2cd3df970ec2bd68e63f8938fec848ba912c0bbec,,525912,Lying Side Reverse Crunch,Strength,Body weight,,Abs|Glutes|Quads
4b60a04d008cbf2cfc99c5b161040b84dad36edeb4be64142403b4c05462a433,522112,525612,Lying Side Stretch,Stretching,Body weight,,Abs|Glutes|Quads
89aa4f21f9a61472110e446332ebfb5a1f6b36193f829a74f80da9e9e1973632,460912,,Lying Side to Side Knee,Strength,Body weight,,Abs|Glutes|Quads
49cc4a4cb9b389c14225515e4b507c6a438c0381a1e735b450c5d0e4e289fc59,,641312,Lying Single Glute Lift,Strength,Body weight,,Glutes
b2341173ce469fe3729e4e753157aa3d159eccc020f757f443dddfcd64d72418,,641012,Lying Single Toe Pointing,Strength,Body weight,,Calves
71d360248e383563a7f69fec9c79fcaa9178a46e6b65a8516b4b724f4a7e5980,,525812,Lying Single to Double Leg Raise,Strength,Body weight,,Abs|Quads
b4dd24d43172d68b5293383763054cbc0c246830bcda33a035f23ba94f8d4e3c,,628012,Lying Split Abductor,Strength,Body weight,,Glutes
846cfce2c98ea644baa995f433e5f7400d99c4785a00cd1574d16527ea3ef4a2,349612,,Lying Straight Leg Marches,Strength,Body weight,,Abs|Glutes|Quads
7781becbb590633691a508af9ccf79c7472cafcdfa45166a0ad2cbdb5b3fd678,,583412,Lying Swimming Legs,Strength,Body weight,,Glutes
100dc73508a50cda7613e0ef26e704d058b59edb8e97137a5e9b347da1c69f6b,600212,600312,Lying Toe Tap,Strength,Body weight,,Glutes
36f11fb6513c44c9d40dde27c1acd33ecc5fd236219442d66cf27d49b784fbcd,527512,,Lying Toe Touch,Strength,Body weight,,Abs
d2f8e9318d5709baf04c10aaa6628bf7ce5717102682a83e27a670bfd9282081,527412,,Lying Tuck Crunch,Strength,Body weight,,Abs|Quads
43983404cef90045913d53ae77b42acbcf5921132f9309026ba35cf202d396aa,634012,,Lying Tuck-up,Strength,Body weight,,Abs
8cae68ac22631c1c673a927466dd3ccdafd707a0b4e23e8350cb3361d2d53a13,639312,,Lying Tuck-up Knee Tap,Strength,Body weight,,Abs
8988907a38eac644e73559a651eed436f4bfe2b8a8a8a237a6b4833c2cbab436,550812,643012,Lying Vertical Scissors on Floor,Strength,Body weight,,Glutes
a3ee010dcffc7e6281100cc6d8a9518a8513305368a799388c842c238c4b655f,86512,244712,Lying leg hip raise,Strength,Body weight,,Abs|Quads
090608c3d6a4001348fbe7108f8f0f2123c963b4ef3ee172694ffc20b3aaf4ee,442012,569012,Marching On Spot,Aerobic,Body weight,,Calves|Glutes|Hamstrings|Quads
97c9b0e0b7c66c9cb55fcbfcfd230cd7d0b3ab154ae0341e56bf07dec0061885,553312,560012,Marching on Spot Press,Aerobic,Body weight,,Calves|Glutes|Hamstrings|Quads|Shoulders|Triceps
18e02f7e5616e783b945ed7290498c792bd6dbaf94e587689b4ff6d577f0c196,135312,,Medicine Ball Catch and Overhead Throw,Strength,Medicine Ball,,Lats|Shoulders
eae5416ab2f0922cbca5ecb42b860b50260b955075355496764d96f45f7ec17e,514412,,Medicine Ball Chest Pass against Wall,Strength,Medicine Ball,,Abs|Chest
73b4528913a2d2a7c605af5a4af8a6686971e7e2a18053ad3df059688309d510,170112,,Medicine Ball Close-Grip Push-Up,Strength,Medicine Ball,,Triceps
319ca64f8ec6705cf6e1c6591207925102a30f70ac0a038472f6c70663a086a7,523812,,Medicine Ball Lunge with Biceps Curl,Strength,Medicine Ball,,Biceps|Glutes|Quads
a6cbd4a1ebb52496c40fb3603f9593d5e0ddf37b47b4352a24038498af600e2f,503112,,Medicine Ball Lying Leg Raise,Strength,Medicine Ball,,Abs|Quads
d5059b7139df4b4de8e9b4d54f693cabd50de49665d15ce90746ec5b2af1f03d,135412,254512,Medicine Ball Overhead Slam,Strength,Medicine Ball,,Abs|Lats|Shoulders|Traps
2e5208e06a9114d146273a68457671f9b4239127a22606011c5c26437597a542,619712,,Medicine Ball Russian Twist (legs-up),Strength,Medicine Ball,,Abs
92fc3e4e86ed486f463cb3a1f3520e7d0262168cdf355b0f4d6dcd180ba50d2e,,62512,Medicine Ball Sit-up (wall),Strength,Medicine Ball,,Abs|Quads
da9d8b1a309fcfbb2422ed29e68272c41d6992280cada53af339400721cd6818,175012,,Medicine Ball Supine Chest Throw,Strength,Medicine Ball,,Triceps
4fa40748644cbd3b633b66a180a6b70fd8628f7079486a829b44edd71f2f758f,516112,,Medicine Ball Throw Squat with Wall,Strength,Medicine Ball,,Chest|Glutes|Quads|Shoulders
7a1ff3fc851f42170708a32463dea5fe2ed9d0bd853d5b71b79c7bec5bc0b961,382512,,Mid Air Lateral Raises with Switching Palms,Strength,Body weight,,Shoulders
583997b8227314d8c68f959ac2fb2cab86e3f9493da912f733e9b89fce15e935,428812,62612,Middle Back Stretch,Stretching,Body weight,,Abs
309242c5f03fe1305877a80263b401c9b8f855d1eb95fa3130cea7fc8c946028,,589512,Mindful Breathing Meditation,Stretching,Body weight,,Glutes
44994ac051c73378fe2bdf5a9c8182740f400e1dd22046b60e5e78845e8aed8b,321712,,Modified Hindu Push-up,Strength,Body weight,,Abs|Chest
9e44fd66b2ff5c861c2d638361db045fdfbb3cc919ffea5dfbf8cee256b22e54,63012,464512,Mountain Climber,Aerobic,Body weight,,Abs|Chest|Glutes|Hamstrings|Lats|Quads|Shoulders
225e6f344847913751f4b44f5b1bd71e638b760483bd088b89680c171b623240,,521312,Mountain Climber (V2),Aerobic,Body weight,,Abs|Calves|Glutes|Hamstrings|Quads
7bd718a0b906782a9cc950e4fc1f8cd82710c63757c3e429c4fb9de52c93c553,499512,,Mountain Climber Cross,Aerobic,Body weight,,Abs|Glutes|Hamstrings|Quads|Shoulders
9c779eadb5ceebb6d5f5bbeb76ee891d50655a51e0e313f50a33f09a27416da5,584112,62912,Mountain Climber Lunge,Aerobic,Body weight,,Abs|Calves|Glutes|Hamstrings|Quads
54a01228039648fdd32bdd222f6674e8a8c5e2ea65e9a0ca0f991b25c212880b,633412,,Mountain Climber Plank,Stretching,Body weight,,Abs|Chest|Glutes|Hamstrings|Quads|Shoulders
5ac2c1bc99e72671bbabe395f661f4c6587ea7e8d98dfcba6b2b4735a6608556,515612,,Mountain Climber Slide with Towel,Aerobic,Body weight,,Abs|Calves|Chest|Glutes|Hamstrings|Quads|Shoulders
128d77d7ee320d505af25a2dd50e581e5409c223e3e0bec0e796365b17368e79,470512,511612,Mountain Climber Walk,Aerobic,Body weight,,Abs|Calves|Glutes|Hamstrings|Quads
44f33fd900a8c707f275791e10c235ae7e77a5c1b2e0588bd7cc806b112ff459,553012,,Mountain Climbers Shoulder Tap,Aerobic,Body weight,,Abs|Biceps|Calves|Chest|Glutes|Hamstrings|Quads|Shoulders|Triceps
50500713afae4d9856767dde4903dcfa4b7ac30de5421577b584cac94fb8aecd,495212,549312,Mountain Hops,Aerobic,Body weight,,Abs|Calves|Glutes|Hamstrings|Quads
8fdd42d13c6d576bd635bd43890578b100c3de0bf0ddfcc93badd6e25812a190,63112,,Muscle-up,Strength,Suspension,,Lats
3a40c952c36f4be40f34ca8e54dfeeff6f06a2c6ea33ca61848fa47c5bd663ab,613812,,Namaskarasana Yoga Pose,Stretching,Body weight,,Calves|Glutes|Hamstrings|Quads|Shoulders
d23c6d7b00e68b51af9a077dd905981aa8dc59ac0fc2b7e21523bbf5ed7748ab,339212,,Narrow Squat from Deficit,Strength,Body weight,,Glutes|Quads
9a396a6498c46b0a2319a836706629b3eb604c72860a00a85cbd0b111355bb7a,399412,427612,Neck Circle Stretch,Stretching,Body weight,,Traps
b581b44cdbd389cc50d78f093b0b786f14033536c597ea675feff8515e0ed326,,569112,Neck Half Circle,Strength,Body weight,,Traps
aa35be1e155eb04c58ef05b3277df71663f8912c7663281068ebc5d84863934b,140312,428912,Neck Side Stretch,Stretching,Body weight,,Traps
7aea2c227e6d2e02a826fa1b459465c266700c89d41ebdfeac1b87310d13c94e,,569312,Neck-up Down Left Right,Strength,Body weight,,Traps
dcc12a187e78c72eb1a957891ca34a851de2f1bf707a2d08ec5a749b14c5bf10,498212,526412,Negative Dragon Flag,Strength,Body weight,,Abs|Lats|Quads
c711ace7b4bf5a380cc93bf62d14f6b5a181d3ddb0778f0cc8c9bd5ff9935a10,149512,,Oblique Crunch (V2),Strength,Body weight,,Abs
1d677327eb107d5baa5ad9b1d9f18ac8f0aff8b8004da5a1cb37a276828607e2,63512,,Oblique Crunches Floor,Strength,Body weight,,Abs
466de9deeb65079015527816275a91243b6504d8f9d3733206b59d89d8e19298,333112,,Oblique Crunches with Straight Leg Lift,Strength,Body weight,,Abs|Glutes|Quads
5bfeb33ff5cfe90602d4293f06ea93b33e66e4a054a6fd03d655279e41880d91,351512,577912,Oblique V-up on Floor,Strength,Body weight,,Abs|Glutes|Quads
8c2e0ef14105d4a0cc601aa89c6a911adece375b365ade6b6651dd4ef0b2db35,595212,596012,Obliques Twist High Knee and Kick,Aerobic,Body weight,,Abs|Calves|Glutes|Hamstrings|Quads
8500e68118b6293ae2331ff697ea433d962e5e811c8886a965adbac8702fe1df,524112,526312,Old School Reverse Extensions,Strength,Barbell,,Lats|Triceps
d23d1b86a31b51c82a1dc42473127cdfb30c7aa7a8606dd96692661e901e5d3e,63612,,Olympic Barbell Hammer Curl,Strength,Trap bar,,Forearms
c3432ef954781c92e665bf723660a6f7791150a60ee49b14b4df337ea28799a0,63712,,Olympic Barbell Triceps Extension,Strength,Trap bar,,Triceps
c70e961968a3c7b239698fdc8f222c4118b9576ae16493964837e288f74136d4,509612,,One Arm Overhead Dumbbell Squat,Strength,Dumbbell,,Glutes|Quads
a8a6296bff4a614d127a9f51ff8eb79eccf002b391be67f6c92095192d50a9a1,461712,,One Arm Push-Up Supported Wall,Strength,Body weight,,Chest
d0a61572071e37aed7cc90e750c2eba11b879d9086a28d500c421618b08a8656,72512,,One Arm Push-up,Strength,Body weight,,Chest|Triceps
023bf746b8cca769def12c55b1bbc7300e5fc857b0a265b3fce4d146ecadcf56,300212,,One Arm Push-up (on knees),Strength,Body weight,,Chest
4931dbe47fb97c38eb9675485f75d9708cf5f752c28b3d3bb0738ea22a8986f4,584412,,One Arm Side Straight Arm Lat Pulldown,Strength,Cable,,Lats
a176d04dd387a18ea178dfb912aa6677a545f363b420af651d3ad79b460cf474,135712,,One Handed Hang Stretch,Stretching,Special Bar,,Lats|Shoulders
ee2b19bc3e207d32cad08502a65b4e5a24b3157d8844d15dbf6adaf733e219f2,597512,,One Leg Balance Cross Punch,Aerobic,Body weight,,Abs|Calves|Chest|Glutes|Hamstrings|Quads|Shoulders
8dab79c702637ea57cbe2e659d8539a3e6406ca5a4f46d1b21b4895a50b4cae4,424512,,One Leg Board Jump,Aerobic,Body weight,,Abs|Calves|Chest|Glutes|Hamstrings|Quads|Shoulders
19177c96207023ec4e03d0d4aae39e824798095df2192a488a6d50862bc7a707,,292012,One Leg Bodyweight Deadlift with Arm and Leg Extended,Strength,Body weight,,Glutes
29a68c73fc2615d45de1680c7d7b08dfd2c4eecd7e12872fd2bbd544b4e424ad,516612,,One Leg Box Jump,Aerobic,Body weight,,Abs|Calves|Chest|Glutes|Hamstrings|Quads|Shoulders
17f05c017edac742f0ee528ab5690a079f47e16a8c77a2e1104e620f1b763ab0,,72612,One Leg Bridge,Strength,Body weight,,Abs|Glutes
dda800f8f891e649c7cde59cd87597c75353b136dc794439bcc401ea2c0661f9,364512,,One Leg Bridge with Outstretched Leg,Stretching,Body weight,,Glutes
2324666f4291d69d6436b6c3359dff8cf7cbe276726c84586d63b5fd5f16382a,600012,,One Leg Bridge with Outstretched Leg (left),Stretching,Body weight,,Glutes
29cc3e5c82de53d08219135e060a180a675bb9411f2ae7734421c5cbdf55a24a,505212,,One Leg Calf Raise Off Step,Strength,Body weight,,Calves
6f5c4d17cd78579013fe02a82029341b5255608f9fa235f190c058ce641b6fb0,,493112,One Leg Calve Stretch,Stretching,Body weight,,Calves|Hamstrings
a7340bbca655cda6c04980f1161bf04c1834bbf105ec12ea9196cd04e2c5c2c6,358512,,One Leg Deadlift with Knee Lift,Strength,Body weight,,Glutes|Lats|Quads|Shoulders
280e9048a23f60a5dc28a1fb5b3d9572907b5de38c4ed77967fb27412092e868,436412,,One Leg Dip on floor,Strength,Body weight,,Triceps
0e1a7e43b35bea32b9db485e5362cb76d8a17c9d9f25a1a332812129aaa0e174,,72812,One Leg Extension (on stability ball),Strength,Stability ball,,Hamstrings
2dcbeb734a6cfcfb5364dd0107256e0bdb74118939e5489ccd81abf951ea36e6,138712,262512,One Leg Floor Calf Raise,Strength,Body weight,,Calves
0ba233c57cb172134f25c808f5425f9a04b51f33644d23967a37c0cde3855db5,516712,,One Leg Glute Bridge with External Rotation,Strength,Body weight,,Glutes|Quads
0f6fc1609f98b0098ea53b2d43e9d4ccc3f3055a4f6f8ffb68b5f314f2a39f9a,404412,,One Leg Glute Bridge with Knee to Chest,Strength,Body weight,,Glutes
d69c01547a33d15916e20d6206700efd01799d1970577864b681e911e160362f,349412,,One Leg Heel Touch Squat,Strength,Body weight,,Glutes|Quads
d30790ff3fb60c4dea118e6647c301bcec8c15a38464109369f325639036c313,207112,577412,One Leg Hip Thrust,Strength,Body weight,,Glutes
54dd107aa98755e4225fe25e3c5bce0d2df4ca5e535e9050cd3cb1133cbdf108,479312,,One Leg Hip Thrust Jump,Aerobic,Body weight,,Calves|Glutes|Hamstrings|Quads
3fef5625315246d30ff1b0e0d15803390242fce3a1e7aa7fbe7d3aace6e0ff21,349312,,One Leg Low Box Squat,Strength,Body weight,,Glutes|Quads
61ae5ae58d6eb1102808ad2dd1634937aa3df00211e04be6d999a5e87f73e87e,159112,,One Leg Push Off,Strength,Body weight,,Hamstrings|Quads
3bc462ca7bd548bca673d7fff81f06cd7835c830c4fd7d5829614eed56384135,157812,,One Leg Quarter Squat,Strength,Body weight,,Glutes|Quads
5b0ff5a09622de18d55365ed2c2455a8251bc99a9c92dc3285af9acac525cde8,351412,577312,One Leg Sliding Floor Bridge Curl on Towel,Strength,Body weight,,Abs|Glutes|Hamstrings|Quads
f9a9e34b23e783173f40cf22467f5ed1326fdd4210efba23b05897b6a9d960f4,147612,,One Leg Squat,Strength,Body weight,,Glutes|Quads
2ed2ee1e145c2d2f4b2c6f5822da6020c0be2b873832dbaff0a23f9c5e79ec94,175912,73212,One Leg Squat (pistol),Strength,Body weight,,Glutes|Quads
484a9de462c02c2472ab78db2e225374bc7cf7732761f1e483f15d9b252a36bf,,237512,One Leg Squat with Support,Strength,Body weight,,Glutes|Quads
8e2ff6e34ff0ad5fb3c13f6dc4fb3464c651c2915843914745ed64bdd2779f99,176212,,One Leg Squat with Support (pistol),Strength,Body weight,,Glutes|Quads
3949b73591599303e1c97e2aa439950b55a424fc788fb00cb5588091ee520523,371412,,One Leg Stand,Stretching,Body weight,,Abs|Calves|Glutes|Hamstrings|Quads
74a973eb49fb93c38924fb20148752f7e48f617e098fcc294b8335e5a2a0f71e,371512,,One Leg Stand on Bosu Ball,Stretching,Bosu ball,,Abs|Calves|Glutes|Hamstrings|Quads
1b234f687462e729365008ec86a3863fec2971abf5caf00e1ad7c8cd3bc2bb79,430912,287212,One Leg Stretch (bent knee),Stretching,Body weight,,Abs|Glutes|Quads
10e261570f37a6dc8a509c517d28bf6b2127dce5c867e5ddb94be1650064ee95,425412,,One Leg Vertical Jump,Aerobic,Body weight,,Calves|Glutes|Hamstrings|Quads
c3af259bbc275e381cdc5546cebc21c66cc146cc342184ffb82abcc59668033b,141712,282512,One Legged Diagonal Kick Hamstring Curl with Stability ball,Strength,Stability ball,,Glutes
b0773d09953b1344815152f5dffef247e2b6534d1ccbd31c50fa95baefa8fa3c,415312,,One Side Archer Push-up,Strength,Body weight,,Chest
f29dfba2ad427eb52aff795accdd53252fad98253dd3f021c05a8f534412c93e,431012,286712,One Straight Leg Stretch,Stretching,Body weight,,Abs|Glutes|Hamstrings|Quads
3bd8f48fd0c60a30724c18f7eb9d5fe933128cea73500302dc669811c4eb0dc7,460112,,Open Book Stretch,Stretching,Body weight,,Abs|Chest|Shoulders
e6a36861e78408a735e172450093454229a6828ade2ab304c93c251f75d46c61,499212,,Opposite Crunch,Strength,Body weight,,Abs|Quads
e6ddc81676b8c5f83efed6bda64b45eb8c91e8cd6e3f09a1a3418a11ffcc9510,64112,383712,Otis-Up,Strength,Weighted,,Abs|Quads|Shoulders
3df21b83f3b01b028d53cafe475234adac8ae56391d3e31018e78ca4114f1523,,466512,Overhead Clap,Strength,Body weight,,Shoulders
e2106ddffc984e9ae9cd4623627a59ab94cbf4f5ca3e47fb546afc206e28317a,455112,,Overhead Jack To Jumping Jack,Aerobic,Body weight,,Chest|Glutes|Hamstrings|Lats|Quads|Shoulders
4d6b896bae0bf2203ddd407e9cfe63358507aee1007cb1de803b1654591eb389,64312,569412,Overhead Triceps Stretch,Stretching,Body weight,,Triceps
c6341ddb78c84ce7ac0913909473e723bb1725b9736727faea55f2497f35e166,460212,,PVC External Rotation,Strength,Stick,,Shoulders
b2039b9028583c10a19b5974e37a89b3d89f194ca3986c1f77872b4e4b716093,518012,,PVC Figure 8,Aerobic,Stick,,Chest|Shoulders|Traps
f7857d6b1a1805d8a0db7957cdd780e06ba95bfa10e54973fb9726d732a01c1f,460312,,PVC Front Rack Stretch,Stretching,Stick,,Shoulders
25a04ed4a92b9cab6d5aaaa3e4a433fea27c32571cda669aed7772093edbafd2,460412,,PVC Good Morning,Strength,Stick,,Hamstrings
0327609f4ee617f59d1a41e6cc6caf6e0d74f4befa7ecdbf054a672fa5d70a83,460512,,PVC Hip Hinge,Strength,Stick,,Glutes
c539c6dd1e40a06db198a67a573a752db96137a17955777e55d32ec343931e37,460612,,PVC Overhead Squat,Strength,Stick,,Glutes|Quads
6f945b3e55cfb298cb2822f728ad8905ed3ac25a60cb6ce3d4d875b26a8119de,460712,,PVC Pass Through,Strength,Stick,,Shoulders
87e0532ded1db6fbf08f3de09e3a43aa896ecf4cdab6b79b6f67de98b90f392e,,637312,Palm Press Back,Strength,Body weight,,Traps
59db382d1ded7775f1530cca725767415cbff4fa4a0d82cadd3317d7006dd3e9,508012,466612,Palm-up Palm-down Rotation,Strength,Body weight,,Abs|Chest|Quads|Shoulders|Traps
85530460b6001f3249a97d6d7166a69d4ce8ca5eb6217ad925ca322eba8a4d5f,,599412,Palms Above Head Elbow Squeeze,Strength,Body weight,,Chest
36d1a82cedc870e13402b8a3f3d6b2da06a18071fdb9c34d613909d9e904a87d,461012,,Parsva Balasana Yoga Pose,Stretching,Body weight,,Abs|Chest|Lats|Shoulders
cd950b103352dff9f1b7219627e4639684efd3405dcae33232eca1d4ea3559fe,501712,,Pause Squat,Strength,Body weight,,Glutes|Quads
8cff6e51a1ad9597033dc8f51732fc84ca20c9846ec038be257c17016889d233,314712,,Pelvic Tilt,Strength,Body weight,,Abs|Glutes
fef54d8ea2393ce80e268cd36ead221f25a528cbe04dd0aa0ff46c0c0b87aaeb,142212,,Pelvic Tilt Into Bridge,Stretching,Body weight,,Glutes
9395e3d7d23724f0c42fd3e04bcc4a81a3466cfb0903d5c1f1adce277679228f,579112,,Pendulum Leg Plus,Aerobic,Body weight,,Abs|Calves|Chest|Glutes|Hamstrings|Quads|Shoulders
7c9cda4197699af9bd74ffa0a16dd83d46d5b74231a44feeaead17f132a56303,138812,432512,Peroneals Stretch,Stretching,Band,,Calves
cc48dd260568d268f6ee81f919ea548a20733ae5f4eb3381275aafbbd1dfe148,,529612,Pick and Carry,Aerobic,Body weight,,Calves|Glutes|Hamstrings|Quads|Shoulders
174925ceafbf0ee4020752691f6f873ae0777123ae1a84d7486947b78ebd9f79,194312,228012,Pigeon Hip Stretch,Stretching,Body weight,,Glutes|Hamstrings|Lats|Quads
4a8c1b1a26cb2ca1706fd2fcaa81d81f6b38e47f964f4b8002d704d0b3727fbd,292112,381812,Pike Push-up,Strength,Body weight,,Chest|Shoulders
15844e09fd341cfac11752de45083dac46298ce5ed315798641685f1e0a8567b,338312,,Pike Push-up (on Bench) (V2),Strength,Body weight,,Chest
2762674d73928882f84b814bd19efcb973b70ac2a3e7ca1365bae910f9784f96,366212,,Pike to Cobra Push-up,Stretching,Body weight,,Chest|Glutes|Lats|Triceps
903a5ffe6ba51c3e278c0a8a879c800880226c1a1b5e8fefe4d429790e193cd0,298412,298512,Pistol Squat to Box,Strength,Body weight,,Hamstrings|Quads
0285cdf966a1a1035e52a33ae3894fe329978893b7271decb6dd40e9cb8d5839,400412,64412,Place Jog,Aerobic,Body weight,,Calves|Chest|Glutes|Hamstrings|Quads|Shoulders
ccf5dd4bf3e0c3018048064bdf9218ac18bf50a8dc94e1bc9c7c021be992f03d,46312,46512,Plank,Strength,Body weight,,Abs
f579febf41047ede8222fe15db42edfef8a1ee740ba20067386ba71e43b18eb6,,492712,Plank Feet Tap,Strength,Body weight,,Abs|Glutes
01b7c5443aca44960d37a0ec79b37c5c1491604b5f3d65a286e9bcabd62ff200,393012,464212,Plank Jack,Strength,Body weight,,Abs|Glutes
7b4c02d7c5e6ded2a08bbc342dcc4cc524a88a7b23cb1fd6c976415db5d5bf39,515812,,Plank Jack Slide with Towel,Strength,Body weight,,Abs|Glutes
dd68d27c863cf29d1e575ca1974ec2c5438f46208b1e64774fa08f0dd795706f,515712,,Plank Jack on Elbows,Aerobic,Body weight,,Abs|Chest|Glutes|Shoulders
f23e29a322506f3af87da2126d47b1f87dc0ec7ba03a659a48b0e3082d10a874,385212,,Plank Lateral Raise,Strength,Body weight,,Abs|Shoulders
797a3e253ed7e2ff9007c603c2aeca824fb370977686b35dd04636086f9a4fe0,,554312,Plank Leg Raises,Strength,Body weight,,Abs
3747b9feb95e94d90c4d22de472aab87d8d7e5d7459d94da35063e9519392dee,516512,,Plank Pike Slide with Towel,Strength,Body weight,,Abs|Quads|Shoulders
bf3d172781fe4163f0c1c37d614df90249b7180c1ef321bac887b6e4163c59a0,296112,,Plank Push-Up Row,Strength,Dumbbell,,Chest|Lats|Shoulders|Traps
1dcb12119a8648fc464984b3b4eb9ccc9e813a780ba797f3f1b0d718683c2b66,527312,,Plank Shoulder Tap,Strength,Body weight,,Abs|Chest
80c76238f880f69fd93aebc55554e8e934bf3cd127f1380585bdd9a85ca16e78,562712,,Plank Side Walk,Strength,Body weight,,Abs
8ea82baf23dbe50c7428668d2a744986f5a26509015238a0d903eb0957af84a2,633912,,Plank Thigh Tap,Strength,Body weight,,Abs
1a0aa3027a6300b2188fc462ddc93fab455e4a7d6455ab43d4756a7b9e4d8d25,,144012,Plank arm lifts,Strength,Body weight,,Abs
861b50524856883499b535a1e59ea237eabe4352f34e83d1f1c2ba1cff81b1d0,515912,,Plank on Hands,Strength,Body weight,,Abs
11476ca8d07e79d6c25e3f8cb497d534d1210593300a0449e8fa0a632e4b79ee,487812,,Plank to Pike,Strength,Body weight,,Abs|Chest|Shoulders
82bdbb0e1b722349a91247410eeb033a9bddae7d57efb04ba0f0792857a8b269,104412,,Plate Pinch,Strength,Body weight,,Forearms
cadbdfc2e4c3faf795f2a9b3766af05539f3dc1c76cad15f01783fe2604047e8,130612,,Plyo Push-up,Strength,Body weight,,Chest
7b12bdf49c6db8bd39f0f0b08953a285599b6bf0eb0c81a5b7e67b189c1a7c11,467512,64612,Plyo Side Lunge Stretch,Stretching,Body weight,,Glutes|Quads
f0759d30128e9e9c03ffd447ef92e108e04bf78e4cf5e11cb0d8620f678d082e,64712,,Plyo Sit Squat (wall),Strength,Body weight,,Calves|Quads
1c0c6faddd88e5af9b1854c38f665dc3d92c9e59855411ed5a0db96ce34a63b1,,574512,Plyo Squat,Strength,Body weight,,Glutes
510a82b4d99481fbf024206afac4d1a5bb2fa851ce6807fe48bedae591035b60,514512,,Posterior Neck Isometric,Strength,Body weight,,Traps
3a64c212b15bb9ec57b2c17b4f7c851b9f68f3a6941d8e08115f8a360b8cf862,518812,,Power Clean Thruster,Strength,Barbell,,Abs|Biceps|Chest|Forearms|Glutes|Hamstrings|Quads|Shoulders|Triceps
e6924dbab40f97f97c9c82393ee3ed7a1b8db360c9623524d8f7474820bb5ece,290712,,Power Sled Backward Push,Strength,Power Sled,,Hamstrings|Quads
1e69f6dde7b12f0bb0dbaf9d0f5790f7d23a5b0282198d801f4843b0e3573d1f,514312,,Power Sled Drag,Strength,Power Sled,,Calves|Glutes|Hamstrings|Quads
b9cca91b2e052f587e0eecb0cdff946a367e22c53dfdba69c4687f76978df8a6,442812,252412,Power Sled Push,Strength,Power Sled,,Calves|Glutes|Hamstrings|Quads
15a48cb2007b05b4b6e9be806dcbc3e086777cb936cb53ef3a19c5499d01e5c1,519312,,Power Sled Rear Drag (V2),Strength,Power Sled,,Calves|Glutes|Hamstrings|Quads
a8b5be5e935748014589de95b80fdedf32d0e233836f6cf5769c6f349333f337,612512,,Prayer Chest Squeeze,Strength,Body weight,,Chest
c2ccc014b5af6fed1fc56ae028b63dcb07979a8ea4e501c1cba57d2bc8cef211,482812,487612,Prayer Push,Strength,Body weight,,Shoulders
45eadab87aee9efaa47306148d4b236135047756a8b5b5c38d2bd7d1d0f88702,559012,,Prayer Push Jump,Aerobic,Body weight,,Glutes|Hamstrings|Quads|Shoulders|Triceps
8107e5b683d0441c0be9deae95d31d3b74b6879b9fe156960c8cec823e342669,496612,,Press Under,Strength,Barbell,,Abs|Calves|Glutes|Quads|Shoulders|Triceps
ef2598fdef573fe130f2bfe25941d8389b9d150bb286656364df91a7a623cb3d,506012,,Prone Cervical Extension,Strength,Body weight,,Traps
9e0fb425b92035300d6549b08a12d8c0c0bc3512cc72cae78aee4aa1bd556d3c,506112,,Prone Cervical Extension Isometric Hold,Strength,Body weight,,Traps
4c9020693029fd5276cfbdd371ae0d35d92c4526bd2fa688d03dcb2f5385f451,,287812,Prone Press Swan,Stretching,Body weight,,Glutes|Hamstrings|Lats
f83b058d6dd5190959a194a3efbde4de8d935b3e822a620c021e0ee6b2990aa0,582212,,Prone Y Raise,Strength,Body weight,,Traps
5f61a8371712951ec7895f7d08510836027261aaa0f1a408b8da0aeb1d698dc7,382412,,Pseudo Planche Push-up,Strength,Body weight,,Abs|Chest
114bba17cc19440d76b88a767dc34880a4439746a6b23190f4977c17596a7693,65012,603012,Pull-In (on stability ball),Strength,Stability ball,,Abs|Quads
472c904e0b55bd8aea64a5ca8b2fca6c9248f5109c820a9fb9e28a1d0583d0af,65212,,Pull-up,Strength,Special Bar,,Lats
4f821eac7805c7b02c9bd8f417af421c2400374cbb8174877817a0666328d800,,477412,Pull-up (negative),Strength,Special Bar,,Lats
6f3d31e9e68eae26f5fc0874ad3e4821ffce7f01670596bcdcbf7acfa03da436,65112,,Pull-up (neutral-grip),Strength,Special Bar,,Lats
eebc1653eb8ed5b3740591cb59ca87f529db3fc75d40c6fc5a0f39811306d616,348712,,Pull-up with Bent Knee between Chairs,Strength,Body weight,,Lats
80ed954c04658f73a3271b6b43cf7a4cbeb7ef5f302b54460fac8f8dea7f0039,382212,292312,Pulse Row,Strength,Body weight,,Lats|Shoulders|Traps
5cd34d9f14fa29ab826ef513fbe810c1d9d6e9c159d72d9df79c1bb2a72c9cd3,,519712,Pulse Split Lunge,Strength,Body weight,,Glutes|Quads
e490d643f204f9da1b4b57eb779123cc654aa4515c65894aa5ae2211381ac96e,633712,465412,Pulse Squat,Strength,Body weight,,Glutes|Hamstrings|Quads
54b45e97583787213970ba5941f8942233cd9c87eb2a10bf633d8c319fe4e571,345912,,Pulse-up,Strength,Body weight,,Abs
c863f67c3af6d5768625167a7c0117af5351a5c9da18978d5d1aa7465ef02467,612612,,Pulsing Chest Crossovers,Strength,Body weight,,Chest
790279286bf0eb77c7e646b822d21840cb5679ed33686b8cd9fbe01a93b34321,,631512,Pulsing Donkey Kickback,Strength,Body weight,,Glutes
a075b8665f6ad7a6ea939ec6e1ac2c93fea3e8c7be220e78952e2068a8cfb704,,638612,Pulsing Glute Bridge,Strength,Body weight,,Glutes
57ea7b43939cc44d7f65e2ff48bb98ca93895ac75432e2b198a35adb0ae3d06c,,599512,Pulsing Prayer Push,Strength,Body weight,,Chest
53341be6048cf7eb276464ad43328d7f781911b0fe8d31a4c1054775fedafc6f,,616312,Pulsing Side Lunge,Strength,Body weight,,Hamstrings|Quads
0766e4cc8cbc873524fa5e47530852eb2632c5b96c34cda25117d74bdf75db28,602712,602812,Punch Step Forward,Aerobic,Body weight,,Abs|Calves|Chest|Glutes|Hamstrings|Quads|Shoulders
91f328b906a3f2c0e5c8c5c5fc5c98b2b5c010028c99a2366ddb80869f4d4e78,,568312,Punch Stepback,Aerobic,Body weight,,Abs|Chest|Glutes|Hamstrings|Quads|Shoulders|Triceps
6a15275c27de0588b51bc9c924568b0ac0dbf26c6ef2c2e80e900a17da6e9299,450512,,Punch Twist,Aerobic,Body weight,,Abs|Calves|Glutes|Hamstrings|Quads
bd27773f495a7cd193e98351681377417b12fceb1e1b73ee26594ba394279331,,568512,Punches Side Lunge,Strength,Body weight,,Hamstrings|Quads
e0852957dd9ed22de29d6ab686ed8ac5dcc263d3d1fee1e87bf67253be096321,501912,,Punching Jack,Aerobic,Body weight,,Calves|Chest|Glutes|Hamstrings|Quads|Shoulders
d428b21b8bce12658106aed7e7d1e1996e556a7c4353ac7263f67269959e0081,,589712,Puppy Pose,Stretching,Body weight,,Chest|Glutes|Lats
1bab843aa13f96ad45b566a54284f9f065e8fc69ed74248e2c59d5aa9622a87a,,511312,Push Jumping Jack,Aerobic,Body weight,,Calves|Chest|Glutes|Hamstrings|Quads|Shoulders
79326f908caacf97eb68d5f47f84987b87cf7a2e685377ce57fa5a462b933b93,120012,,Push Press,Strength,Barbell,,Abs|Calves|Chest|Glutes|Quads|Shoulders|Triceps
6676dbd1de0f067d35e3543f8dbaf4a0c64f84120d05a6db88c3c9989c9efe29,,536612,Push and Arms Crossover,Strength,Body weight,,Chest
c4a599d79013a397745ec9936899ff4bbcd3a4718072136af0b3b9c9ae4b8558,,535912,Push and Rotate,Strength,Body weight,,Chest
492f4b0e058a032c152ccd643f389ef15fb9b84aa2fc2b4e77b2a71b8f363d8c,503012,,Push-Up Jack,Strength,Body weight,,Chest|Glutes|Quads
92689b394b8f245a8279e65e4d45c64db7d2a3b7332bbef300a9a069b531aca0,66312,,Push-Up Medicine Ball,Strength,Medicine Ball,,Chest
0ca20cdd8cf5d624a6a9ab7d9c012259e1ff6eac0b608975f3c2dfe1c59901f3,314512,314612,Push-Up Plus,Strength,Body weight,,Abs|Chest
a7a3e19b50cdadef2d69d0a4bb2ea6ebce3e99edc0ba5f1cd5bd1f23d7124c9d,66212,66512,Push-up,Strength,Body weight,,Chest
ab14fe3c8ee53966d0667f575464f9e7a7b4d1abc541278da04de7213ffcbb65,65312,,Push-up (bosu ball),Strength,Bosu ball,,Chest
6f86a4bd546485c05550fef3aa838f1d625573a0e4961d9ba8ad70526da490d5,321112,118212,Push-up (on knees),Strength,Body weight,,Chest
7eb511b00388a27dfdd53b772c4b02a3922cdfb78b45828f698aa00b8f4b4f7b,65812,261412,Push-up (wall),Strength,Body weight,,Chest
1bb2e0c5a1ce74057a88158d0a064b8bd5a25a73464132d8b438302b6773068f,398512,,Push-up Hand by Hand,Strength,Body weight,,Chest|Triceps
6a2df3a4717e7c563261423d9263470dc501030081b66c3676f0ed3443c46d4d,483012,,Push-up in Child Pose,Strength,Body weight,,Chest|Glutes|Lats
904ee4a3da0ad0656c226dcc95d759f5510af71afd3e3b7ae96cc5ac80e5afb0,146712,,Push-up on Forearms,Strength,Body weight,,Triceps
4d5de379c7a0247df4e372fe7e1760f426d5d0ca92e3302eb30b25492efa363f,66412,,Push-up to Side Plank,Strength,Body weight,,Abs|Chest
94aa58efe3f35099d9df5df4c9b6545e7f9b9b60c8f25d6e4a981895e998298c,519612,,Push-up with Twist,Strength,Body weight,,Abs|Chest
1c7efa4175d13be04576043a17b54a4261e36d51a074d8e54b3676d5f63f7f72,,589812,Pyramid Pose,Stretching,Body weight,,Glutes|Hamstrings|Lats|Quads
29666b7fba52cf66164ad8a75b95865e2b57396b7da051967d292862f369d34c,430012,94012,Quadriceps Stretch,Stretching,Body weight,,Quads
f7f4d3fcc7bbff54a027bfe3164ded5fec82a675c3643f663c038dc05cb4afbe,429912,93912,Quadriceps lying stretch,Stretching,Body weight,,Quads
12ea32b6f83e1646465d877938562bcf886d96a4768bd5edbbdf3d495dc80f9a,496812,,Quadruped Leg Curl,Strength,Body weight,,Hamstrings
4229dbd29cf7ea28ca9cf6301c0e63a8e331cb1fff807d23ca1d228dec52e7d9,320112,326112,Quarter Sit-up,Strength,Body weight,,Abs
83b7952ec00fc37ab788bcafa2209222c8207563bedf1fbf2f331c1a04bda242,355212,549412,Quick Feet (V2),Aerobic,Body weight,,Calves|Glutes|Hamstrings|Quads
2f930a429206e36f5560bbcbf256fd13577723380c21fec783a36bf20e7b4b88,319612,610212,Quick Feet Run,Aerobic,Body weight,,Calves|Glutes|Hamstrings|Quads
efba05dbc743eefa1ee55a9101ce7723eca203119fad9b177d2950faaa5b38c9,,532312,Quick Sumo Quarter Squat,Aerobic,Body weight,,Glutes|Hamstrings|Quads
46efca137a06b7d27dffa34ad29eb1ca4d600fb892bd65cc67b0221e564c7b54,,555212,Quickly Swing Arms in place,Strength,Body weight,,Shoulders
454cef9a652f2849d24d917f043f117dcef5ea7f38f84cd5e65a74aa758483d7,,627312,RKC Plank,Strength,Body weight,,Abs
3d2ff6086c323fa46e20ecf562442c0da4e201dc25ade15a208851294c492074,,66712,Raise One Leg Push-up,Strength,Body weight,,Chest
60867b7b697b8d0e4cda8f751b03d36cae5d58bc8510b650621e6cd6752cb8d5,561512,,Reach Front Reach Top Sumo Squat,Strength,Body weight,,Hamstrings|Quads
e5654ece6fd9206e1085ada756b4138430ffe627ec2d02fef307335cf14d7f3a,66912,430112,Rear Deltoid Stretch,Stretching,Body weight,,Shoulders
7f99c1cecaec6d75d6cc2313fa51945dc03580b09485b630c7e62ce0be337f75,553112,559612,Rear Fly Stepback,Aerobic,Body weight,,Abs|Glutes|Hamstrings|Quads|Shoulders
c9460c614612d859f6ff82731db761ba6d68b5d9eeb63d8c7914f8bc953d8df2,564212,562012,Rear Lunge Front Raise,Strength,Body weight,,Hamstrings|Quads
502eea5bbe8fe3418332d91fa13625378fcca0a7b4d2eae53220719c312c2b8d,,616512,Recumbent Hip External Rotator and Hip Extensor Stretch (CrossedLeg),Stretching,Body weight,,Glutes
73d7dda5b184245938fbdd911d0ddf4507b04052a3d9fd02c52f5062797db94a,,242012,Resistance Band Air Bike,Strength,Resistance Band,,Abs|Quads
f70f7b0657075478ecfd732ab7253a9c2f3eba1d73b0a8cfbc21a0cf49d893ae,514712,,Resistance Band Assisted Front Rack Stretch,Stretching,Resistance Band,,Shoulders
cf61c6885b2744c7fe1d75edc99365e9ace772b8f53a6ca1c86f886eface08f5,,214912,Resistance Band Bent Leg Kickback (Kneeling),Strength,Resistance Band,,Glutes
d06529616db72f3a67c9d8909fc32e1ae700f8ef51791f518c97d192a889a1f0,,241812,Resistance Band Bent Leg Side Kick (kneeling),Strength,Resistance Band,,Glutes
0209d5deba4c4bd294a44969303defe35f3b3934d0cbdebfc1115e139cba74a7,,540912,Resistance Band Calf Press Sitting on Chair,Strength,Resistance Band,,Calves
035bcffbc5ae14ce35f5dcab3e0250211edcd872653e1d2bdcc8a72795e06b0b,215012,578012,Resistance Band Clam,Strength,Resistance Band,,Glutes
65718f2eaf4487be4ef2964dfe417be460c709de3f37d1a96ca03d00d37e12df,,241712,Resistance Band Duck Walk,Strength,Resistance Band,,Glutes
0f0b01cb8680490b09c8fcfc5c2fc8d576f5f5ed4070b6cc2e099d31eb1dbfc5,,242312,Resistance Band Floor Hyperextension,Strength,Resistance Band,,Lats
722a8c76b92d1b18579131885f4977c381212b3317062ef21aff186fcd30da47,215412,255512,Resistance Band Glute Bridge,Strength,Resistance Band,,Glutes
e2bd4bf23072af2b577e54ccde882d94797046cb1df950dc5ed6e0b1c41c996a,419512,,Resistance Band Half Kneeling Face Pull,Strength,Resistance Band,,Shoulders
9ade549bed2843df3f1da03ad640c3cf36822f0bf6c25bff7e7d3f293b4a2a85,,276012,Resistance Band Hip Thrust,Strength,Resistance Band,,Glutes
7e2c80f8a63fea803abf603e7e1b87a0f8b33962cba77d193df234d4dc975454,405012,,Resistance Band Hip Thrusts,Strength,Resistance Band,,Glutes
3ab59c77ca795f4d8dd30d4b4204aa806cfb9d23bdbef9cedd9bd17b1d6aace7,,323612,Resistance Band Hip Thrusts on Knees,Strength,Resistance Band,,Glutes
46ea067e71a6bef042a77b3ae01db16bc09f75788eaed73ce5b4fae1783484c3,424012,,Resistance Band Horizontal Pallof Press,Strength,Resistance Band,,Abs
bc573f8a19c24ccaecc7ba9fb5f6c32624687db3d2ab37d4716856308deb2735,,246012,Resistance Band Lateral Walk,Aerobic,Resistance Band,,Glutes
96f4c9abab4c496986bf14b9ac842d0702f905dd63fb78a40a5ff4d505e10961,403612,242212,Resistance Band Leg Curl,Strength,Resistance Band,,Hamstrings
b72901c47df23f8a6ce69816e139198f2662773adeae12c32763146d2c83e726,215612,,Resistance Band Leg Kickback,Strength,Resistance Band,,Glutes
5480d94ea4eb272ca6d7c821cce71bd6cf5c7d14af7dffbc026ceccf5030f020,,242112,Resistance Band Lying Abduction,Strength,Resistance Band,,Glutes
ad8d072373b4617d96336eebd53719a630b27244e4cea07c493b6bdc9ef0bb7d,,215712,Resistance Band Lying Leg Raise,Strength,Resistance Band,,Glutes
08227b82a9d2017134e60bdf7767952ef971cf35b54112a3dc27010dab8ecedd,480912,,Resistance Band Monster Walk,Strength,Resistance Band,,Calves|Glutes|Hamstrings|Quads
b5d342b9a10c4ffcf4476674b6449dc448188c6ca4867521083d19d121791471,,255612,Resistance Band One Leg Glute Bridge,Strength,Resistance Band,,Glutes
309908be7a58e9eba1c3d860c3796c6fa065ca0bf393bf8432766a8de649b4e0,390312,216012,Resistance Band One Leg Kickback (Bent Position),Strength,Resistance Band,,Glutes
1ee9a1f3b98ce6648d0e9cbfc386ca05fe4a767520dc129af3279370c60a1510,520512,,Resistance Band Overhead Shoulder Press,Strength,Resistance Band,,Shoulders
e93a54db51086059bf423785a91f332004c2b78c00df871552fdd8ee62a182c2,,255712,Resistance Band Plank March,Strength,Resistance Band,,Abs|Hamstrings|Quads
bec9433548d4ee1e9b27fd908aca41d885e85befe6c03263ab895ff44fa595af,,583712,Resistance Band Pull Through,Strength,Resistance Band,,Glutes
6a491205f5fb6da79902171047eb6a436c7901b7cf4a95b7da73eec9241ebc39,457112,,Resistance Band Push-Up,Strength,Resistance Band,,Chest
2e800d639b4ad1c935f5ca1aa18b6fb10c374ebb8bbedafbb72fa20b5ada0dcf,300612,300512,Resistance Band Seated Hip Abduction,Strength,Resistance Band,,Glutes
46711c731c2372482c8be3ae8f116bfd12e249889a0320fdde55b35a789f4982,,643712,Resistance Band Shoulder Adduction,Strength,Resistance Band,,Lats
32f66d9e4ee2d01117a35ff4ac33bad0fe4da16985d93c692c7d1d284dd92629,351312,,Resistance Band Shoulder Stretch Behind the Back,Stretching,Resistance Band,,Shoulders
d6dd64d61f039482145c114a4742f0e5e909ffa81297538ba6f638fce2eabe8b,294312,,Resistance Band Spider Crawls,Strength,Resistance Band,,Traps
00c213f8e68f75ed5c51270543037b62d1f6868860a58ad46ad3fae1badc9b60,,644112,Resistance Band Standing External Rotation,Strength,Resistance Band,,Lats
1b8e29677755511f99e80c2b12a93d395a8b450febbcf357ba43b4ebaba5eab6,385312,,Resistance Band Standing Hip Abduction,Strength,Resistance Band,,Glutes
b72fce97f2b9897803e7ea6c518bf0711f06e99a6443c2d62126295878770870,,644012,Resistance Band Standing One Arm Lateral Shoulder Extension,Strength,Resistance Band,,Shoulders
cd831edd88154985b49f6dfec94592b25510e3778ef1fd55eef8080a6202c869,,643912,Resistance Band Standing One Arm Shoulder Flexion,Strength,Resistance Band,,Shoulders
8b655fc388768540713d7431d383f9ac04406ee0e3aedb63c46dc9f9611b28a0,468812,526812,Resistance Band Triceps Pushdown,Strength,Resistance Band,,Triceps
686f518fc13d98b0eca12728b8ad6b1eda844b1f3a53a0502a406f1dc701969e,351212,,Resistance Band Upper Body Dead Bug,Strength,Resistance Band,,Abs|Quads
f26eb64715c230c9af3d23f0a2e57207f061707464ccdcc84245385c76c86c29,87212,67112,Reverse Crunch,Strength,Body weight,,Abs
926edbb4f051e1a7761ed996cabc4cb5f851e24adc1b3967ad8d16b886bfc394,401912,,Reverse Crunch (V2),Strength,Body weight,,Abs|Quads
f9930e2e7fe87d2ff8bae14b137fcb6da7693a269fe5d296e767dd3abd2c7496,67212,430212,Reverse Dip,Strength,Body weight,,Triceps
81003670fe513ea4aa0fbd46cfdcf5a4552e2c49282879ac1d04be047d042f0c,,526012,Reverse Frog Crunch,Strength,Body weight,,Abs|Glutes|Quads
0fa54190adf8639b1c8811a6b4374ecd3973ffcc3723474a4453c9a10d045ae6,142312,573312,Reverse Hyper on Flat Bench,Strength,Special Bench,,Glutes
cd6f1c49f4570e2c025d446c4aa367d241d5a8ac2f665eb02ceb590024a92858,580312,,Reverse Hyperextension on Bench,Strength,Body weight,,Glutes
caa06dd327c34e5e01dbb3d0a76bde9e1a4c1c46c942a6de54748c145c696eb0,581212,67612,Reverse Lunge (leg kick),Strength,Body weight,,Glutes|Hamstrings|Quads
7064eca63065bfaef4bdf872e990eef956f2d1ddadd2d144301d13eaaceb8f8a,619912,608312,Reverse Lunge Quick Arms,Aerobic,Body weight,,Chest|Glutes|Hamstrings|Quads|Shoulders
71dd439240206d8b44e1c02a28d4a3c5e52484421cda4bf086040c588213605c,504512,,Reverse Plank on Elbows,Strength,Body weight,,Abs|Glutes
af8f783cea731321744ed98b7d23d54391989dbc8f2200ac533f00b0cd079365,366312,,Reverse Plank with Leg Lift,Stretching,Body weight,,Quads
aca14436bff14a2cf7c835846b8bcdb8a7889a19a8e37dbb1f48b8a23b7fb055,375112,,Reverse Push-up,Strength,Body weight,,Triceps
edbe2ea5942e6ac1ee199f10cc10a87915a9521a43e71d189cb922b79facb7a0,,591312,Reverse Warrior Pose,Stretching,Body weight,,Abs|Glutes|Hamstrings|Quads
9eeb1990b3775387e7322db0c0e2d9cf20320f65e2f47941755c9fb66a5c9966,622512,,Reverse Wrist Curl,Strength,Body weight,,Forearms
dc051ef2f0b1917b1bce67c2caea8bca1f0d61e433bec7f995428840d98ca061,86712,545412,Reverse plank,Strength,Body weight,,Abs|Glutes
fe433475aab18691ae0732c8bae902a934cacf1555847bf5d3c1fc43b990e2f5,361512,,Reverse-Grip Machine Lat Pulldown,Strength,Leverage machine,,Lats
e4605be22bc0ccd43cf8bebbc5cc01fa9d96be5585bd30bdf5af9ff02382ab61,67412,389512,Reverse-grip Pull-up,Strength,Special Bar,,Lats|Shoulders|Traps
f298cbb947ee03b502b1576dddfd8d2b606f070bc33aff0090234d6919b22bbc,,589912,Revolved Chair,Stretching,Body weight,,Abs|Calves|Glutes|Hamstrings|Quads
23042da58cb642b899d3677634b45b216f776867836fc4e5880e6b5050eacc11,,590812,Revolved Head to Knee Pose,Stretching,Body weight,,Abs|Calves|Hamstrings
c3d332d355a3b24bb1dfb02a10ee466fac8afe117b22a66692537ba083cb4c49,,590012,Revolved Side Angle Pose,Stretching,Body weight,,Abs|Calves|Glutes|Hamstrings|Quads|Triceps
99b799f5ec5c21482bcfbb1d12d5e496ad589378df581f14343ea49e2b10785d,,590112,Revolved Triangle Pose,Stretching,Body weight,,Abs|Glutes|Hamstrings|Lats|Quads
84678dc75c0b22c9c93a033c90a67a2772e2019b184692c9cf4347b1b8051d30,521412,521512,Riding Outdoor Bicycle,Aerobic,Special Machine,,Glutes|Hamstrings|Quads
7aa84229e0c0e61afb0514ba83208008a4eccf9d570ca03d8b0cc207b2cf5c16,623312,,Ring Abdominal Fallout,Strength,Suspension,,Abs
ad21979e8e9072b4adcd341ec9051e7038be2659ca9040f5c628bb6792f4604c,623412,,Ring Arm Curl,Strength,Suspension,,Biceps
3bb89448aa24c129d33145ffeded84c87445bb3dc7f6a6c901346b9009848122,624912,,Ring Bent Knee Inverted Row,Strength,Suspension,,Lats
a02b5f75205d3c7284d1c3c54e707e76c1d76ab0666bcdee6b707999ace2c5d7,492212,,Ring Chest Fly,Strength,Suspension,,Chest
987989e62b5445440b2af260620ba69dabb40409c95a1db513cc59f593d0b094,625412,,Ring Chin-up,Strength,Suspension,Special Bar,Lats
d1dbc2810e6817d8593616f4ccda1b4fc479a3a3935140481ca3dcc4efe13b47,625612,,Ring Decline Push-up,Strength,Suspension,,Chest
774d161f7fcb7d2b363af9157475069d4d2b7f0b03c77794164f232989c10155,67712,,Ring Dip,Strength,Suspension,,Triceps
e0acdc8af92910683f74fa7fa95432b99764dacfff4821778b21f54462cf1f5e,625212,,Ring Face Pull,Strength,Suspension,,Shoulders
8da8c0892bbfbd0fee8e4122ed9843f2c9efd494b12c1652cfcf58e13ec08301,624712,,Ring Front Raise,Strength,Suspension,,Shoulders
113245134f3253e404228cfd5fbdd2e9f4510f6658ed4f5a2155fc9dd4c5dbc1,623912,,Ring Hanging Knees to Elbows,Strength,Suspension,,Abs
2559e633f841c8d750168acea0d8bef945b3a6cd5c00dc152091a2d19e6dfd2d,624112,,Ring Hanging Leg Hip Raise,Strength,Suspension,,Abs
d66e6b957a681b81e25e6ffa0814d981ab4de16f1e964eea101e1cbd2b6e712c,624012,,Ring Hanging Straight Leg Hip Raise,Strength,Suspension,,Abs
749500bf7b232807ad1c26fdbabbff5b6a3b14a890cda04f5546ae4626067e28,492112,526912,Ring High Row,Strength,Suspension,,Lats|Shoulders|Traps
b2a51f02f96d7b677172af2116180d067aa0d3e5e76d0b8b082220f428978042,624812,,Ring Hip Bridge,Strength,Suspension,,Glutes
bebfa06d6367a28151d5d0d17df911e3073e8c1c1fd21c69aadd58bf49ed3d3d,626112,,Ring Knee Tuck Row,Strength,Suspension,,Lats
54706bb09217dc23fa7deb62ca6a1a482ab90bc0c8ac34fa3795d7a242e34bb9,497812,,Ring Kneeling Ab RollOut,Strength,Suspension,,Abs
2cc7700cf22501d5d91230325d7c839ba2b0635477cb57356c7a322674039e8e,481912,,Ring Leg Curl,Strength,Suspension,,Hamstrings|Quads
2ee9f0df91d5927ebe49b71810a369ebb53aa4172a659d55a9dd6b3fe4227abc,624212,,Ring Mountain Climber,Strength,Suspension,,Abs
5ab8deeaaf76684ffc3eefde7a397cc0165aa2e78bab9427d45484fb6c15f3ff,623712,,Ring One Arm Biceps Curl,Strength,Suspension,,Biceps
4c2ae6ffa6cf0a9b844a138c1fd86a96636ebefe7ad15a2213ee5c95b4c8d130,625912,,Ring One Arm Rear Delt Row,Strength,Suspension,,Shoulders
ad7616f2f23eac06fe8601863aa76c3a8752aeeee717e737dd84652468b1552c,624312,,Ring Pike,Strength,Suspension,,Abs
fa3652871bd1de82cdf188214be5fc1c43aed136f60efb2e41e5861a88ec96d4,552212,,Ring Pull-up,Strength,Suspension,,Lats
ed70a0743fb614b7d20fffe24a4340f7c3692c64235a4baeded477b4d5a845d6,625112,,Ring Push-up to Side Plank,Strength,Suspension,,Chest
6c2aad096b3c7c628a9a67d245efacb216a851e0bd8325f39c40cc32e1ba5024,625812,,Ring Rear Delt Row,Strength,Suspension,,Shoulders
b9e64a2644c67ee123d92314cd23e1d13d400fa7195ddf043757a2a715d5e3a5,482012,,Ring Reverse Ab Rollout,Strength,Suspension,,Abs
83bc16ca3d74c7d5d63854b1388a467baa397e43a820ab4adeea6d88aad25123,492312,,Ring Reverse Fly,Strength,Suspension,,Shoulders
d26a7e9f229165f44adbf7fe493bfcd5b981927e137f67ed6370c34c07c69b1c,626012,,Ring Reverse Push-up,Strength,Suspension,,Biceps|Triceps
afe0dedc85c100fdbdc7e6deb85b2d6bb6237cc0681f07c15f6fbba1fbea9176,625012,,Ring Side Bridge,Strength,Suspension,,Abs
a166ee33831641f186988eaac392e8cdc8e89a2d97f9df8d5525959a8e1739a5,625712,,Ring Side Squat,Strength,Suspension,,Glutes
7cee9b847aae75be8924d82c029a2a5745c1339ce30ff50faf9f860a25ee54e4,624612,,Ring Split Fly,Strength,Suspension,,Shoulders
936944f8ef124b7329d90eaeec3cf31e9a5062d63b47c91f7f117d6bafdbee0e,623512,,Ring Split Squat,Strength,Suspension,,Hamstrings|Quads
b220df66a97a26e9481819a42e412a522493be162832a7ec3dc22b2fc6206880,625512,,Ring Straight Hip Leg Curl,Strength,Suspension,,Hamstrings|Quads
04f9893ada3297247904bc3bad1497835d5f5fa29d9070ae435060561b52c64b,624412,,Ring Supine Crunch,Strength,Suspension,,Abs
33712fe68e1c8f4abb3e7d8e243854d2bb52c30ebb8ee811b9fb06455bbd1529,623612,,Ring Triceps Extension,Strength,Suspension,,Triceps
f9bafc4ee99325e14383f591bf72c2d126e1cffc0d021e7d2378b9ccef8c84f1,623812,,Ring Wide-Grip Inverted Row,Strength,Suspension,,Lats
ff81737da4b91f050681e074c35d3d8143797a077773432796826a40934d4178,625312,,Ring Wide-Grip Inverted Row on floor,Strength,Suspension,,Lats
9ab533a751c7256b44ba22dd0110a6fabced2d24e19023f76fe711327373627f,624512,,Ring Y Raise,Strength,Suspension,,Shoulders
6b8174ef3ff4b3d4b8c7b67d6b6d704e04e9cfe27700d60383943c8ec32b8057,257112,616712,Rocking Frog Stretch,Stretching,Body weight,,Glutes
cc1e4aaa343fe88a69767e08ff5b2e419c08cb0d5deafae48a3762f8cb8c870a,,628112,Rocking Happy Baby,Stretching,Body weight,,Abs|Glutes|Hamstrings|Quads
974b0b5c9623f894ec5eab47de0929711d84d6c4810bde0c29fb63599fbc2ae6,67812,,Rocky Pull-up Pulldown,Strength,Special Bar,,Lats
a669ceed17a1ce65221cf7db536d4d3c4971263784158af1e53adec84820983e,538612,542512,Roll Around the World Lying on Floor,Stretching,Foam Roller,,Abs|Chest|Lats|Shoulders|Traps
0796ecbe2d585e2941818e27477d44beafff848eef417e9782eacb1bf7875911,461112,,Roll Ball Deltoid Posterior,Stretching,Rollball,,Shoulders
b14bedc2264a634f128d82c51f6443ad493a1136f80337105327676af4de3a9a,447512,,Roll Ball Iliospsoas,Stretching,Rollball,,Quads
e90d28c80f76a605e7b04a4208bde063b6cc9dba3ae75e319acb7dddf26f05f2,460012,,Roll Ball Lower Back,Stretching,Foam Roller,,Lats
7e616b57be6481059a16b504d592ab776afb799b60507237545faab61fe8e334,356912,,Roll Ball Pectorial Release,Stretching,Rollball,,Chest
8cc0d92c84eca17a1ae1b08e5224f3b05c34ad18816b24d9feda9bcf514c26e9,356812,,Roll Ball Piriformis Release,Stretching,Rollball,,Glutes
2cce3ea349ba07b8b30d795263d798bd471ac4899f0b62b78caa29d8b2e68471,447112,,Roll Ball Tensor Fasciae Latae,Stretching,Rollball,,Quads
b8c9ca46701b4bec85d589a14c440ad278ba9119d6a9d650a65935b3e6348dde,357012,,Roll Ball Upper Trapezius Release,Stretching,Rollball,,Traps
3266c4c8d1323f2912d7e8d75b09b8773080e7d0a052c0785fcfb2e4cbd78244,537412,541312,Roll Biceps Lying on Floor,Stretching,Foam Roller,,Biceps
2b27e4f5cd6f10bd9f9c84e4c3fe91e8a912a0306aa9bc74b39c591b569dfdce,617912,543812,Roll Calves,Stretching,Foam Roller,,Calves
2d02a79370837c631c9b83e7fe4371045304f818b6b4f53fdf83c20fe431dd99,220912,543912,Roll Calves (One Leg),Stretching,Foam Roller,,Calves
4395a976a90b757ebfe8b2d8872d7a2b95f53b8d29aabd4a9392d367aaed1e4a,,541612,Roll Chest Lying on Floor,Stretching,Foam Roller,,Chest
aed6c5567837d86b984f12ef2156ff546b949de4f0fc6987c6bbfc19262131e2,537612,541512,Roll Chest Opener Lying on Floor,Stretching,Foam Roller,,Chest|Shoulders
947e26006fe51b5db7c466900ece6ed436ff3936e93205711a0f2707ac01cc57,538712,542612,Roll Erector Spinae Lying on Floor,Stretching,Foam Roller,,Glutes|Lats
c10f852454108ff970d416b0f50782865661d8bb85135dad6469b024c1f156df,,544212,Roll Foot,Stretching,Foam Roller,,Calves
6c2ca89857cfbd4dc4c2cda58452c6296d54a852fdcb4c8811130fbe56ff1d7f,537312,541212,Roll Forearms Standing Against Wall,Stretching,Foam Roller,,Forearms
011bd1b2c6b32fa2e52c62acda986180a239f5d70d5eb7cfffacc4d4d4de20de,537812,541712,Roll Front Shoulder and Chest Lying on Floor,Stretching,Foam Roller,,Chest|Shoulders
fd679809bd8fab9a1761fa3c706329b472697c17146c174b73f8845b5a71804c,539112,542912,Roll Glute Twist Lying on Floor,Stretching,Foam Roller,,Glutes|Lats
eb753185aa00c8165b191713e3601a16b3e222ab62f938a2afeac2fa5eeed4fc,539012,542812,Roll Glutes Sitting on Floor,Stretching,Foam Roller,,Glutes
7be0aeb704d258070d1bade5e3e36f414de8b6b664285f60623f0f3248bfa336,,543112,Roll Hamstrings Sitting on Floor,Stretching,Foam Roller,,Hamstrings
efa8f09214abf286fcbf8a7d7d7f2e0a5c45fd4c3616b23a7d516715c690dee9,539212,543012,Roll Hamstrings and Glute Sitting on Floor,Stretching,Foam Roller,,Glutes|Hamstrings
4ade333abc4923755226736d5b1a1f8d2ff2ed08c09e55e57ccb1d68c421af48,220512,,Roll Hip Lat Stretch,Stretching,Foam Roller,,Glutes|Lats
f55c580bee6b050e3369e96e4ec8369f8e5d98dbad48be076bae80382c54a396,220212,543412,Roll Hip Stretch,Stretching,Foam Roller,,Glutes|Quads
4b43de4090144ee6f40a8e8684a550b366ad51d2477b5f824b08949ecd1b56a5,618212,220012,Roll Hip Thrust,Stretching,Foam Roller,,Glutes|Hamstrings
9dceadc69a66103c6ae5039da0b7cc118809bed2773cfad469a53b5fdae91388,459912,,Roll Iliospsoas,Stretching,Foam Roller,,Quads
dc884c2ed65cea2868eebe4470e5cc2b790d072876ebadf96f97762c11856c90,538812,543312,Roll Kneeling Upper Back Rotation,Stretching,Foam Roller,,Lats|Shoulders|Traps
511d68beed9e7fb1a27df9275769980de84cc62be0d3888a4e1fd99f43c462a7,294912,,Roll Lat Foam Rolling,Stretching,Foam Roller,,Lats
7cc9559152427c095106b692626b35cc01632129780fb0c3273f2c1934f38843,538312,542212,Roll Lower Back (Side) Lying on Floor,Stretching,Foam Roller,,Lats
c3ce0b19abbecf991d41b1a7108f7da4f1b4903073340bec799911ccab622052,538212,542112,Roll Middle Back Lying on Floor,Stretching,Foam Roller,,Traps
358fc914f2aa289572db311540e68b0db5a0cc363e2545e8cfb25fd9a83183fe,537212,541112,Roll Neck Decompress Lying on Floor,Stretching,Foam Roller,,Traps
b42a65801f88945c45cd108845c23492eb2c283debd9cd2f2724b091c6be3e5b,537112,541012,Roll Neck Rotation Lying on Floor,Stretching,Foam Roller,,Traps
825b1653c205d44ac3fb08982b2f05e82890e1b187c4e7a14c3d2e77daa96439,294812,,Roll Pec Foam Rolling,Stretching,Foam Roller,,Chest
f0eb3193897bc752ee76b32fec08ef5f2c1c6fcfd5ae9629a7006350bbdaa2e9,539712,544112,Roll Peroneal (One Leg) Side Lying on Floor,Stretching,Foam Roller,,Calves
9e85da596b705f9c2d238efa4e190e715174b09138d791ef8cc35506f40e7e33,539612,544012,Roll Peroneal Side Lying on Floor,Stretching,Foam Roller,,Calves
1dce32600a15cff46fc14adbb25e16e65eb749fdcaa714c052394cf3af9bc07f,538912,542712,Roll Pigeon Stretch,Stretching,Foam Roller,,Glutes|Hamstrings|Lats|Quads
4da5ac199bbf612909869fe39481c3c5a209a1f1b389399156092772572363fb,537912,541812,Roll Posterior Shoulder Lying on Floor,Stretching,Foam Roller,,Shoulders
4f4460fe5d5b3ad8bca79ad6fd8e5493b0fed6870a0761e67d92458c4bb5d24d,,543212,Roll Quadriceps (Vastus Lateralis) Lying on Floor,Stretching,Foam Roller,,Quads
458061ff6e505c16c5cb48c266a1d3333c23448dc09f46fa1cdc94081a0d3cd6,220412,543512,Roll Rectus Femoris,Stretching,Foam Roller,,Quads
2e746f286a40cbadbd6ec829c45d9038e7acaebe5c1234b4deedb168c1807a7e,356712,518312,Roll Recumbent Hip External Rotator and Hip Extensor Stretch (CrossedLeg),Stretching,Foam Roller,,Glutes
cfe1221c24dd9339061e74784edd7039a6f4e66627339b4eca576facedad0637,220612,,Roll Reverse Crunch,Stretching,Foam Roller,,Calves
990972b4b0ec2367398d5fa0586e0954080d1adc044a497a5706109f4941bffb,538112,542012,Roll Rhomboids,Stretching,Foam Roller,,Lats|Shoulders|Traps
dcb64c2d164ab405ba9e613efe3b919f9bb91589f50e71895d29c73ea0051ce4,220312,,Roll Seated Shoulder Flexor Depresor Retractor,Stretching,Foam Roller,,Hamstrings
9d41c8774ef01cea477db4d3dc2e7b5111f4264c43fadc40a5ecb417825dee60,538012,541912,Roll Shoulder Back Rotation Lying on Floor,Stretching,Foam Roller,,Shoulders
852055798ada49df4cf95b5a50b1cc0203ff5af7656a6defdf36ac4bdbcb0336,538512,542412,Roll Shoulder Blade Reach Lying on Floor,Stretching,Foam Roller,,Abs|Traps
8c21eec4298ee7d3745e75ee0539778b19733a18127235b85b77326bbd5f2ff2,220712,,Roll Side Lat Stretch,Stretching,Foam Roller,,Lats
97e297f7f8996313c7809a63d13fa48e1c20a85f3661784e0c5db2e0b5371d9d,459812,,Roll Tensor Fasciae Latae,Stretching,Foam Roller,,Quads
11e5611c84e7b933cd2b32c7ce5aa8efd6744554934d1516236eee0e839a340d,538412,542312,Roll Thoracic Spine Lying on Floor,Stretching,Foam Roller,,Lats
a9b382b6aff9a1934b4a80078e0e7c5c160990f32111bd0cd164ee4820887faf,539412,543612,Roll Tibialis Anterior,Stretching,Foam Roller,,Calves
07548d0a25342f41611f05c1595a424d1694e67bad3566e945649abdcfb98e9a,539512,543712,Roll Tibialis Anterior (One Leg) Lying on Floor,Stretching,Foam Roller,,Calves
e9d505722712cc1de70493d8d478f17cc861db710c746910cee3b43b7cab63ec,537512,541412,Roll Triceps Side Lying on Floor,Stretching,Foam Roller,,Triceps
2bf5c1f272bd515a2766e1d385b4187233ad0db87022cca98f92bea24eac90b8,356612,,Roll Upper Back,Stretching,Foam Roller,,Traps
9fd983fa09a498c5bd1d7712043e14a4c922f5905b7d6c7f61991803254d03dd,,67912,Rolling Bridge,Strength,Body weight,,Abs
760a4a35288a693e9ea0e2960f4a14f9699e3e603751814c1e7636c2c25f2abd,332912,,Roman Chair Sit-Up,Strength,Special Bench,,Abs
53389fe02ad31fcbcfcbfd74985d18eb03f2558029752f770d98df332fb09c41,607912,568112,Rope Pull Side Step,Aerobic,Body weight,,Abs|Biceps|Glutes|Hamstrings|Quads|Shoulders
e85ad6952c2703ce14d9cf1545e7493aff026dc4a598dd4021857a170f65f08f,,68212,Rotate Push-up,Strength,Body weight,,Abs|Chest
d117919a2d5a518abae4dbfb4e3cf0bdd797bee1a2632f5903858892ca10dac8,183112,,Rotating Neck Stretch,Stretching,Body weight,,Traps
f930106f8a58fe0c56d781a4ce95aab09967a7bcabe4c727a3b73c5abb76eb0e,527112,,Rotating Push-up,Strength,Body weight,,Chest
da9f6c92e0d30e16168040a102b16ca9f1500448dac13344c462f039ba052c7a,211112,,Rotating Stomach Stretch,Stretching,Body weight,,Abs
2e8f00832dea8566ab86c569db9aede0bf32aded52ae4d619e8da86170f05888,355312,,Rotational Push-up,Strength,Body weight,,Abs|Chest
2b4d4d3762e0e2ac169e076c732d388cdb9e2ed586ffb2b174993a4427564c89,545612,,Rotator Cuff Warm-up,Strength,Body weight,,Shoulders
62ad8496b36c6993f9d83069bcc75e0be79e3225cfdd122113d818fb77358774,,227012,Rowing Straight Back,Aerobic,Special Machine,,Biceps|Calves|Chest|Forearms|Glutes|Hamstrings|Lats|Quads|Shoulders|Traps
a2b82cab30ae215baf679732e0f9cadb8b1b937bb7487d81bc66c252c5d3d76d,116112,226212,Rowing machine,Aerobic,Special Machine,,Biceps|Calves|Chest|Glutes|Hamstrings|Quads|Shoulders|Triceps
13e55459f3f13f7223a0cf1aa4d832bd7b00727d6b4bac04faf39ed2f0cc8b61,68512,219612,Run,Aerobic,Body weight,,Abs|Calves|Glutes|Hamstrings|Quads
3ef4bb17afde62241870ec6912d54876f5f30ed717d1bbe7f286e031e9e376e8,,327112,Run and Half Knee Bend,Aerobic,Body weight,,Calves|Glutes|Hamstrings|Quads
f87008defcf5bcf576b4dcfe5f28648f66ef00bfe0da602a985ccb2fffa5eeef,,326912,Run and Hop,Aerobic,Body weight,,Calves|Glutes|Hamstrings|Quads
687119f2726a219f25e3b139cdf84a35e5282efa1bc75d28784a80b3f8833368,,327012,Run and Jack Jump,Aerobic,Body weight,,Calves|Glutes|Hamstrings|Quads|Shoulders
37b9a76455f7b946c7b12842c01e063363d2416ccd7b0130853a4eaa3a662779,,327212,Run and Semi Squat Jump,Aerobic,Body weight,,Calves|Glutes|Hamstrings|Quads
15eed9e6d2daf83b3b1e43afdc1b7f7320cbd31f8d8da74fce0b7d08edc32dd7,68412,219712,Run on Treadmill,Aerobic,Treadmill,,Abs|Calves|Glutes|Hamstrings|Quads
25841742f02684a7aaf0388067e743ac5ab0e02750f84c3481ffdaedb034e82c,158512,430312,Runners Stretch,Stretching,Body weight,,Calves|Glutes|Hamstrings
32e53bcc8f21de4c98ea4b6dfe370d2bb5993f191bb7be2f0b25527ab038f1b5,68712,253812,Russian Twist,Strength,Body weight,,Abs
53b535c4a3e619d8579bab6d407417a467d5d2fa5ff04df19bea8584330f2f7e,124712,,Russian Twist (Medicine ball),Strength,Medicine Ball,,Abs
c08390d82e36b9d3ca7589e1d5382f9a905c92504544d1129c3754b0be0c9122,,68612,Russian Twist (on stability ball arms straight),Strength,Stability ball,,Abs
9e0a270a1213d358f9826af5b4fe771eaf3601d1721882711baf57580bb5d3fa,,593812,Russian Twist Chop,Strength,Body weight,,Abs
59219e361595754627e5826f730c108c4ab0052d463eb2c802f4477fab476c49,,584212,Russian Twist Punch,Strength,Body weight,,Abs
c01174077be5094ff636225c79d633318f4bc631b36621c277cfe8dbefdd3e36,,464612,Russian Twist with Hands on Chest,Strength,Body weight,,Abs
5ce07ce213d1c914d93f4ebff14dac685b5e9bba0a3ecae7b856e8ef070cc684,421812,,Safety Bar Front Squat,Strength,Barbell,,Hamstrings|Quads
fc26d0047e5437a2ddfb488e755b987a4d88db7950d5ef8df6e34aaee1699851,591112,,Safety Bar Good Morning,Strength,Barbell,,Glutes
e6205bf806222ecf983467306c0f8a0f67acd65dbe4b0319ab863d080300942f,301212,393712,Scapula Dips,Strength,Body weight,,Traps
ba2d85518024b3e728b0e216f5796e9715a116e82c45f278d65eceaf43279f99,302112,,Scapula Push-up,Strength,Body weight,,Abs
d736bca3d6405097449e66bd79c812f2c1c9e21604e913f4af8f70ca1e6b2a7e,68812,,Scapular Pull-up,Strength,Special Bar,,Traps
993f92b6129796f6a090d2259fb21dca79669e20f1a413447a5bef1ef63a0caa,294512,518512,Scapular Slide Back to Wall,Strength,Body weight,,Abs|Traps
e3f28b909de70919ca230107332e780ac95ae791a72adbf32b0c1b3c3174c527,,286212,Scissors,Strength,Body weight,,Abs|Quads
3abb6a3bca13bfbe4e4cd577ba818d29a1619a1925a62ae60f6ce9f8c06e02eb,358612,,Scissors (advanced),Strength,Body weight,,Abs|Glutes
ca59ac2339cef87daa9b127f2c16cd00dccd83cf44e62c3241460ccc621e9a85,567712,,Scissors Jump,Aerobic,Body weight,,Calves|Glutes|Hamstrings|Quads
eb7cb8c6e91f5964cf1e7e9222c25eba6ff16b25d624052d00f95ea7957cda7f,463112,,Scorpion Stretch,Stretching,Body weight,,Glutes|Lats
188e44e3b8fbba420656830e8716184f11a3d2205a0e00e7d1562bf6b1887a52,294412,,Seal Push-up,Strength,Body weight,,Traps
9599dd5582887b235cf5f93946aeaf7b6b0a6dc83bd1511728845b92d2e8e9b7,402212,426012,Seated 8 Leg Crunch,Strength,Body weight,,Abs|Glutes|Quads
e10f94da05072f431475b19f3c9e96a528478bed2ce83881d3738ae97f19e96f,299812,,Seated Ankle Stretch,Stretching,Body weight,,Calves
271b2c40f5bad848161f0d955a74bb8c6a2414baafda4edf588086b96c2a04e8,,512812,Seated Back Squeeze,Strength,Body weight,,Shoulders|Traps
2577982b731150f572a0c6e844a2d1cc8c96ce3c41744e663a6ca8891d39d549,,513012,Seated Back Twist,Strength,Body weight,,Abs
f20db1f18f98fe142c5e13a49d83c7b4aa86afc79c3933330b5ec1e0eeb2b976,,513412,Seated Ballerina,Strength,Body weight,,Chest|Shoulders|Traps
9f426d3b6fe4bd5c8cc61644a24b191e4b5d0e4f0fa7771f0e698fc8cafd0831,,513312,Seated Behind Back Raise,Strength,Body weight,,Shoulders|Traps
36a154a60f53c355738e27d6395b577d80464387a494cf21e1a575035477251d,139012,430412,Seated Calf Stretch,Stretching,Body weight,,Calves|Traps
4699200646e556fb4fb50bc3be6093750c636ad2001449750be716c180664e69,,492812,Seated Calf Stretch (V2),Stretching,Body weight,,Calves
3e656ec4420f77782fc34d9458669b28c27936015a0b4aa2155e8d09cfb96e8e,507812,494612,Seated Chest Clam,Stretching,Body weight,,Chest|Shoulders
bebba0c8a6df0d39f2357b94639a5f519edf52247b12195a069a587dc1849621,506312,,Seated Chin Tuck,Strength,Body weight,,Traps
0cdebee3b91b6b5c8a09328b0a39ebfe1f63ddd2ebc6825506a24e5e3de3935f,550112,,Seated Chin Tuck (V2),Strength,Body weight,,Traps
6bdf5341e0a20c2714dbfcce52158bfedf34dd5cd0d7a1cafb110afd813213b3,478112,,Seated Chin-up,Strength,Special Bar,,Lats|Shoulders|Traps
13326b6495a66419a9af90ab05af10b3d371531ce378978ef66d3ffbcf8070e0,642012,,Seated Chin-up (legs elevated),Strength,Special Bar,,Lats
d46dc975f37a67d4ccba99b84aea050318770bf95072a6e9b9ef2ca2cab2b629,402112,,Seated Circle Leg Crunch,Strength,Body weight,,Abs|Glutes|Quads
407a2c3d91ac9d1b7846e9a8875c9bb03a8b7cf53f8dd4e4c01533fa80e08601,344112,,Seated Flexion And Extension Neck,Strength,Body weight,,Traps
0659712c1979dc1e3cb0a66f39cc0b5b280ef9f4e43cbdd9382567bb3d919bcf,521912,525312,Seated Forward Bend Yoga Pose,Stretching,Body weight,,Calves|Glutes|Hamstrings
6ee7612bbc13072d2e3a881d4a4371f063d80eb29dcf210f4188fb8fdd310e91,142412,,Seated Glute Stretch,Stretching,Body weight,,Glutes
9e5e40ed9b7233dddf6526298d524586a560ca1e551fea60e48ef48952724142,,191812,Seated Hip External Rotator And Hip Extensor Stretch,Stretching,Body weight,,Hamstrings|Quads
c9ffce7438721c7a82ecd72049223927366a28e3444f376e941d1c08d24a68d0,350912,427412,Seated In-Out Leg Raise on Floor,Strength,Body weight,,Abs|Quads
f4ad2db05c605c12c24698c6b560a705dae9907ac6fd690b08b02e284e27c578,191412,,Seated Knee Flexor And Hip Adductor Stretch,Stretching,Body weight,,Hamstrings|Quads
99f87e0d46e860445b84715914e31527d5ccb36ed0ca085cc23188375cb8cf55,,193312,Seated Knee-up Rotation Stretch,Stretching,Body weight,,Glutes
97fd4675b52ac9e3f23351d1f385967c43402b0b25e5c5aa6ce40e126087683c,524912,,Seated Leaning Back Stretch,Stretching,Body weight,,Abs|Chest|Shoulders
23c0433b4a5f85698c474b82f98454d00d2324ef4a8ec128bc05717fdb31d54e,550312,,Seated Learning Back Stretch,Stretching,Body weight,,Lats
e48d62cc0f1188a629ddb5c30845e93b0a6f922a925029a825f7cd7be11896d3,68912,,Seated Leg Raise,Strength,Body weight,,Abs
996d126b0ad81d826c780a21bf7e067cbadb99651a44c216d32e0c638648c9f5,69012,430512,Seated Lower Back Stretch,Stretching,Body weight,,Lats
992f2a7cc9c8cf72207d35696406b96d81d349faabb31b93fbaa593aa896228f,519512,,Seated Neck Side Stretch,Stretching,Body weight,,Traps
34141663459a2882b45e0b83628875d03d2a04f297523920c2496be3bc0cb32a,516212,,Seated Neck Stretch,Stretching,Body weight,,Traps
01cc3cb69064341015101096727feed9df0403340d641097ea054f9223590f9b,,513112,Seated Neck Tap,Strength,Body weight,,Biceps
dd2d8481f63104edb2d66fc329c33df49bf61ab793320c700f0da8f2de92a0df,,69212,Seated One Leg Hamstring Stretch,Stretching,Body weight,,Hamstrings
443a71b5d65e025a98f3204fc8034c55837c2b785665396e7ff4cfa7e665e87f,,632612,Seated Pigeon Stretch,Stretching,Body weight,,Glutes
bf49356d8c662cc7679ca555b6aa91a6377a8ebe71c1d62f21a1c6a27f3be4b9,256712,,Seated Piriformis Stretch,Stretching,Body weight,,Glutes
4cc57ebbef4e036df4f0f022d0693284fcadc9cd7495340f315716c2a5b36acd,478512,,Seated Pull-up,Strength,Special Bar,,Lats|Shoulders|Traps
dae225c4cde6e5ea9660c0bf6c66fec99a4c14e3eb8a14e2f9af587197b52c12,478312,,Seated Pull-up (legs elevated),Strength,Special Bar,,Lats
cd3d694f855b732b8d67f855ec4607759ebf934583f1f55c2425020b20f9ad22,,513212,Seated Pulse Back Squeeze,Strength,Body weight,,Shoulders|Traps
ed80e0131f4b5f78a040d2419e520f1dfae5e35507df3a01b6770e618f3d7d50,,513512,Seated Rotation Stretch,Stretching,Body weight,,Abs|Lats
be3e108fdce755517f653cc103f685fa4f837aff41f931d6b5d37b518e00f280,384812,,Seated Row with Towel,Strength,Body weight,,Lats|Shoulders|Traps
f33ea01eff8e55636e4b032401fa54abeef3da78b2e0cd2f3e50e329733bd65b,550212,,Seated Shoulder 90 degrees Internal Rotation,Strength,Body weight,,Lats
40b32374c0e518aceb421b53eea8c14ceaccfbfa05383aa9264fc049327d8cb3,197512,,Seated Shoulder Flexor Depresor Retractor Stretch,Stretching,Body weight,,Shoulders
e9e3813f695976a6aa3441f15bcc8f225fed9279bd08b1d45e3532644fafab1f,356412,467612,Seated Shoulder Flexor Depresor Retractor Stretch Bent Knee,Stretching,Body weight,,Biceps|Chest|Forearms|Shoulders
d125322cc2536bed343c74be8bd4c7718059f65bbb3f202dec8de79c4b9aeb14,69112,,Seated Side Crunch (Wall),Strength,Body weight,,Abs|Quads
1e1e94a4694dff703a86a7d46ef78d5e42a52ee896297af679508244198e3d28,508112,494712,Seated Sky Look,Stretching,Body weight,,Chest|Shoulders
9c132a5af155bc54b4828434ecceb22e5124a1738ec4bc322cc5c24e773445ae,,69312,Seated Straight Leg Calf Stretch,Stretching,Body weight,,Calves
7365f1dc5075846ded85f66916a14f7724b2adcbc6392a7d1e9ef4834dd57a4b,,69412,Seated Twist (on stability ball),Strength,Stability ball,,Abs
b0976d0d8d4e9373727b242cde2c013fcd52f2ad4b4c5038e51748780d999822,430712,69512,Seated Twist (straight arm),Strength,Body weight,,Abs
f9a30030e0d502cfcf7c6143e921a7ee34cd2c700180eb8351b3cf9afbb76fb5,,512912,Seated Upper Body Rotation,Strength,Body weight,,Abs|Lats
c1c40ea46d3a79eb2c1c86898f6cd0dcc66757e087e4a8f1861b86da0a1e18d7,158712,430612,Seated Wide Angle Pose Sequence,Stretching,Body weight,,Lats
4bce18bc1d3c783e20302a9dc39e28f34ab4fc965806df84506cf166c50045a1,350712,,Self Assisted Inverse Leg Curl (V2),Strength,Body weight,,Hamstrings
e91607fd4620d5c694bc462aba64cb0bfd672bef85b00b11254b79b266ac588d,349912,,Self Assisted Inverted Pullover,Strength,Body weight,,Abs|Lats
1cef5a5921f4a6cd6ad918986dc12f71599ed195aaa671350b8476512daad30c,322212,,Semi Squat Jump,Aerobic,Body weight,,Calves|Glutes|Hamstrings|Quads
a2e410482b9d1208c9f607f713d1034e27acc6ef515aa6fab27405c1572988db,460812,,Shin Box Switch,Stretching,Body weight,,Abs|Glutes|Quads
90d90d724fb33024a1fcad1b26189622981c4e64be5f03275e358ef94744ecfa,277512,,Shoulder - Abduction,Stretching,Body weight,,Chest|Shoulders
6688c692351604edf0faad382a37ceb2fb85aa68ce0d4b193308816760b1ad9c,277612,,Shoulder - Adduction,Stretching,Body weight,,Chest|Lats|Shoulders|Triceps
054ce3dfb3a07b61fda4e8556a3101429d9a0c9597c72be5f6a2e66a7e45031c,277712,,Shoulder - Extension,Stretching,Body weight,,Chest|Lats|Shoulders|Triceps
12970c7a81c39761ea06d50a5cfd7c358314c4b63825ea2bd53d759aa992fe3f,277812,,Shoulder - Flexion,Stretching,Body weight,,Biceps|Chest|Shoulders
0bd1e72a7a8d8ef4328226a6da09d33bbf6cf7a27054e3acd6cb9c18c8c22904,277912,,Shoulder - Lateral Rotation (External Rotation),Stretching,Body weight,,Shoulders
e479b3b105d1275e177274512f5144cb904de8e21ab5b258dd6885a52f5b7b8e,278012,,Shoulder - Medial Rotation (Internal Rotation),Stretching,Body weight,,Chest|Lats|Shoulders
ae772581805cbb8a3d9d4ec6b11a5f618af944e3764c6d92ad7562aa962d0f3c,278112,,Shoulder - Transverse Abduction,Stretching,Body weight,,Shoulders
4de0bd41ffa3987aed0c3420ffcc75a5a634e3eca778b2b602fb7dd891089030,278212,,Shoulder - Transverse Adduction,Stretching,Body weight,,Chest
0bb93d6907f612134ce6809356a156410cfec889a78b32718cce813453f246a3,278312,,Shoulder - Transverse Extension,Stretching,Body weight,,Lats|Shoulders
150c26a8f7b875e28967b6deef49b84be75a0b0c51faaae0e1fd74ba66012c9c,278412,,Shoulder - Transverse Flexion,Stretching,Body weight,,Biceps|Chest|Shoulders
bf04af9992f7b87acf7c6f378e08134ec352fea0584a31b4ba28153a93644dc6,351612,,Shoulder Backbend Stretch,Stretching,Body weight,,Shoulders
574ae6e7bd961257897f73b87f2ee036835cc121f9acc9884354a84a36d4bc0d,559412,,Shoulder Backbend Stretch (V2),Stretching,Body weight,,Shoulders
b714347ce7063c5b4797ad4dc390a14d9c919afc061e84153da987d94827b99d,564012,561812,Shoulder Rotation Twist Split Lunge Stretch,Stretching,Body weight,,Glutes
ac95d2bf41af734a3efc12aa293764f588c833c98bd64552748d8781ed5bcde0,148812,,Shoulder Stretch Behind the Back,Stretching,Body weight,,Shoulders
aa2a87fb6422a8fea41d860ed55702a3d15de352534ce1aaff55b042d8433bd6,369912,466012,Shoulder Tap,Strength,Body weight,,Abs|Chest
33f36d6942228e98038c02c6117af06ccaf10fa685c9102874d32d6624257d5a,69912,381912,Shoulder Tap Push-up,Aerobic,Body weight,,Biceps|Chest
09292de981334591a8be808de3a2395ff213ce877180a1d756109aa20cdd65dd,176312,390012,Shoulder-Grip Pull-up,Strength,Special Bar,,Lats
d8a0bd41c31bc7cbcd2687936ecbb1df4b8187f9b8c73ffdf0698d85110b0789,,545512,Shoulders Rotation,Strength,Body weight,,Shoulders
502ee9546691e4bcf9fa0e6974f43764531307fb29246f56360de1e20a6e88da,582912,336612,Shrimp Squat,Strength,Body weight,,Glutes|Hamstrings|Quads
542c984096bc51813a463caf432e71e321879ec21ff0c513a3e8618f0c8488e9,627712,,Shuffle Air Bike,Aerobic,Body weight,,Abs|Calves|Glutes|Hamstrings|Quads
9cef6e4bdf42492fdc915d4155906e4328c19d4a1d440b4d343866e1813f4e5e,551212,,Shuffle Hops,Strength,Body weight,,Glutes
b0da478d84753e16761fbfa45aaf941d725e9d157c1c883687882bacae8b70b1,559912,,Shuffle Leg Lift,Aerobic,Body weight,,Calves|Glutes|Hamstrings|Quads
91615d2371269d6fbd3826585dd3ae4c30cafcf1ac3c2d01f0ab88ba9343a75f,,70012,Side Bend (on stability ball),Strength,Stability ball,,Abs
205e231e067b93d4e79c52144ec4134b02def3fc2bfcdaffca4b87fd16baf816,399712,481012,Side Bend Alternating (bent arm),Strength,Body weight,,Abs
2f93124283e00d58f6eb9847077ffa565f6005e99804157305d327c81928efdf,,637812,Side Bend Arm Stretch,Stretching,Body weight,,Lats|Shoulders|Traps|Triceps
04df16717b535960400cc4247d31fb759da6a70f2df47b95f2eb375958fc55ba,,638212,Side Bend Arms Above,Strength,Body weight,,Abs
2412fbf0fa63a0746c9bdc639d7c8f1ecb6c9bdaa68c9b01a812d68556b89b77,,617212,Side Bow Stretch,Stretching,Body weight,,Abs
34960b6a985b9fadc50cc6c637ecf29d0f4259acbd616712534811ea768aec2c,,70612,Side Bridge,Strength,Body weight,,Abs
5ea103aa8f9185a4e8271930cf4c71ef90534c2944ea56246ea0e5cc066cd3ba,177412,70412,Side Bridge Hip Abduction,Strength,Body weight,,Abs|Glutes|Quads
a349993ac51b2cf819fbf90f994b1060724a3e21d79ef8040a05b67d8aa3d1b5,,70312,Side Bridge Hip Abduction (star),Strength,Body weight,,Abs|Quads
b48b4a355f87a51cf0c3d942f9b0abd82393e1cb85db07d7ce84d25af98626be,504712,,Side Bridge with Bent Leg,Strength,Body weight,,Abs|Glutes|Quads
7c9d5863d48eb8b077c0096162851a33ba18f700181c0a5312b92d719b591530,568912,,Side Clamp,Strength,Body weight,,Glutes
55d26dc9e291f8c799e979d2a4f072d184a9591acf64198f6d39dfc405a3a767,,70812,Side Crunch,Strength,Body weight,,Abs
372c34f9e3f87207d04142ad15773ddf1b296b37857e1061d07cd5819f1f3507,,70712,Side Crunch (V2),Strength,Body weight,,Abs
dab82b50ab807d679d8b2a932dfeed0c61d5e7c378b295baa7eb2ef8a376913e,,481212,Side Crunch One Arm,Strength,Body weight,,Abs
b3fa87510889ced401d914276434f986ce8acae0943a9c1750d0e4a580066fb3,70912,,Side Hip (on parallel bars),Strength,Special Bar,,Abs
c98e5605e48a77c9de3f8753dff73bddd36afec09c6c452a8a1727d82879b1dd,71012,572812,Side Hip Abduction,Strength,Body weight,,Glutes
28aeec11a05bd54ed734ee5e9d0cf36b0f9b6ffaa316c4dc748d2ef0761c8154,512412,508312,Side Jump Twist,Aerobic,Body weight,,Abs|Calves|Glutes|Hamstrings|Quads
da1d5fa7be58568ec523dbb612afccfc1f10b9caf6f14f1e74862f1d59a42c97,315312,,Side Kick Burpee,Strength,Body weight,,Abs|Biceps|Calves|Chest|Forearms|Glutes|Hamstrings|Lats|Quads|Shoulders|Traps
edff1a274e34479066e6bd97bc1101904dc18773e02a6cc1c1d47ae83379cfb8,633512,,Side Kick Through,Strength,Body weight,,Abs
b015add400507e547877a46436a7f51a3bd67088e05b28dad0666bf12ea26a98,639912,,Side Leg Raise Jack,Aerobic,Body weight,,Abs|Chest|Glutes|Hamstrings|Shoulders
d928f5cf1924de4d064170c6d1bcfa878d3819819a5e782a60f9f1525789594c,297212,297312,Side Lunge,Strength,Body weight,,Glutes|Quads
b8a67bc90752cb99839d337c6bd88f76af06b8257b9e5a4d3b4a68ac173ba302,189912,190612,Side Lunge Adductor Stretch,Stretching,Body weight,,Glutes
8732f4fdabba24e210a25cd0481b91bbafc2fa19c4b917c23d9e235f841a44d4,,71112,Side Lunge Stretch,Stretching,Body weight,,Glutes|Quads
df81342d92be0d7708f99e98a8a93b076478cf559e401bbaa61c85240285eb54,510312,,Side Lunge Windmill,Aerobic,Body weight,,Abs|Calves|Glutes|Hamstrings|Quads
2fbdd3f9ca2a4caf0a24f725f0eef1721a1bc96de06c6ff1e88aecd683add0ee,524612,,Side Lunge with Hip Rotation,Strength,Body weight,,Glutes|Quads
dd55a337b26c162ae97b51f90263f461c1291986813684361133885961497fa1,,631212,Side Lying 90 Degrees Hip Clam,Strength,Body weight,,Glutes
6da6ced97c51c1ff11685f0e9dbd989733086cb7a6f69045109c8054809121e0,,631312,Side Lying 90 Degrees Hip Clam and Kick,Strength,Body weight,,Glutes
2b8efd7b8195afd0d991b28e080cb5b8c1e488068526e330d286c771e44a9a1c,,246112,Side Lying Clam,Strength,Body weight,,Glutes
b946fc9fb05a74b7164796e3a4e2019dca90b21cadfe271402a0d42509ff04b6,,587112,Side Lying Clam and Kick,Strength,Body weight,,Glutes
11d13513aaaa03ecc1c2fc85ba66df4d058045fcd6311373125091366b57a953,366712,465712,Side Lying Hip Adduction,Strength,Body weight,,Quads
2f4b28f75bbc39eddc2eed23e9538c90cc44a10df8a7db81f6832382ef566c6e,599812,599912,Side Lying Hip Adduction (left),Strength,Body weight,,Glutes
f66cbf89b552c323c7082b8bc4daac49e452913b25d2886af210099be91c60b1,488412,579912,Side Lying Kickout,Strength,Body weight,,Glutes|Quads
1da8a138f7c6c060be2d894804d26061728c279da79414fec2fc2b80cb97f4c2,392612,631112,Side Lying Leg Circle,Strength,Body weight,,Glutes|Quads
0a1c22ded37fe792c6773b35ee46365952af41f9508d80eb295ad1f847a50fbf,488212,465512,Side Lying Scissors,Strength,Body weight,,Glutes
d4b75751b88dba143c50049cd413fd8f5aee4639299b5b8fc4ee2af921f08b77,610612,583512,Side Lying T Thigh Raise,Strength,Body weight,,Glutes
179eb8be993b86dc0a1c4e97a66309ac0625836daa4ec1f73905a6df33e435ec,568012,481512,Side Mountain Climber,Aerobic,Body weight,,Abs|Calves|Chest|Glutes|Hamstrings|Quads|Shoulders
46cb287e9125c5f3c7a2aeee889acf692175288944942af547efb85aaa966457,71312,,Side Neck Stretch,Stretching,Body weight,,Traps
3e1a2e9752709e5426f330dbe12b0a58805b17f0a73f133cee8d852da0cd8917,71512,481112,Side Plank,Strength,Body weight,,Abs|Glutes
902d2621cce024d077e0beff9389acb9a5b9b76a929b1b6cee55b167127a79c4,177512,578112,Side Plank Hip Adduction,Strength,Body weight,,Abs|Glutes|Quads
8825314ab9ae642850b531028c5aafcd47c8063871a8c13e5365b84ecc455682,346012,,Side Plank Hip Adduction (bent knee),Strength,Body weight,,Glutes|Quads
715c773cca017206d477dfbd5fc4de58776055f60a3a15ff9c367acd5c488ad8,486312,490712,Side Plank Leg Lift,Strength,Body weight,,Abs
325d1680768151fc2ba237217ee4e00a336be2a56c0b993cf7bb3dd8407e5817,620712,620812,Side Plank Leg Lift (left),Strength,Body weight,,Abs
f8d3b1ea9d165468ba07172c7731f99fe3f8f228fcfaf8a5d6cdce9c15635d89,,326412,Side Plank Leg raise,Stretching,Body weight,,Glutes
9cb3e21c6a4fe4cd60c8809d6f9e0586210644e4cc20842fdda2ce788d3469f9,636912,,Side Plank Plus,Strength,Body weight,,Abs
6f6b66b9bab56d8911f3bf71930e5ebe8f7c56b65bc9a9ec5442f01304b131a7,602612,609312,Side Plank Pull,Strength,Body weight,,Abs
9830d8dc78b97ba657e9f9ef8d834886032c0617d119a431c32a2d258b3ce85a,499112,,Side Plank Rotation,Strength,Body weight,,Abs|Glutes|Shoulders|Traps
52651fda0aca255611530443c9ff5be9be9a52750b454d5bebc6ed7c09937679,535212,611712,Side Plank Rotation a padded stool Supported,Strength,Body weight,,Abs|Chest|Glutes|Quads|Shoulders
def21bd620a6f01be0dcf7c3640b19b481a3f357a08911aa699669df688d857e,,643612,Side Plank Scissors,Strength,Body weight,,Abs
296a7041a28909ae717310820960e4c7ce5907394429d8ccc93f0f823aa7de7a,,289912,Side Plank on knees,Strength,Body weight,,Abs
c9b972e18ab10c65ade1d535cea7b7a142b33c164e11ad2978ac1624f86a3a99,443312,,Side Punch with Opposite Leg Lift,Aerobic,Body weight,,Calves|Chest|Glutes|Hamstrings|Quads|Shoulders
1ea33701a914efd337cf70ee95540fbb946ac6fc74b2ad18520ad1e666b66525,71612,,Side Push Neck Stretch,Stretching,Body weight,,Traps
1e9600e0bd9aed2b4038c420eff03b82f200503a1a8590c9735784812cd9f9e5,71712,,Side Push-up,Strength,Body weight,,Triceps
ca793e76130d033d8108ba2469c0312e6d3326d97273aca4e2e61eb04f8ad12f,,514112,Side Slide,Strength,Body weight,,Abs
252e442405303631f8cc5966b96c95b0eaf73ef98260357ff82cbd36a51609d8,,615512,Side Split,Stretching,Body weight,,Calves|Glutes|Hamstrings|Quads
44b3d8a7084f5b9972fb9ece226a660ef89a61acc893d39c59719b636c18a1b0,478912,544412,Side Squat,Strength,Body weight,,Glutes|Quads
83a935883ff3daee34981e0565b6fb33197a99337373055a4ba8e28cfd36305e,,464812,Side Squat Step,Strength,Body weight,,Glutes|Quads
d4f796c8e5a3e9ef087040f94cd2f2f8ae86102b4ece14f6373a29b5a10c574a,564312,562112,Side Squat Touchdown,Aerobic,Body weight,,Abs|Glutes|Hamstrings|Quads
f7f5ef45319d3cdbc55ee9f60eee3a8cb78f7c0a6059a90396ce016c70ec69ec,486912,,Side Squat Walk,Aerobic,Body weight,,Glutes|Hamstrings|Quads
a38d2e55d7e06b291ccbf1b0936d760fe15eab944eff475b8dd8d8ac0ef74381,,620612,Side Step Arm Curl,Aerobic,Body weight,,Biceps|Calves|Glutes|Hamstrings|Quads
c755870ffe74164a5fea1140451c9b36adff6c32392a086c4881a3330e5c1bae,553612,577112,Side Step Boxing Handroll,Aerobic,Body weight,,Calves|Chest|Glutes|Hamstrings|Quads|Shoulders
d177ff6ae60f69cdf69e89f3c54a54114621265495f55afded0bf18af7bee703,,611012,Side Step Diagonal Punches,Aerobic,Body weight,,Abs|Calves|Chest|Glutes|Hamstrings|Quads|Shoulders
b008d862580edd2558556d5fccad9060d96ffa3a0d472cd01420dc2e2772c7eb,553412,560112,Side Step Fly,Aerobic,Body weight,,Calves|Chest|Glutes|Hamstrings|Quads|Shoulders
658b61bff5aa044f09e145611ba6490cab1baf9a9fcb0cf7f1a8bb4d78989f91,,576812,Side Step Grab,Aerobic,Body weight,,Abs|Calves|Chest|Glutes|Hamstrings|Quads|Shoulders
e4f1e3f0cc1ee9b123033d7f552c84fafdb59339e8dde82a414722f419d9fa4c,608012,,Side Step Jack Punch,Aerobic,Body weight,,Chest|Glutes|Hamstrings|Quads|Shoulders
96a96484acb999d44ab732b36e44ce97d89e66e445043675d6ab7ae74c283912,579612,,Side Step Lateral Raise,Aerobic,Body weight,,Glutes|Hamstrings|Quads|Shoulders
73da03af7e32ca9074c652a21abcaac4e970d7db30101d2d8219f16aa6288ca1,601112,601212,Side Step Rear Delt Row,Aerobic,Body weight,,Calves|Glutes|Hamstrings|Quads|Shoulders
8ea657605945529155d5bd340fa6b2377fe9ff1331d20927247431c87f23bb2e,576312,,Side Step Shuffles,Aerobic,Body weight,,Calves|Glutes|Hamstrings|Quads
6cfaf9b391eeb97c1386ade46cd45393408e30c3b954c2244df1df66e563381d,,631712,Side Step Squat,Strength,Body weight,,Glutes
3d2e26700f0b5807c3c86d5d9996709e0dcca0f7789505a2f0b9d07b4fcd5acb,556012,577012,Side Step Swing,Aerobic,Body weight,,Abs|Calves|Chest|Glutes|Hamstrings|Quads|Shoulders
e9e9cb800bc1476c63c34f07520e72e1610c1291bdca6dc02709f2fc630a46ef,,325012,Side Toe Touching,Stretching,Body weight,,Abs|Calves|Glutes|Hamstrings
72886fdfe23f0db1caf410bc450e28d079280d2c1aed0ec26a733653441ef130,,325112,Side Two Front Toe Touching,Stretching,Body weight,,Abs|Calves|Glutes|Hamstrings
a6dd9f449f1ba5ae16ba0eb4e22068255ea8f6fa8cb006f0743892a5cad59b9f,,568212,Side Walk Double Leg Lift,Aerobic,Body weight,,Abs|Glutes|Hamstrings|Quads|Shoulders
c2ac6fd44dc3d2c68c5dda18a394d0c2e08993e8ab52f3ddc2fb7acec9f39286,,580812,Side Walk Tip Toes,Aerobic,Body weight,,Calves|Glutes|Hamstrings|Quads
f8c072aece17c140f7bac9dfaa7b70ee6a92ecb3c50aef334f6692a4295597ef,72112,430812,Side Wrist Pull Stretch,Stretching,Body weight,,Forearms
c85b17706f1bd786ce37ffef519b14e3eea2632bed4384b7f42cbc5ce79f970c,608112,,Side to Front Knee-up,Aerobic,Body weight,,Abs|Glutes|Hamstrings|Quads
e16599cf36356de2c825f6f3772f1e065995ac8d574d04f1e03e4d36581dcc7f,515312,,Side to Side Hop,Aerobic,Body weight,,Calves|Glutes|Hamstrings|Quads
a7b16ad2bdca886101cb321843b263f7681297cc2cbc79873a8454159cd2c5ee,367512,,Side to Side Jump Rope,Aerobic,Rope,,Calves|Glutes|Hamstrings|Quads
859261b051a75baaa25f82423cf65404b8e68ff41254ce2c01bad099d424e7c9,561312,,Side to Side Knee Tuck,Strength,Body weight,,Abs
5d65c4b3217081587cc7ff9c1d3f189e80f3853a3580180b34a66f8d9e0d1d67,463012,257412,Side to Side Leg Swings,Strength,Body weight,,Glutes|Quads
248872d0ff6f9cca9f69daa293ac3e28a340cb5f2ab13831ae22c9cc062b7bee,455012,,Side-To-Side Step with Raise Hands,Aerobic,Body weight,,Glutes|Hamstrings|Quads|Shoulders
099cdbfd466e88314efc82e7dbd77743addbc201e688849a3166e91b21b8be01,,544312,Side-to-Side Push-up,Strength,Body weight,,Chest|Triceps
7b1b72656ecad52be7e164e6f184e2acb4adc13d0a15074539571dfde6f0611d,546712,608812,Side-up Squat,Strength,Body weight,,Abs|Calves|Chest|Glutes|Hamstrings|Quads|Shoulders
07e97746c2b4c5780c4b2ceeede54845575ed03ae102c1e1a869ac35e1c0c8ec,,72412,Sideways Lifts Vertical Turn (straight legs),Strength,Body weight,,Abs
930e96a59a519872b70ca036f8ce4c3d001c38b1877360e2e550a66caf6eff7b,470412,503912,Silent Burpee,Aerobic,Body weight,,Abs|Calves|Chest|Glutes|Hamstrings|Quads
f0798848d43922f862f39bb19d24728270a26626a0399d2fac616da0a54970e4,,631812,Single Curtsy Lunge,Strength,Body weight,,Glutes
f5462532079f2198db94d236c81683087d3575e9e684f4820d90b4df83d5447e,,616412,Single Downward Dog,Stretching,Body weight,,Calves|Glutes|Hamstrings|Lats|Shoulders|Triceps
47616cda091da3611a933955a1d9eef2c80c4c9dfafd828d6ce8662e74d0d166,195512,,Single Lean Back Quadriceps Stretch,Stretching,Body weight,,Hamstrings|Quads
efda49fde3f3d7313bc1ad2b3a3ba7ad49a59f8452472b9a8263d65ad59c51a9,148912,572912,Sissy Squat Bodyweight,Strength,Body weight,,Hamstrings|Quads
64e5f46e426128cc3f180079b87b7d2111e51ee85d864802e2a25cee77961f0e,,73612,Sit-Up,Strength,Body weight,,Abs
fbc7bffddee0fbeae6e51709c1b82c9dc20fca2352bf4107712796fb781c5526,551012,643312,Sit-up Stand-up,Strength,Body weight,,Abs
9500484a099eb2a706b03341a19902bbb0da9056ebb00b858606f4f1ac9f78cc,367912,,Sit-up with Arms on Chest,Strength,Body weight,,Abs|Quads
f24439d0e9e2d7d944ce46b24f429e701e1ff18c54ebef4ba8e45f0c48eaa7ba,338912,,Sit-up with Chair Assisted,Strength,Body weight,,Abs
e4faef9ff29bf4b6414d9c03502da39e4a613834b874d35a9de2cf13a416330b,,632312,Sittiing W Pose,Stretching,Body weight,,Shoulders|Triceps
e0ef27bb3223ff9c6e798fc4e8354d2875d25772b5b2bb2130312d9f591d7521,534812,611312,Sitting Air Twisting Crunch on a padded stool,Strength,Body weight,,Abs|Quads
65bff31b38e8e218a7db173d9301554560ada532c84c1b3d001dfed7bd94c0ad,180512,431112,Sitting Bent-Over Back Stretch,Stretching,Body weight,,Lats
3c488f1f433779005a4cf0a2b9918414d862a586a1e232db3828a8b75269b2a0,,615312,Sitting Cat Cow Pose,Stretching,Body weight,,Abs
8d6cc5eb5408329a1ad6250da9a675c40f12fd82e03b4f269ded948ef89efdbf,,615412,Sitting Chest Open,Stretching,Body weight,,Chest|Shoulders
d65e2547d4108cf0966f066893faf3dbedf57f10f84f6610e76ff81e91ab72e4,180712,,Sitting Crossed Legged Reach Forward Stretch,Stretching,Body weight,,Lats
dc4ee92a0217dc32c89832f514f6b0334f0ebb710462f4d736c6ffb7a3b1e672,,616812,Sitting Diagonal Side Stretch,Stretching,Body weight,,Abs|Chest|Shoulders|Triceps
4f7890b8cd8f15a4301be886b66eacc311e79e2c7be96a24e70e9ded68da52e7,535012,611412,Sitting Flutter Kick on a padded stool,Strength,Body weight,,Abs|Quads
0fd0ebab8b9cd9022a5f76369dab9699ac900e2e7c594df98be4cba7c0c9e7f1,556312,565012,Sitting Fly on a padded stool,Strength,Body weight,,Chest
f47dbef53e9bb44cda1bd69440070bbe10798c2def0e081b833b12b8d1862a8c,535312,611812,Sitting In-Out Leg Raise on a padded stool,Strength,Body weight,,Abs|Quads
b72b7716c210729edee110e41785cae307d9d161ad77a9ae490ff94141ef4b3a,556212,564812,Sitting Incline Press StepOut on a padded stool,Strength,Body weight,,Shoulders
0ee2575e9558045e2e59b7779d20cedc0bb5fc8e27d424f5077c430b5cfd77a9,556112,564712,Sitting Jack on a padded stool,Strength,Body weight,,Shoulders
4b0e683cf2d049c5615ff5abc23b75cf6af52260e41580e67c65afefadf20868,556712,565412,Sitting Lateral Raise StepOut on a padded stool,Strength,Body weight,,Shoulders
94313e857577f30d85290caf6decae9666502589f4101bf972d8536120a9bc1a,,612912,Sitting Lotus Dynamic Side Stretch,Stretching,Body weight,,Abs
78eae8bbd132cc9a0a606a6af7284b24facf7c414b091a5bc81101b12523bba2,534112,549012,Sitting Lotus Pose Hip Horizontal Rotation,Strength,Body weight,,Glutes|Quads
ebde43fc75bdb42ace8ec6f639541ceb5494c06c23896997aeebca05b83ceeb5,612812,,Sitting Lotus Pose Hip Horizontal Rotation (V2),Strength,Body weight,,Abs|Glutes
ca5bfcb3ad73a28f5cacd1f547c9f37f82e2d2d337e459281801df53d895615b,,616612,Sitting Lotus Pose Twist,Strength,Body weight,,Abs
4fefaa8b9c5f8d682609e5facab9fd43042002af88b0c9f309b0b36553a31c19,534212,548712,Sitting Lotus Pose Twisting Front Back Tap,Strength,Body weight,,Abs|Glutes|Quads
997d7bad8fbcd0150ccaccc82ae5de58afa6f4e5bc76f128f0971870088a806c,,617012,Sitting Neck Stretch,Stretching,Body weight,,Traps
226a1ed7d01bcd209fbeeedb6073db746ad7a5f519b6a91cf31090cd1fc99815,612712,,Sitting Opposite Tap,Strength,Body weight,,Abs
21a88c141c7bee8e6d55e82fe2c076a3a89a372bf0833af5e6387912d85b3fcd,556412,565112,Sitting Punch Knee Tap on a padded stool,Aerobic,Body weight,,Abs|Calves|Chest|Glutes|Hamstrings|Quads|Shoulders|Triceps
7933c7a98ff01d227c60cf2fa47ce06d62dae341ac2e44d237bcb69b8783ef1f,535112,611512,Sitting Punch on a padded stool,Strength,Body weight,,Abs|Chest
8c040cd8a8b38c0152201e108a7a08d2d241c0af8c2aa5182d10de4ef765e4bf,556612,565312,Sitting Shoulder Press Toe Touch on a padded stool,Strength,Body weight,,Shoulders
654effe4c765a648b831d27068ad7826e96f36aa6353331d018640ef84fc2fcf,555812,565512,Sitting Shoulder Press and Hip Abduction on a padded stool,Strength,Body weight,,Shoulders
f7daacfac2e7ac445ae8f38c3801891743086a95c7741e053758d618a46d9032,533912,548812,Sitting Side Crunch,Strength,Body weight,,Abs|Quads
80e5f3502f431a116a3a61d6ea093cacedebd77400c499f92fb10681a29f8a9c,555912,564612,Sitting Side Crunch on a padded stool,Strength,Body weight,,Abs
953c98a09ab947db8110ac63d27c1bd2d3ce3d0597b5305fde827bf894bb0dd0,,617112,Sitting Side Neck Stretch,Stretching,Body weight,,Traps
c51a82bd5ec8b302be449e647ce896c12a9e5dce2a27df8ba473163787b1b24a,180612,,Sitting Side Reach Stretch,Stretching,Body weight,,Lats
5ca91a4f614e29a6170089a9779d31ee1d435617f2867667f675806d59a97c23,556512,565212,Sitting StepOut Knee Tuck on a padded stool,Aerobic,Body weight,,Abs|Glutes|Hamstrings|Quads
30653e93c83bfb7b52d31a25decbd6f811819a9969dbea84c6a30404b5a7a8fe,210212,,Sitting Toe Pull Calf Stretch,Stretching,Body weight,,Calves
8c9ea677e494ffef775e0a98be4c84d863460b7a0ed9b1e83b60508f6174eca1,190212,,Sitting Wide Leg Adductor Stretch,Stretching,Body weight,,Glutes|Quads
7fba3ee0a8478dbeae471dc344c9ddc429b1f748626b291548d266d0e11116d6,534012,548912,Sitting Windshield Wipers,Strength,Body weight,,Abs|Glutes|Quads
a1a29ffc2dffb295d5c8bcb839cf7dc521a71a044906adae64941149eec3032c,619812,595712,Skater Arm Swings,Aerobic,Body weight,,Abs|Calves|Chest|Glutes|Hamstrings|Quads|Triceps
6674eea4461bcfb3c651c8d8539714fc23e2e996bea21b06d967614abf0459af,495612,,Skater Hop Tap,Aerobic,Body weight,,Abs|Calves|Glutes|Hamstrings|Quads
a735340445219418fd75f81150ff168cee8ed5b78bdb19a078fb2e244f39dfcd,336112,382012,Skater Hops,Aerobic,Body weight,,Abs|Calves|Glutes|Hamstrings|Quads
7b604237141994bf5b88c0eb907d964476924bd7664680287f5a02dab35460f9,534612,,Skater Stepback,Aerobic,Body weight,,Abs|Glutes|Hamstrings|Quads
5f4473f4ced91466817a8f3e4a98a6ea3a0bfa07f1be250eda5aa033d03a9e52,214212,,Ski Ergometer,Aerobic,Special Machine,,Abs|Calves|Chest|Glutes|Hamstrings|Lats|Quads|Shoulders|Triceps
2dfdcfe13c6c1629eb6f22fb940a02555a059c11508c9b650086d8dcd654b710,553912,554212,Ski Runners,Aerobic,Body weight,,Abs|Calves|Chest|Glutes|Hamstrings|Lats|Quads|Triceps
dd11852cbfee1f57ea108ed31d22988ec44bcbda45debe4ea901f31d1f3b0d33,87712,,Sled Backward Angled Calf Raise,Strength,Special Bench,,Glutes|Lats
0009f1dfbccf94530a1779a75c2571b44f7020ee2ea5a6663d3b2dbc161c6909,73812,,Sled Calf Press,Strength,Sled machine,,Calves
74e7c226def4bf41376f372aa62e4fd6ad9d53911114e20058c0567b6c680ac6,139112,221212,Sled Calf Press On Leg Press,Strength,Sled machine,,Calves
6c8fee9377d830c5595aaf4ec4914c892d5191585e0744c300d12e02d605914c,199212,,Sled Full Hack Squat,Strength,Sled machine,,Hamstrings|Quads
b5342e168e1915d989de0e77c7c48c403eb876c87eecf353dcdb5c56dcebfcb9,74312,238412,Sled Hack Squat,Strength,Sled machine,,Glutes|Quads
081d9a139f24eff30ce6a967238e204153122420bfa8d98e9b278195304bd337,73912,222412,Sled Leg Press,Strength,Sled machine,,Glutes|Quads
92e36ec34c26b5086fbf5ae8f471637232ca2ae7631b6a1d1f2bc07ac0bdc887,74412,,Sled Lying Squat,Strength,Sled machine,,Glutes|Quads
8ae5dec37d91d22fd2f7ca862b8e573a513b49c97fb36c86d802fdf68a2aa255,157512,361612,Sled Narrow Leg Press,Strength,Sled machine,,Glutes|Quads
5097f00102cca47c4ccf1353c5f3c707b3681c70930b11758bad60f6b1edd5b2,157912,,Sled One Leg Hack Squat,Strength,Sled machine,,Hamstrings|Quads
8401b65ec330e381e3f941476fd95432ee9c138ec819e5e8adeb37a0f1dc3f39,142512,,Sled One Leg Press,Strength,Sled machine,,Glutes|Quads
f3ba26f06b14606d4b9b4e52b63f288ae9360a536704db126d32608516c8be1c,158312,,Sled Reverse Hack Squat,Strength,Sled machine,,Glutes|Quads
ef51426932c31d2d50f049995a38a1af5978113e204b6ae86fd8986e5e521c54,410012,,Sled Wide Hack Squat,Strength,Sled machine,,Glutes|Quads
25a80657f96eda69203856b04072fefbc8c8fab58bb0fe3770dc3bd7c36ab787,74012,361712,Sled Wide Leg Press,Strength,Sled machine,,Glutes|Quads
5ff3c36b002a89eb9c9db4db3bbe66e01bc6d93282a4584fa3e30fb6c1eaf919,349812,,Sliding Floor Bridge Curl on Towel,Strength,Body weight,,Abs|Glutes|Hamstrings
ed238c9520723e3fbee80e844ca475691bcc68640a5a2565e3ffaae1d1b1b29b,349712,,Sliding Floor Pulldown on Towel,Strength,Body weight,,Lats
80d3c478c9ae74722bbbe9f48b5eb3518cfdec95a104e2c19ddd6a8e8041cb5a,441612,,Sliding Leg Bird Dog,Strength,Body weight,,Abs|Glutes|Lats|Shoulders
1315885e175fde4c9482e36b12b5a36ebe6a6d3346a4b3c33bb6b6688762527f,339512,577212,Sliding Leg Curl on Floor with Towel,Strength,Body weight,,Glutes|Hamstrings
3729b0944fc1b8c945e327b3a2dae4777e6f2dc3c7bb13e45184819eacf1c844,431212,74512,Slopes Towards Stretch,Stretching,Body weight,,Lats
a590411492279d70254698b34b315593fe60a6666b85d0ff6128cc95c84bbee5,,380312,Slow Pulse Squat,Strength,Body weight,,Glutes|Quads
5d5af5273ba0e8d801353be70f413441496c7b0b844a6e44a5f5aa15c69d792d,74612,,Smith Back Shrug,Strength,Smith machine,,Traps
d4ba9c4b40a313dc966ea6fd20abb5be7c353b2dc9421007a6913bc8e642b253,522512,,Smith Back Wide Shrug,Strength,Smith machine,,Traps
3df05481ea153e2aac59350c57d26e1b50d1379e0c5581a9741a63cfc7866fd7,74712,,Smith Behind Neck Press,Strength,Smith machine,,Shoulders
57a461257696c6655ae276315b1375545ad6fc871ef5095a3d5ac4d836a98932,74812,,Smith Bench Press,Strength,Smith machine,,Chest
2c0404aeaaf701ece21d2e88b99b889cb928f28892398e3301a230c0a4b0d31d,74912,,Smith Bent Knee Good morning,Strength,Smith machine,,Glutes|Lats
4bfb3150ba92324a0a7fade2e671ac85cf985ae68e29cd45f5024428ee870172,135912,,Smith Bent-Over Row,Strength,Smith machine,,Lats|Shoulders|Traps
c1a5963a41e28c441efc298ea45d1af6650ad8a110395a5ba01f58befb97f7b9,76212,,Smith Bent-Over Row (V2),Strength,Smith machine,,Shoulders
2d9e76d2eb3cf07c3575ae5d0865269b303bfdf1e79d7a609eca062c5bc0b34f,116412,573012,Smith Calf Raise (V2),Strength,Smith machine,,Calves
e6dc0ea469dc33a774649c1541ec45e896e9149fd97b7d7f7ff61d552626be7f,75012,,Smith Chair Squat,Strength,Smith machine,,Calves|Quads
92f4262b00074d0091149d9a811dea6f4823b3ac1c6cdced8cf24fca5bbcc244,261712,,Smith Chair Squat alternative,Strength,Smith machine,,Glutes|Quads
6ca52e1df4c0fead4119ad7a4f7952fcab154756863313c92aa12a801e799741,75112,,Smith Close-Grip Bench Press,Strength,Smith machine,,Triceps
710b5f3ab4f6492cfc3d8623ac94be12f97f2edb3f3e4603e8c6e5b48c8720bd,75212,361812,Smith Deadlift,Strength,Smith machine,,Glutes|Lats|Quads
7c8bf6b2834862f193857e3a2ecfdac88d1a75224421e65c43c066f88fe9be9b,75312,,Smith Decline Bench Press,Strength,Smith machine,,Chest
c5737d01b1d72c196f7be915cb9dd3dc131209742710f3dafe20772985b3df47,603812,,Smith Donkey Kick,Strength,Smith machine,,Glutes
8d6152638d02406dc311cdc78072a216562a8efbd2116aa512c9a23f38697364,159512,,Smith Front Squat,Strength,Smith machine,,Hamstrings|Quads
f11c8ae74e64dbb0501a0d2f5d15d95fb40f3a3725cdfadbb30a48b9bc3a3ac8,143312,,Smith Front Squat (Clean-Grip),Strength,Smith machine,,Glutes|Quads
f6cf5355ca7c4fb1652a283a34a29e16d35cfe4f6e4a62497957eced4b4628b0,328112,,Smith Full Squat,Strength,Smith machine,,Glutes|Quads
7913a39feb440fd7e395f234b2215e2cec7361617ac3b6bc0786e50b08a0bd36,514212,,Smith Hang Clean,Strength,Smith machine,,Biceps|Calves|Chest|Forearms|Glutes|Hamstrings|Quads|Shoulders
279e67f8b236cdf7a4fe62d9450a7964d5d0d150d40dfb6556ff07fee45f9116,291912,,Smith Hex Press,Strength,Smith machine,,Chest
e31ef0408f9493b250af7cf6dbde0285aa0eb340d278521565ae1a605fc3c746,75612,,Smith Hip Raise,Strength,Smith machine,,Abs
1cf6b7aa4bcfe51d78b57d28b370c37d8924a27de754805e2505fe1d5e577332,311012,576112,Smith Hip Thrust,Strength,Smith machine,,Glutes
ee0ca4a1fbe4ffc6a1220e069499328b6ef11c370b240ef3f41896bdf90de882,75712,,Smith Incline Bench Press,Strength,Smith machine,,Chest
3cbc36463b9028a8867f055ea6f1e2508d736bf031e823e1fa0d38f9dabffdb8,582412,,Smith Lateral Step-up,Strength,Smith machine,,Hamstrings|Quads
2046d88cad2bbc599d28fc1b6926113c4411ea0063de1fd31dfb1b2915b15b5f,76012,361912,Smith Leg Press,Strength,Smith machine,,Glutes|Quads
4e0fd7c9e0a8e1da797928f430b511f371ca82cce5bb1c23a28a8fcbc3074752,143412,576012,Smith Low Bar Squat,Strength,Smith machine,,Glutes|Hamstrings|Quads
d41079f736bf0dcc3265a954aad5844f1d06e0e6f9f94c0de7288c9d76dbc28b,168312,,Smith Machine Bicep Curl,Strength,Smith machine,,Biceps
66f4f323a64f9b1da31d0a8426f62d23de7126e8f50431101dff15f84c98fcf3,175212,,Smith Machine Incline Tricep Extension,Strength,Smith machine,,Triceps
de8532477fe0852f94a58e6ef6e8ecd35d14ed0060b441690b4aae1332e13c83,76112,,Smith Narrow Row,Strength,Smith machine,,Lats|Shoulders|Traps
4b247c78bdddde0859c588e88abca96db8d57a2d49126f9f077502a76108f01b,394512,,Smith One Arm Bent-Over Row,Strength,Smith machine,,Lats|Shoulders|Traps
6c9dfc0ad5dfed087bb85e91fb63bf7972a0db8c71bde85f1c7b84fa8fe8b472,139312,,Smith One Leg Floor Calf Raise,Strength,Smith machine,,Calves
51a1383123e03216cd84003880293192d823ec0247b3440a18866b59055be804,76812,267012,Smith One Leg Split Squat,Strength,Smith machine,,Glutes|Quads
8351ed54b0f567bf862bd262fed28ef0120545908c69953f921188b11e05add7,582512,,Smith Rear Lunge (V2),Strength,Smith machine,,Hamstrings|Quads
8ab59412e9eb5114fa8a6a815f53eacffda3e218a69c363d074403434934783e,139412,,Smith Reverse Calf Raises,Strength,Smith machine,,Calves
570f89e8d8311b7edcf6231c018d8fbe0cab27d4d98f619c96d5b98753b67c62,603912,,Smith Reverse Hyperextension,Strength,Smith machine,,Glutes
66d82fc57ff77c7bf833570c863ba4565efadc9223d91e4a96bf2fa76c6a2bab,76512,362012,Smith Seated Shoulder Press,Strength,Smith machine,,Shoulders
46dbf2212b4c0ee5c4eae7c3ffa89907cc2c4f4c283c778395034fb4d0bd2955,76612,,Smith Shoulder Press,Strength,Smith machine,,Shoulders
c6e2b154135eac8b56d2ceb882f8b6ba2d55ac41ca6a6b6b21a1989ae0aadb23,76712,,Smith Shrug,Strength,Smith machine,,Traps
658e6f99ef470dcb311afb1eb46f7ac33729dd7c5f84ee3d9fd48b04c8be317e,76912,311112,Smith Split Squat,Strength,Smith machine,,Glutes|Hamstrings|Quads
197eecc9923a508fd63934d718032d430f8f3d259f298f10572c1812f88ad2d8,77012,,Smith Squat,Strength,Smith machine,,Glutes|Quads
6ea49990b6a225343fb9c40290eb3133e6e61811749bb7a5705085c0a8d76108,159612,,Smith Squat to Bench,Strength,Smith machine,,Hamstrings|Quads
6602bae78e6edda09dd908a2abc1434da3fb5ca390648b2b1b029348d0ccaacb,,265512,Smith Standing Leg Calf Raise,Strength,Smith machine,,Calves
4810af9853b69da6cff858f843141eda8a2c47f2dee23a9f80186deb2651ae85,77412,,Smith Standing Military Press,Strength,Smith machine,,Shoulders
b4533570737f60de2faa79cf67006b40e5c984f3930a45db73e55b1f2df0dcb4,122412,,Smith Standing Shoulder Press,Strength,Smith machine,,Shoulders
b881dc3ef3feddf661a2cd311f2b66460503c747349a056c63d8ab22db715586,159712,,Smith Stiff Legged Deadlift,Strength,Smith machine,,Glutes
e9bf58174a641e3fca260ae04b088c07550c433cfa120041a016ba3ca32c9b61,314212,,Smith Sumo Squat,Strength,Smith machine,,Glutes|Quads
0d340c442b23fa7a4a12d0aedfaea63b81ec292c5bd3ddb4367766652c6f8d4a,77512,,Smith Upright Row,Strength,Smith machine,,Shoulders
dca9e9c6733d9a3b72c8b03662efdd46c5410059d2b7130de25ca979fce5f257,522312,,Smith Wide Shrug,Strength,Smith machine,,Traps
5c638770d8a8d7767afe9d2cca54c7dfb18cee088c81f584f31fd4797ad49d10,,118312,Smith kneeling rear kick,Strength,Smith machine,,Glutes
c6545a26bd3faee5ba60f57948982ac8bcaec8a3d2cd5175a2ecf0532361bfcf,518912,,Snatch High Pull,Strength,Barbell,,Calves|Chest|Glutes|Hamstrings|Quads|Shoulders
c070b471c7b1b273aa9a9d6dafc5624c41f8d215e897ba2237320dcbd4aa758b,77712,384612,Spell Caster,Strength,Dumbbell,,Abs
ae72119df51d73dd4cea33deb0b89f237b5befeab87f277b982756791ec5dba1,,613212,Sphinx Pose,Stretching,Body weight,,Abs
1cfc3a917b26182d69dfb012d7677454415f9c5dd694cd0ffe35c80a547323da,77812,343712,Spider Crawl Push-up,Strength,Body weight,,Abs|Chest|Glutes
c61771ec3e5df633b4ea6a821616787cace7b296a95b0e4e1543f64985843b35,609212,395312,Spider Plank,Strength,Body weight,,Glutes
e823b01564b0c58535635a98d31fcfb500dd6156adc21bcc93ea4a7b67fd95d5,487912,,Spiderman Plank,Strength,Body weight,,Abs|Glutes
e459ff087c4fb3546608fd728f0fecba1a171d20554ada5051b810147974b8d8,231012,,Spin Back Kick,Aerobic,Body weight,,Abs|Calves|Glutes|Hamstrings|Quads
afb40c5ae92be660993e1ad09fe4a22d2bd0237d0cc2997b5eace8bab59a97b3,230612,,Spin Hook Kick,Aerobic,Body weight,,Abs|Calves|Glutes|Hamstrings|Quads
faf575a19a5132efb7eac15777a9c0b11b2db4b009a0d354d93b9adc5e7393d7,431412,77912,Spinal Stretch (on stability ball),Stretching,Stability ball,,Abs|Lats
b1cc92162cd58e21c2b10b42e81c44d59f2c103a3ddcdd5bfd5f4964480a09dc,278512,,Spine (Lumbar) - Extension,Stretching,Body weight,,Lats|Traps
179b5f60f9d521aa47adfc7091b96307989dfb3912b96e0959790f8f27b95292,278612,,Spine (Lumbar) - Flexion,Stretching,Body weight,,Abs
2fb4b4ebc1821424028d74392f0ae98caf95414dd01c22a3c8aa826f429ba942,278712,,Spine (Lumbar) - Lateral Flexion,Stretching,Body weight,,Abs|Quads
1f00452a3b55f5a2d0ec06597058caf7ba1a3404c9145b76b0c1bc21e0d0649a,278812,,Spine (Lumbar) - Rotation,Stretching,Body weight,,Abs|Quads
1941b8e6008eafb515fbe82a87dc75b2c9ee604b20af28c4f047eeb047ed80d3,351712,,Spine Backbend Stretch,Stretching,Body weight,,Lats
d6b30ed1fd4aa328cae3a12e1b1efa38dc4d5a232e87d3906002ad67a2759456,136312,431312,Spine Stretch,Stretching,Body weight,,Lats
9c27d2b70d063cf2fc620c7af5a7b54745d7058b4bf4b648132a099b9f3d6c07,431512,287312,Spine Stretch Forward,Stretching,Body weight,,Abs|Lats|Quads
4300511529917c150d5ece04ae53ecdf77f725e44b82c6021dcda590b97b5ef3,232912,,Spine Twist,Strength,Body weight,,Abs
63d93e0c4049107dad03481df6efa3fc597c07a4bef3281d1c2038a57babf0c5,344012,,Split Jump to Box,Aerobic,Body weight,,Calves|Glutes|Hamstrings|Quads
e36344e6fd1711a88aa0ccc8751aaf13d06502ebbbed61ee5267085676543a37,,371812,Split Lateral Squat with Roll,Strength,Foam Roller,,Glutes|Quads
e31e1aef7af9ac5b0d1335a4ecaa32eeedf2a6b3a8cf55ca9944ce2cd7bc14fb,348212,,Split Sprinter High Lunge,Strength,Body weight,,Glutes|Quads
4ef3cda42adcd2807ad73f7e436bda828b354dae7c95d71f59d966b4cb2833aa,348112,,Split Sprinter Low Lunge,Strength,Body weight,,Glutes|Quads
3d2011d366ae74ee2ead2c6d97b01c9fbac8ec791848ed3780932ebf35563a3f,236812,78112,Split Squat,Strength,Body weight,,Glutes|Quads
a975da8d36a27907b9c0cedb7d334357482860d658575bb855d4940a192b9235,,275212,Split Squat Elevated,Strength,Body weight,,Glutes|Quads
38f77c9041ddbdc5605ce4ceebd31c744a1938648d03e7adee2ca317824a798c,535512,,Split Squat a padded stool Supported,Strength,Body weight,,Glutes|Quads
0f36cb6fede4907cbfdc274f469f761cd737f6ee074c173a3862806048c817dc,521612,521712,Sprint,Aerobic,Body weight,,Abs|Calves|Glutes|Hamstrings|Quads
a1415111d95df4ce18e222fcdfba98839f0034c1c3861bb48d0aade8d5d63f92,119712,78712,Squat,Strength,Body weight,,Glutes|Quads
635deed8673db0be4aec07069b3adee5c12bd5725f1b77bbd4a1aa78c54f4638,524412,,Squat Bounce,Aerobic,Body weight,,Calves|Chest|Glutes|Hamstrings|Quads|Shoulders
c2520df0039eb8ee8cfab3dfee9c6f4f4153730b5724faa42ce0d72427a7fdb0,,585112,Squat Front Side Kick,Aerobic,Body weight,,Abs|Calves|Glutes|Hamstrings|Quads
fee60da35b3dcb62fea03bca2821827379fed9ddd12cb38a215e76cd47d7bd99,,611212,Squat Leg Lift,Aerobic,Body weight,,Abs|Calves|Glutes|Hamstrings|Quads
0c82fcd509a85f1fb3c3a958a7bd336dd233516be81852e5cdc35a0aed56e6b3,613912,,Squat Mobility Twist,Strength,Body weight,,Abs
657bf6424ee40d8aa3e59666de830699e6ffd42685e784a2800d2599133a989b,170512,,Squat On Bosu Ball,Strength,Bosu ball,,Glutes|Quads
ba6b42bfb463fe8fb7488a51171423af5b0066b195713b9613fd23f4933484f4,579012,,Squat Pressdown Twist,Aerobic,Body weight,,Abs|Glutes|Hamstrings|Quads
7412a2227a8f4e5abc02e4d19d9f49928c14aaa649f0d60094a54de5f9478b8b,463512,463812,Squat Side Power Kick,Aerobic,Body weight,,Abs|Glutes|Hamstrings|Quads
81b85f2fa611ec6599dd89353ea9d5152f5f1623dfc4ef8234d49a14f84a2dac,,140012,Squat Side kick,Aerobic,Body weight,,Glutes|Quads
fa08823cc943cae6187223063167189556a21c9190b66fcd27c14494ed9f6051,370512,499812,Squat Thrust,Strength,Body weight,,Abs|Calves|Glutes|Hamstrings|Quads
f99c127b1aed8b19a7b97b545ea55dcb03ebc87c995efdbf9f0e6827b2da10ad,392712,,Squat Tip Toe,Strength,Body weight,,Glutes|Quads
7202f633717128c25d619331cb82947db4175c784e84652607710be985bf9317,370612,,Squat Tuck Jump,Aerobic,Body weight,,Abs|Calves|Glutes|Hamstrings|Quads|Shoulders
5580d01707963f9b273b4fa4808b15bc4d884f2951c2bf2ab3999a7d9b2de26e,,630912,Squat and 5 Bounces,Strength,Body weight,,Hamstrings|Quads
ab4e4c977bcfa6008e1df1faf4ffc7b3867b87987bab48fea09b1bb77170a95e,567812,,Squat and Knee,Aerobic,Body weight,,Abs|Calves|Glutes|Hamstrings|Quads
93256791556cf85255fd9fb645bec2534e3102f62ad4d50a859876f5b96f844e,,617512,Squat and Tip Toes,Strength,Body weight,,Hamstrings|Quads
96715b7460179f415a4daea8d229043deca04ae31ea6f1ffba956741c50dbb46,229712,,Stability Ball Crunch (Full range hands behind head),Strength,Stability ball,,Abs
15735207bd9b5cec79046523bbe7a6b1b6676f38a14c904c70fd6bd1291c9324,170612,,Stability Ball Front Plank,Strength,Stability ball,,Abs
5ad0359ad16c232fa008611d67fc51566163fc3c64b0745eb2857728b5e2b71a,,169512,Stability Ball One Leg Squat,Strength,Stability ball,,Glutes|Quads
e99e74a01917df4fc39665febeb2b1f5f076997f403aa3ac834db540da40f7bd,,229512,Stability Ball Rollout on Knees,Strength,Stability ball,,Abs|Quads
b8b44e4a252a45e4a738e17057a50eaded3e203585107d44da1195c6ceb2875b,,293712,Stability Ball Rounded Rollout,Strength,Stability ball,,Abs|Quads
f3148e790f2ee8be219c4bc144955fea18ec301882031462b3b456eb58e16096,386112,,Stability ball Body Saw,Strength,Stability ball,,Abs
0fc25bc1c3b93656ecb410ae7193517e49904e0328478bfb452850e0f5857fec,133912,,Stability ball Lat Stretch,Stretching,Stability ball,,Lats
9f3db21d750677d567204124f8134fee6f7a280317f2226f9f193febe6c70062,503612,,Stability ball Leg Curl,Strength,Stability ball,,Hamstrings
aba559dc737abcd574e0eb0cbc3b30fdcbbd0716890e7e07a08b16ec49d0a0dd,134212,,Stability ball Lying Side Lat Stretch,Stretching,Stability ball,,Lats
af027c3ac2601717d4dfa77edc455bf4d8a2ec7555a1b3cca7289094c03a77ee,156212,,Stability ball Wall Squat,Strength,Stability ball,,Glutes|Quads
59b0967c152fd0c75792ec9746aaab1dcddd2fe81d572e972b346657f7489394,372012,,Stair Jump,Aerobic,Body weight,,Abs|Calves|Chest|Glutes|Hamstrings|Quads|Shoulders|Traps
1a64a5cdcf1a8046934c3bd94fc02ef6a151ef873c194fb74764aac4a1571694,,300912,Stair-up,Strength,Body weight,,Glutes|Quads
ac41f341fcc91611565802c92a664392ce618190fc065e570bf50f005bd5ee35,512612,508512,Standing Ab Twist,Strength,Body weight,,Abs
924b981af2ed50cbbbae107fa2fdc64e111945df783b7460ea2b0afefd4d7f06,,544512,Standing Abdominal Vacuum,Stretching,Body weight,,Abs
5831e10d523f8ba4250fa997e419e66dc38671f5d406a4190d9782e86a770783,211012,426812,Standing Abs Rotation Stretch,Stretching,Body weight,,Abs
aca6dd7680e3e2dc2d7c87fecac40450e34beec9a34f4ff95ca0825071ec5c3e,399912,427512,Standing Air Bike,Aerobic,Body weight,,Abs|Calves|Glutes|Hamstrings|Quads
cf0cb36fa61b23bd5837aca7d25d4befef97edcd55ddf43da3dbad5186da2f04,,325912,Standing Alternate Arms Circling,Stretching,Body weight,,Abs|Chest|Shoulders|Traps
a61805e733f523b33a2cb9273ec43c9a93bb22b59245d126df48287fe330aa4d,,325812,Standing Arms Circling,Stretching,Body weight,,Abs|Chest|Shoulders|Traps
b57d07f6fb514813fb7dd879405fa0eb50560b53a4de006931274340d2c0083a,,326012,Standing Arms Flinging,Stretching,Body weight,,Abs|Chest|Shoulders|Traps
0a8bcb15f8b1b0ff3f54f5a04a84c8cea931404e4616394ae4bd0a49a14abc8b,181312,431612,Standing Back Rotation Stretch,Stretching,Body weight,,Abs|Lats
9d1a8d9f79148d7eb057717551d680e2685b5b43f8e36caa987c8d0f03e072b4,,494112,Standing Back Squeeze,Strength,Body weight,,Shoulders
81d9470566fee0cf6c128a29d96203bb2b99b9e6959e76a99656197b9fb393ff,,574412,Standing Balance Hip Abduction,Strength,Body weight,,Glutes
4c3c24aaabdef11eb847a2ebf20f27bd82a76ed4d33b6abc27f05e9c7cbe252e,,574612,Standing Balance Hip Flexion,Strength,Body weight,,Glutes
df5bf623e95d93d9ddc70ad46967968bbdc9d0839ae0a6c598e25d09eee7053a,350412,632012,Standing Balance Quadriceps Stretch,Stretching,Body weight,,Hamstrings|Quads
9c95a31daf070fe9fd3a11ba17fea2d7387d86207a50d1aa6ae2f00e4ea63f97,78812,,Standing Behind Neck Press,Strength,Barbell,,Shoulders
3efcc4e9a6a27c18a4fbb7b70718eaef22c1dad7e31fc8e58bda4769b15a3ead,637112,632512,Standing Behind Sky Reach,Strength,Body weight,,Abs
b7927f38a45e5184528eeedfb2d7b3baa0b97650aef69b982ba62d36f829b9f1,494412,,Standing Bent Knee Figure 8,Strength,Body weight,,Glutes|Quads
e1a65818f5edbafbd9e9afb4f328014c15101066a77eefa41e53bed224dd20a2,544612,,Standing Biceps Curl (with leg),Strength,Body weight,,Biceps
379aae48e0276eee806da52d86ad99a7f09fdc594299c2f73edea5b609172875,550912,,Standing Bike and Opposite Touches,Aerobic,Body weight,,Abs|Calves|Glutes|Hamstrings|Quads
7be607909852eafbb81d3cd903c374fbba1399c79cdc3f5f44dc933bb3a77187,,579712,Standing Butt Kick,Aerobic,Body weight,,Calves|Glutes|Hamstrings|Quads
a4f58c37a6148d976a16cec264a2c3b21a6313197380ca28318abc178fd2b45e,137312,301812,Standing Calf Raise,Strength,Body weight,,Calves
efca1873ab0599ffe4d5f0405fbfb476f1cbc378bc9ec001ba5a2a0c4dbe8dc5,149012,,Standing Calf Raise (On a staircase),Strength,Body weight,,Calves
86d9bc23051ee33fe962e68a9b6d20e49abd6cda17facd7a781698118d7fd352,,312012,Standing Calf Raise with Support,Strength,Body weight,,Calves
0b2d36a0f77c2a02f6043e45156d3ee8ade25d92332d348417992213a8c4cb15,550012,536312,Standing Elbow Clap,Strength,Body weight,,Chest|Shoulders
aa04e078237cfe26ea8dd0fa4e5c0774ecdf613fdfce1a8ef735dfb79abba3ef,,536412,Standing Elbow Touch,Strength,Body weight,,Chest|Shoulders
6a5ae16234f05b4688f983d66e0d28bc195913f33bf8875a85f4bc7690dff5ca,,590212,Standing Figure Four Pose,Stretching,Body weight,,Calves|Glutes|Hamstrings|Quads
b5c8756132750b4b373c3fffb7fef60fc187a9cde0fc5f16fc6cb83421ea2e8a,139812,431912,Standing Gastrocnemius Calf Stretch,Stretching,Body weight,,Calves
acb30a4e6a96429384615ae6cd01d4ac53262df91281e04c6ccfc867b95033fc,,590312,Standing Half Bend,Stretching,Body weight,,Calves|Glutes|Hamstrings
18d6a5c73b5efd5036cd7b40f322bfcc8312f4e177d0b363c95837f871c35430,,78912,Standing Hamstring Stretch,Stretching,Body weight,,Hamstrings|Lats
5e2259db2b3682b1273212105fe3c0563c56ae1d86d011c1fa770fe18188c46c,159912,431712,Standing Hamstring and Calf Stretch with Strap,Stretching,Band,,Calves|Hamstrings
986b93ef7ca2ff810869feb8f3e56df7891354b42bfd49f438269cd41c9fb58b,363012,,Standing Hamstrings and Back Stretch,Stretching,Body weight,,Calves|Glutes|Hamstrings|Lats
573482d87807119ef3991393ff07d1b0891ef3ab80b07c25bf19214b6e966745,,79112,Standing Hip Abduction,Strength,Body weight,,Glutes|Quads
08ee74e04fb0e256fd7d06d90d3fe4b1053fd440b117387b87832736a344f19c,516912,,Standing Hip Adduction (V2),Strength,Body weight,,Quads
b50449e4d1600a975602b1cf03cce76ef1cdad3eef42c9b6c8f7a2a8c5a73e2a,,341112,Standing Hip Circle,Stretching,Body weight,,Abs|Glutes|Lats|Quads
23394e8fce3b689ca7c08d9b5e460832ffa9db5dffe1a4366c97704e4a6da553,,79212,Standing Hip Extension (bent knee),Strength,Body weight,,Glutes
6924e14f07ed558a1696965d4c69a9a629d08946271f115cf6e3f5e0ffc918ac,194912,,Standing Hip Flexor Stretch,Stretching,Body weight,,Glutes
6caba4b5d864c1432016412e875edaa4c892051cbd8fd485df1b5d852bcc9cc3,,608212,Standing Hip Frontal Rotation Arm Sways,Aerobic,Body weight,,Abs|Chest|Shoulders
bd5a32d548f561bb715fddd459fff2466f35d366f2866cf387c4e7f361a5561b,,576912,Standing Hip Frontal Rotation Curl,Aerobic,Body weight,,Abs|Glutes|Hamstrings|Triceps
1950c20b050a3b956f72d77d340e3de4f2638ed2b9fa029f44c8ec38c967b271,,608412,Standing Hip Frontal Rotation Side Slide Arm,Aerobic,Body weight,,Abs|Chest|Shoulders
2e4a61f41bee5f1592c88f6a4fb6084499da1dc8fe15645b556811b596b7f054,,531912,Standing Hip Frontal Rotation with Shoulders Adduction,Aerobic,Body weight,,Chest|Glutes|Hamstrings
a748d256fc9518662e7e4f482f1ad4ce597495fc31f74b09ec1c27d95b8ec3a5,,532012,Standing Hip Horizontal and Saggital Rotation,Aerobic,Body weight,,Chest|Glutes|Hamstrings
33db2d28566d35c822b5f187b8772acc19948f955cd5e316be6ede233e3cffc2,,532212,Standing Hip Saggital Rotation with Hands Overhead,Aerobic,Body weight,,Abs
87c1e826c219884cc26a0e40f44f3a9dce456dd95afb60bf36531b13d4a288f5,,532112,Standing Hip Saggital Rotation with Shoulders Transverse Flexion,Aerobic,Body weight,,Abs|Chest|Shoulders
0d311b7cfb830d828f814b3885809f1105d136897d0e46dfb97027157eb129a9,495312,,Standing Jumping Jack Air Bike,Aerobic,Body weight,,Abs|Calves|Chest|Glutes|Hamstrings|Lats|Quads|Shoulders
4408f2538a8eb659f38e02e089d69f30a972f08cb924eba3c7f1f35fd283b053,,574312,Standing Knee Raise,Aerobic,Body weight,,Calves|Glutes|Hamstrings|Quads
b7f938af32fb9e9bb5d2b1a463cbd80369445afc8446190f7269a92019aa46e5,79412,432012,Standing Lateral Stretch,Stretching,Body weight,,Lats
1d96a40595cf7e9c1654e0c7638662ee08744c0275cb1d1c8690b4e50992fe80,,640012,Standing Leg Curl,Strength,Body weight,,Hamstrings|Quads
461cbe4b1430c4b511f1ab57ec2d5553bd0822e7361cebc093379366eabbcff3,534312,536012,Standing March with Shoulders Extension,Aerobic,Body weight,,Calves|Chest|Glutes|Hamstrings|Quads
21a5916d1a37e49e02684e67c943ab953b4ac5ceff6337e398310500adc07c2b,595112,,Standing Obliques Slides,Strength,Body weight,,Abs
bd5b5f50b80001a819a844ec2565ebf0cb76691f3854aacf91ef4d638eed56f2,105812,,Standing One Arm Chest Stretch,Stretching,Body weight,,Chest
729ab060bea32a35e613607fd1f347cfd8b82e01493c60f075a61735a508e490,,325712,Standing One Arm Circling,Stretching,Body weight,,Abs|Chest|Shoulders|Traps
456782f5053c2053b13416bfddd8173e6845917ce9ae46fc99688d42424833b2,79512,,Standing One Leg Curl,Strength,Body weight,,Hamstrings
2bbde5d706876ec8b8f3739a1c003d0140ea83c1c9f7a0264d0f851a0e747092,465312,,Standing One Leg High Knee to Butt Kick with Support,Strength,Body weight,,Glutes|Hamstrings|Quads
53b7d37278fac741bbde5130b41676b5d7736557225ae7355eeecb7f7c452c3b,524512,,Standing Opposite Touches,Aerobic,Body weight,,Abs|Calves|Glutes|Hamstrings|Quads
014fd48533cca02e6628768cd35f4d4a3371426a63e273280389b9b3324a2115,465112,,Standing Overhead Shoulder Stretch (V2),Stretching,Body weight,,Chest|Shoulders
879a1a1485a0c5bca5be18ca4c1cbb95e30e6fda526928250849d6ffaf81f236,,340612,Standing Pelvic Tilt,Stretching,Body weight,,Abs
616cd03101276ffeb20d914119520fed0ce9c349656daa06dbf247ba445d5d93,122512,,Standing Plate Press,Strength,Weighted,,Shoulders
3e269e687c8a4e1075badf5739d1800655ebb23500b487c456c183055640656c,523112,,Standing Power Throw,Strength,Medicine Ball,,Abs|Biceps|Calves|Chest|Quads|Shoulders|Traps
f0b26b5b3bd7a2f97051216e25cb06d8c656959d787f6eb5566007d5956fbee0,105912,,Standing Quadriceps Stretch,Stretching,Body weight,,Quads
5dea9e9386ea0900b4902fb5997f6d534eefd79ef56844eced9e6eef367b898d,,191712,Standing Reach Down Hamsting Crossed Legs Stretch,Stretching,Body weight,,Calves|Glutes|Hamstrings|Quads
aa9540d1c0dee08571022612ad6bea1981a34c77a9ace3f0d4b5d7a96ba0f50d,197412,,Standing Reverse Shoulder Stretch,Stretching,Body weight,,Shoulders
64eb0d8a10a799af1e498e693aa105949a48421e1ca4003f5b5796ae9eccfab5,550712,536212,Standing Shoulders Full Flexion,Strength,Body weight,,Shoulders
1fd7ffd77a86ea2d6ff4b06d60218e9fd812f632ec6db49dceb7a13d80f20a6e,,325312,Standing Side Bend,Stretching,Body weight,,Abs
ce1ce7616e9e316582f70851bd3904960324e7f22d1fa08bcc679eb0a3d44625,432212,325512,Standing Side Bend (bent arm),Stretching,Body weight,,Abs
beb67335e75bb5c69c3f78c4f0475d8be9ce040ddb33cf01a7a3a80e4f68f5c6,584512,464712,Standing Side Crunch,Strength,Body weight,,Abs|Glutes|Quads
ffa0b4bff2311f69ea2cb87883770a8f3bed61815670c43f219f1dc51ce99fe4,549912,511512,Standing Side Crunch Elbow to Knee,Strength,Body weight,,Abs|Glutes
c7ee94fe84c8df80b2a3065b9eafa8263c28d64151f45a35aa4b6c97f87c9f2c,,596112,Standing Side Kick,Aerobic,Body weight,,Abs|Calves|Glutes|Hamstrings|Quads
fe4ff448beca8bac0b7f090bbce015c5ae5c9364af2fd08ecf5cdb82967ef6ff,392912,464112,Standing Side Leg Raise,Strength,Body weight,,Abs|Glutes
cfcf4ad2b355ab4ab4c4e115341b9c72aca2e1a95fd5d3bb803f60bb768678a4,550612,,Standing Side and Front Leg Raise,Strength,Body weight,,Glutes
5cf49af20f26da829fd4b85f5ba9325392d89555a3b3b9c3d1b7041447c0e203,570912,,Standing Sprint,Aerobic,Body weight,,Abs|Calves|Glutes|Hamstrings|Quads
c455d5d768c0fa98dd6af86f269e91b0ea9ae3a69e4e9bddef5a91e5e72166ab,482712,494012,Standing Swimmer,Strength,Body weight,,Abs|Chest|Shoulders|Traps
9d18ee9ba4aebd8cc1cda0c99c4bd3356c9ab6811d2ecc5fc563032184c8aeb1,,325412,Standing Two Side Bend,Stretching,Body weight,,Abs
e7440f755c8ad55fc05f0085affba57feff4551bf97577e0af140b05c2f00161,,325612,Standing Two Side Bend (bent arm),Stretching,Body weight,,Abs
f4db367664148e17987e47d776c5bddfdf8691763972cdf0c2acff9847a2890c,197012,,Standing Upright Shoulders Stretch,Stretching,Body weight,,Shoulders
6895ab52cbdce83da288a9b21e70ed2fc27e6d8bb2981180836ffaebdb6ed858,79612,432412,Standing Wheel Rollout,Strength,Ab Wheel Roller,,Abs|Quads
2c0bb99b808b6dec584ca8aadbb888255c676394f5bc5d483207eb0695031280,179612,432112,Standing reach-up back rotation stretch,Stretching,Body weight,,Lats|Shoulders
9a6dc213fd3a430975f132c04dad993ddfeb42d4515465b4a0f43fc4acd72954,322312,,Star Jump,Aerobic,Body weight,,Calves|Glutes|Hamstrings|Quads|Shoulders
cab9c0578421ac8271b8006c3f85723a4953000522e37901f105f8b000196e55,595012,,Star Obliques Twist High Knee,Aerobic,Body weight,,Abs|Calves|Chest|Glutes|Hamstrings|Quads|Shoulders
84c3a8e70a350b16e3c3838f2b5ec716eba4a210f1a03021598a767b236f0e4a,561412,,Star Squat,Strength,Body weight,,Hamstrings|Quads
d49c1fa82e3f9625baeac5048c1d284a7fbe3c904014ee5b207ddec3fadb6d07,,640112,Star Squat Jack,Aerobic,Body weight,,Chest|Glutes|Hamstrings|Quads|Shoulders
da7e90ee6023e9cb78e1a04d1f14b853f982462882b254da2d3f8ff86ba31aef,381312,288812,Starfish Crunch (beginner),Strength,Body weight,,Abs|Quads
d0fdcf1486adad2ceaab515cacf8e004874109c8378c0eb463d93b80100f7a73,400012,,Static Lunge,Strength,Body weight,,Glutes|Quads
f514601b76eeb1e110443203aecb38e7a8d6c0ef286bbfde956f84ee419294f8,,494212,Stationary Arms Throw,Strength,Body weight,,Lats
5e6e2e5f34e96e26b8f24679e3f63b79f74604218313ee83e28b8fdf58346e49,227912,226412,Stationary Bike Run,Aerobic,Special Machine,,Calves|Glutes|Hamstrings|Quads
96503591a1b485a2600bd3d22dde70083b0566be91cdd11495a9ad75175b4dc6,79812,,Stationary Bike Walk,Aerobic,Special Machine,,Calves|Glutes|Hamstrings|Quads
f6242e986a961ea330fa6c032a619703029153680c9c93b47716a30d73d35de3,441812,,Step Jack,Aerobic,Body weight,,Calves|Chest|Glutes|Hamstrings|Lats|Quads|Shoulders
d6820068279f00ccea7238243272ae70719bf658a62469cd2c24f79ce08ebc6d,579412,,Step Knee Thrust,Aerobic,Body weight,,Abs|Glutes|Hamstrings|Quads
94ee4003eab652013304c53a67f1d64ad69109d7753c1a761a281d455f61b685,570712,,Step Squat Jack,Aerobic,Body weight,,Glutes|Hamstrings|Quads|Shoulders
82fcb11450b7347d625e6039d61e524b366e47c74e864d5e238fd6f30a8a8252,,574812,Step on Spot,Aerobic,Body weight,,Calves|Glutes|Hamstrings|Quads
39ec02e2c50f5bc48e5c3db920321f4625d8a9f4ab8491c682bf88da9c29b4a7,457912,80112,Step-up,Strength,Body weight,,Glutes|Quads
f392b23cfb89003667e3f72efc46ff0b6be733431e1ec4ec72b2bdc0700e9ea4,344412,,Step-up on Chair,Strength,Body weight,,Glutes|Quads
7487ac916987d3b94efea70449890eb979beefe34bfe731cddb6d3ee131da36b,601712,576612,Stepback Pulldown,Aerobic,Body weight,,Glutes|Hamstrings|Lats|Quads
1eea009c97d5f75ae03eeb1ef6ec883f5f488a6dc57fb30a02a2943fbbf3d2a1,559112,,Stepback with Coner Touch,Aerobic,Body weight,,Chest|Glutes|Hamstrings|Quads|Shoulders
29ba20b7eb2482b580e978b3dfafce23b176caed463ffa56f3783244fec41edb,443412,463912,Stepback with Hands Raise,Aerobic,Body weight,,Calves|Glutes|Hamstrings|Quads|Shoulders
a2ab203be81318fb3699a846e7b49a539f9c13a4de51471d9b16cddd9e562fd9,558912,,Stepback with Push,Aerobic,Body weight,,Chest|Glutes|Hamstrings|Quads|Shoulders
72f38bdae2b1a2e46da3e8803d90498d360668be87c02132cc692883ae9fa288,,620412,Stepjack Back Squeeze,Aerobic,Body weight,,Calves|Chest|Glutes|Hamstrings|Quads|Shoulders
81a586954c0810c7cc6c68b3d4bc8e5868ebf3c10b2112922b3b5b97f9b88d9d,563912,562612,Stepjack Front Raise,Aerobic,Body weight,,Calves|Chest|Glutes|Hamstrings|Quads|Shoulders
9904eba48b06b62b29a5835f53373fa4302931c7fac4796e92dc09c6bd3b30ec,564512,562912,Stepjack Inner Biceps Curl,Aerobic,Body weight,,Biceps|Calves|Glutes|Hamstrings|Quads
5fb2e425da74fbd3a2f3b3fecaaa37befc7359da5c4d42057e5ebc23c3e73569,,571412,Stepjack Overhead Press,Aerobic,Body weight,,Calves|Chest|Glutes|Hamstrings|Quads|Shoulders|Triceps
068c9401ae1d97ed53e5aaa09fe9a86ae8318d23f9b55551e320a3663bd43c5e,,539912,Stick Assisted Isometric Core,Stretching,Stick,,Abs
3efb65150ce01241db6e2ec54e334b6ad90b5487839bce74362b4da48a7714ce,,540012,Stick Lat Stretch,Stretching,Stick,,Lats|Shoulders|Triceps
117d48b1f6c6d5b55d4a655ff8da895d5daa8290f21fbd36a66346b0b309a952,,540212,Stick Lunge with Overhead Raise Stretch,Stretching,Stick,,Glutes|Quads|Shoulders
8af3baa60245cbc179b6dcff0fbf9e155ae3d06c78807def7a7ed4cf978791a9,,540712,Stick Overhead Full Sumo Squat Stretch,Stretching,Stick,,Glutes|Quads
4e9cf80cb6da3c19f33d06c951176dc6dd2ccba2c8011f3e71349be751860afd,,540412,Stick Pass Around Stretch,Stretching,Stick,,Shoulders
1cce7fb80cd97f708ea41ba6def1e571408066820f36dc44edf35554b403c547,,540112,Stick Shoulders Stretch,Stretching,Stick,,Abs|Calves|Chest|Lats|Quads|Shoulders|Traps
5c3b1b6b019dcb75e8d3a27853df2d408df307e9c146a2b2aaccf991bce25e11,,540512,Stick Side Bend Stretch,Stretching,Stick,,Abs
c1a0025ff1ef1b7a0f260a6487562f87698d8376a417f12a42dc06e1e2b24908,,540612,Stick Side to Front Bend Stretch,Stretching,Stick,,Abs|Quads
49539b1dbf4f08cb967c533e7b11f9c8473111030860cb1fb76c54f9aab9a815,,540312,Stick Standing Twist Stretch,Stretching,Stick,,Abs
f8a26bf325a701cb27edf38d432a7704ed32d2bcf074d3c0c4a5bf48db9d2b47,,540812,Stick Twist Lunge Stretch,Stretching,Stick,,Abs|Glutes|Quads
115d554c27c5fdb696f000f62c6a9784fd7c68e08881be562e22765327ca424c,311412,147712,Straight Leg Kickback (kneeling),Strength,Body weight,,Glutes
6c42a7bd250cd89e018369323cca61fda5d52b43e8a0f04af03c6b5da54d8fef,400812,500012,Straight Leg Sit-Up,Strength,Body weight,,Abs|Quads
089c6ba84ac142603993e6d47fe01aee2da6c9df39788c7c1d48d9eff411371e,,519812,Straight One Leg Glute Bridge Hold,Strength,Body weight,,Glutes
3581b8cb73593f9369bb424ff777242c2ee6c2328f5f410bb978286daba32822,,600112,Straight One Leg Glute Bridge Hold (left),Strength,Body weight,,Glutes
8c8c47a7f0b33d894f5bd13080877adb1c9560a7554677130a2aa4d263425ab3,119912,,Sumo Deadlift High Pull,Strength,Barbell,,Glutes|Quads|Shoulders
781f234704d94711ac3462228b283b30709cb143bb9e1de608cfa4512e704a1a,524812,632112,Sumo Hip Twist Stretch,Stretching,Body weight,,Abs|Glutes|Hamstrings|Quads
4447d717d645d4552c2b49ae5fb726419a7efea18bd874020675c122f7f65e55,,532412,Sumo Quarter Squat Alternate Tip Toe,Aerobic,Body weight,,Calves|Glutes|Hamstrings|Quads
4e801ae44eec89a4f712179020ec48b0c348e437eb2dabb5593e27843f50448a,,532512,Sumo Quarter Squat Tip Toe with Arms Curl,Aerobic,Body weight,,Biceps|Calves|Glutes|Hamstrings|Quads
97884202ca842c7512f445f58ebb9af12dff85f53d8a977048a9399eaff3a5b2,106412,80212,Sumo Squat,Strength,Body weight,,Glutes|Quads
2c7ac67a50bd28e7b41b03ab4212a7850fbef61f1035e7bd5fcc1afd32c6ff1c,441712,,Sumo Squat Floor Touch,Strength,Body weight,,Glutes|Quads
0606368f0f712dbbecc40b9e0f39d65bcdfe97508fd36c1da127b0a6430e3f47,,521112,Sumo Squat Side Lunge,Strength,Body weight,,Glutes|Quads
af43d1e57cbb32b438c3a45b398c3b160bee08769fd36de018b086a5e3d03725,,617412,Sumo Squat and Side Knee Raise,Aerobic,Body weight,,Abs|Calves|Glutes|Hamstrings|Quads
77a1119042478cb804ea77984d325fcb0efb0897c1ab5550703c729f75c9c05e,343612,80412,Superman,Strength,Body weight,,Lats
fdab6860f6e25da1b032f2308906a5512d3fc18ea02406c992caef5f65e26564,482512,,Superman Chest Stretch,Stretching,Body weight,,Chest|Lats|Shoulders|Traps
be11e43e6cce0c701a8de9043f2bf4b37aff935f62e07b4f8bf7939ea9fa58eb,640812,,Superman Floor Touch,Strength,Body weight,,Traps
dc6e15f41a41f4b97d60d112049a553aa45b0853b774e49c053913c5d89eb5e8,80312,,Superman Push-up,Strength,Body weight,,Abs|Chest
97955b90413a436f9bc6b3f1d94148e4eafec0f034e3d687284c79d5aa810a5e,,493912,Superman Row,Strength,Body weight,,Glutes|Lats|Shoulders|Traps
891c7d38a9467588e707eea431b4f9d0e6e2565912c4da34d8b0ff0a6f67e7b4,355912,,Superman Row with Towel,Strength,Body weight,,Glutes|Lats
cd9f341ca365d3f40bf7bb889d8c31080ef05a6752f888f0d47baa08493b3888,504912,,Superman W,Strength,Body weight,,Glutes|Lats|Shoulders
ff860fa28968bb967bb954ac2996b9472e8aa4201b127be13371eddda3936b26,504812,,Superman W to Y,Strength,Body weight,,Glutes|Lats|Shoulders
bedfdc9127be33c44b4aa1e8e6217a8f990083cd6cf66908c37c312468b18010,181812,,Supination Bar Suspension Stretch,Stretching,Special Bar,,Biceps
2b9f14bebc1967c3576343b6e8c17db51956f9010346e30ef24deb0da9984fe7,149112,,Supine Spinal Twist Yoga Pose,Stretching,Body weight,,Abs|Lats
28891067956df7a476e95000f0fd3e8b5bd771b492d533158e4d680412e04185,558612,,Surrender Side Bend,Strength,Body weight,,Abs
98eaa80165765492731e9db2963496093f509c9a4e87cf5ab9543a5c57cf3f54,80612,,Suspended Push-up,Strength,Suspension,,Chest
b91974e6c96b45601c2e235c89e760f1077f41bc392d881548c747b8c72febfb,80812,,Suspended Row,Strength,Suspension,,Lats|Shoulders|Traps
b2cf4f1aa6d42bf570754d0efed94191b74a58fc5d56ce53f01c009665130406,80912,,Suspended Split Squat,Strength,Suspension,,Glutes|Quads
012d4726b78b4b0b870583f0b82a36dcfac74e35058912bf7c68f2bdc00d7075,592612,107012,Suspender Arm Curl,Strength,Suspension,,Biceps
fb55f109d8c3b35e8b6fdb83bbb8314a34767cd42fcff602a744039843a404ea,,110812,Suspender Arm Curl to Ears,Strength,Suspension,,Biceps
c7c19bad7c61334e56f1caf66799c7adeebd9814ea0446520a295f1206189e10,,107112,Suspender Bent knee Inverted Row,Strength,Suspension,,Lats|Shoulders|Traps
f327cd587ec3479399bc31f0257229f47e3ac396f6410a622a46a3b14e315ae9,623212,,Suspender Biceps Curl,Strength,Suspension,,Biceps
499f79680f2cc302288aab5ffe5fec9b8d98f2bcd920818b56d2d0cea467a320,,111012,Suspender Body Saw,Strength,Suspension,,Abs|Shoulders
41c7f526594013e089c42679a72782620b260835f8bc95eadc8723f75749b2ac,,107212,Suspender Chest Dip,Strength,Suspension,,Chest
8dcd9bbe4dddcac15c5475237c4eb9da3904f20bcbc67df08170e59898a463cb,573812,,Suspender Chest Press,Strength,Suspension,,Chest
d82a51657847a3b94e09a15de13f93f99b38400ebbb6ac28cdc9ab18cb384eb6,587512,,Suspender Close-Grip Chest Press,Strength,Suspension,,Triceps
379c72476fdb3a15082581ad8651157e596ba595250b43ba8c36b78197641be1,,111212,Suspender Crunch,Strength,Suspension,,Abs
e5cd688719fa102af7315920d5168ce6f8adf185136846aa95ce6ed0ac8d1789,,111312,Suspender Face Pull,Strength,Suspension,,Shoulders
dcc3c29a96a66d09e7471ccd1b0f2bbd8c2d9b1880d6e7f00f4b86fbbfc1bda9,573712,107412,Suspender Fly,Strength,Suspension,,Chest
4e771c8b5a6b34055a36960caf527214ed004786b0a07f306c7656df320da3db,409412,,Suspender Forward Lunge with Rear Fly,Strength,Suspension,,Shoulders
b487f830c33a23c91f69fb2986205869947bafde96d1b740a567ea0493453a27,,107512,Suspender Front Raise,Strength,Suspension,,Shoulders
bcb845bf91d7d777ad146b456921f02e13f12aeca22163b498ac4d4fc7626a4d,,107712,Suspender Hip Abduction,Strength,Suspension,,Glutes|Quads
6cc32f5df23fdb3a204f1f53cbba1c2175b122aa66b1340ecc7726c25cf4181e,,107812,Suspender Hip Bridge,Strength,Suspension,,Glutes
7db83dc9300fbd0d51abb2c02852707b1f7a3ba95ecacd0a3d42f08b4740d0e4,,108312,Suspender Leg Curl,Strength,Suspension,,Hamstrings
23df6387482af55983ab95de920f51c93b26bc75adf48fe286498c064f003223,,111912,Suspender Lunge Back Crossover,Strength,Suspension,,Quads
4b1d83fef0e5ae22d16b68d7938ba10d93fb2f306a0b5f0c6591a71855240798,,108412,Suspender Mountain Climber,Strength,Suspension,,Quads
7d99a2f3a96dc5de67174e47449dd54d9ad5d0756a4ba59dd34a7b400ac61a91,592712,112312,Suspender One Arm Biceps Curl,Strength,Suspension,,Biceps
e17795ddd850f4639263a92470c7ebf41a2cb66e816afc8e1172720284a569ac,,115512,Suspender One Leg Deadlift,Strength,Suspension,,Glutes
35430498a72d534d336d313920c0c92445d2bc2358f3c7c389167c8febed1e81,,110012,Suspender One Leg Split Squat,Strength,Suspension,,Glutes
a2ece054183643fa25624b598735d191d09aeb0ef0984ec25e677386315c4788,583112,110112,Suspender One Leg Squat,Strength,Suspension,,Glutes
3891344a08e1afbd5ea373724a43e13328ecff51766af0f819771088c120c3cc,,113612,Suspender One Leg Squat (figure),Strength,Suspension,,Glutes|Quads
8b9e7ffbf277229771e37b62a3c26a842ce7f6d6cf28b6f841449d81f59e6ca2,,108512,Suspender Pike,Strength,Suspension,,Quads
8a68c925a25a5ee6375fb5863f17c4b8a6f88a91b39ab06d22d8bb8272bf054c,,108812,Suspender Pull-up,Strength,Suspension,,Lats
7e5f3f3aad553a0105d186634bdb434bbf7c18a254046029ac2be2158ca469b3,,112712,Suspender Pull-up (V2),Strength,Suspension,,Lats|Shoulders|Traps
030479b4bb963bb83897de717f4378a81172dac5d9ec52d4213dcac84000a5c0,,112812,Suspender Push-up,Strength,Suspension,,Chest
745df84175ee106f83e037e4946540bd04b8e3ec5e644bd2cf4340f46f45035b,,112912,Suspender Rear Lunge,Strength,Suspension,,Glutes|Quads
0f024aa882247117e4f4ae3e81c6d5e05a305de79f9f6310809d3100b1e0a001,80712,,Suspender Reverse Crunch,Strength,Suspension,,Abs
ccd6b5335e5506da9feb933de7facfc3d85868b9f305c0045d22864ba481be9f,,109012,Suspender Reverse Fly,Strength,Suspension,,Shoulders
e0a5faf6dd2509308b1ef734a9c74ec86450a0970877fe7812d06c04c8c149de,,113012,Suspender Reverse Fly Wake-up,Strength,Suspension,,Glutes|Shoulders
d88f12f92c6bd6b0965126584cc55a816a5840c0c321aed121aacf68110f8c88,,109112,Suspender Rollout on Knees,Strength,Suspension,,Abs
fcca02785e031185062352b5cf9e8c5ecaa7eba7fa236553a279ee7bf135525b,622012,108012,Suspender Row,Strength,Suspension,,Lats|Shoulders|Traps
d0c99a0eb9668c900bf5d9a1eb1c7648009c72ab8115bdaf4c245059d4d765d4,,109312,Suspender Self Assisted Chest Dip,Strength,Suspension,,Chest
4188bbba6e5e8f85bed3d6356a001d22df30b87db642647bec5699c999436d46,,109412,Suspender Self assisted Pull-up,Strength,Suspension,,Lats
3b4be3107fc0fe72550bc3fec31b49944913564cd0914f2a9fdd23da862242d5,,109812,Suspender Side Bridge,Strength,Suspension,,Abs
0eba4db76035a2e93a3993ba0b49aa978a84e02f517cdb60bdacf807a64408f0,,113912,Suspender Split Fly,Strength,Suspension,,Shoulders
582178a0262b3519d72a871d05babccdfb8e36bd7d3ab965b96bba36e4f9fb0d,,114312,Suspender Squat,Strength,Suspension,,Quads
9d7aa262e4a817698c5b046caa18739b8347719207802897914fbf9657efaeb0,622212,,Suspender Squat Jump,Aerobic,Suspension,,Hamstrings|Quads
2b2c864e0429d55ac9272fe0090d0ea89055f33be64ad7c6c7fa5eafae51edef,80512,479912,Suspender Standing Rollout,Strength,Suspension,,Abs
7f9a0066dafac379f77d76fa7af73a1fa229a0219819d485a84c2598ec3feeea,,114612,Suspender Star Push-up,Strength,Suspension,,Abs|Chest
d65af182e36fa7c68ed8e93563889b539075bbbab30defe4390b3a769f6d1ca1,,114712,Suspender Supine Crunch,Strength,Suspension,,Abs|Quads
8a7e24ab72e479e274a117cf3a6c85f3c0d23e7a3c147369c578a054eec4271c,587612,110412,Suspender Triceps Extension,Strength,Suspension,,Triceps
5306a2cc8360225f8e7d65ec3c2dfa5c5da59a78c51f3198a5a2a1e562116363,,445112,Suspender Wide-Grip Inverted Row on floor,Strength,Suspension,,Lats|Shoulders|Traps
f2bc413c23475da14a0b7635be3c0cf88f0151e15321dedd172875ae1f41109a,,110712,Suspender Y Lateral Raise,Strength,Suspension,,Shoulders
290617428725fc10d58ecbcbe8c7abd9896a3a04fe636edb00efb068bcd910e7,,529412,Sweep March,Aerobic,Body weight,,Abs|Calves|Glutes|Hamstrings|Quads
b85c6a1fa7f19649b3be1d5d5d05ecefd684e9fda9a1bdca88a86e93d4996c2f,609812,609912,Swim Leg Circle,Aerobic,Body weight,,Calves|Chest|Glutes|Hamstrings|Quads|Shoulders
7d2bf9699214c1a9ad89771149ecd50ef0df53f3d7c27b2f441bc8a0fed36166,,320712,Swimmer Kicks,Stretching,Body weight,,Glutes|Lats
785c7295b35879cab8d4ed2725eb9cbc08491a6057bd4192bd556e8318c1e1ea,343312,343412,Swimmer Kicks (V2),Strength,Body weight,,Glutes|Hamstrings|Lats
c0bb6f9172c861b6771a0d04d80248441856d0ddb03d8a8fbab233ad04452f6a,694412,848312,Swimming,Aerobic,Body weight,,Abs|Biceps|Calves|Chest|Forearms|Glutes|Hamstrings|Lats|Quads|Shoulders|Traps|Triceps
61234f3c526fd575cc1a07c81f39ee697b5eeab240a5eb32d37e5c2aa9fa75e9,620012,560512,Swimming Side Steps,Aerobic,Body weight,,Abs|Calves|Glutes|Hamstrings|Quads|Shoulders
4cd5c37b20ad43f5fca2e25a59823e9110e000447f81af9a2869c1f143a3e7fe,,554812,Swimming Stepback,Aerobic,Body weight,,Chest|Glutes|Hamstrings|Lats|Quads
9b2ec17f4b3ee81d786345dc2da2f2f0f624777b5d285cd1a528d483b5caddc9,,511112,Swing Back,Strength,Body weight,,Glutes|Lats|Shoulders|Traps
8c2910588f1805a0565201ea80c1203bd3fb1fef3c08c91e2e995b25db4d2e74,,608612,Swing Back Knee Drives,Aerobic,Body weight,,Abs|Calves|Chest|Glutes|Hamstrings|Quads|Shoulders
d33abff88499338660b0a1bcf48af4e826002d9f26ce6cf058640b95a9c09a22,534712,,Swing and Froward Step,Aerobic,Body weight,,Calves|Glutes|Hamstrings|Quads|Shoulders
c710428d22646a32032678260275567bfc1b66acdb2b371bb81e2bc422e65f68,502112,,Swipe Kickback,Aerobic,Body weight,,Calves|Chest|Glutes|Hamstrings|Quads|Shoulders
92dc30d13db6f58eb63446ab3693be23714cbca0fc7e06d43d779667754fcac1,571012,,Switching Downward Punch,Aerobic,Body weight,,Abs|Calves|Chest|Glutes|Hamstrings|Quads|Shoulders|Triceps
c0c643f79ffc284be1a28bb0d3e14e6396fa31a1fc876d718a3dd3184143ad97,633812,,Switching Hops,Aerobic,Body weight,,Calves|Glutes|Hamstrings|Quads
95ae3ea6b76537fd5d673f9a5281632f1c48f84fc59432e844038e45270018c5,546112,,T-Twist Knee Drive,Aerobic,Body weight,,Abs|Calves|Glutes|Hamstrings|Quads
ab53bfedc1b23b4a9a67a6826e0885c393b0ee863ecb18cda078073ba7b990e4,480012,,Table Top Bridge,Stretching,Body weight,,Abs|Glutes|Hamstrings|Quads|Shoulders|Traps
1a3ab353804952536653a14d412ab1d3f6ea989272a1d3fca063e76f432cd702,455312,,Thoracic Bridge,Stretching,Body weight,,Abs|Calves|Glutes|Hamstrings|Lats|Shoulders|Traps
8e33410c2e929957b9890b642a60f3d185111d0bedc1226036317f87faa57e0a,,590412,Thread the Needle Pose,Stretching,Body weight,,Abs|Glutes|Lats
c903c3ee0ec78c62da1081cd2ca70db1e37959715d1c50d00d2e6abeeb6ba04a,,590512,Tiger Curl Pose,Stretching,Body weight,,Abs|Calves|Glutes|Hamstrings|Lats|Quads|Triceps
77e0dde4297ff7e7f619cff0a6f8d6cdfd994cf7980a69785467efee9ec4a680,622712,,Tight Fist Lift,Strength,Body weight,,Forearms
ff614501e6cd7e65d1318211618fe565ae3b18735ba7766d38f81e6dd9a282af,622612,,Tight Fist Rotation,Strength,Body weight,,Forearms
836d7a4b73201e92395f51e9990c022ae83962761876e8979fac11a7e7de5398,496912,,Tip Toe Walking,Aerobic,Body weight,,Calves
569b20b89629ed7643d1249223c3e71b79dcc9a614e76ccbed724423d03b6dbf,,490412,Toe Jump,Aerobic,Body weight,,Calves
de0ce3f45a8bc4c32e17a91c4e58b9695b29f7f8242c49b9f137343845beb98f,480212,,Toe Walk,Strength,Body weight,,Calves
1dd7ff5db3b8d508a2fd2dedea29de26bff6bffa14bf06a5e3c98366081a2eef,579512,,Top Bottom Punch Squat,Aerobic,Body weight,,Chest|Glutes|Hamstrings|Quads|Shoulders
f71aae8fcaa6b11366a225a6bfe4de7c059317045667147c2f5f7769a067a80b,471012,499712,Touchdown,Aerobic,Body weight,,Abs|Calves|Glutes|Hamstrings|Quads
78903f8c5fce44cbbeb49aa64eb98931e43443e7136c7738236a829b03f05602,597812,,Toy Soldier Dynamic Stretch,Stretching,Body weight,,Abs|Glutes|Hamstrings|Quads
ef1a1ea506ac5f398a7b49ce75709608fc2b0fde312c4542e616a6ba5d28caba,410412,,Trap Bar Bent-Over Row,Strength,Trap bar,,Lats|Shoulders|Traps
859a3f881ece832c6cba78970d33bb8a0efce1f6cd3bd9dd18c1f6b55c5bd6db,81112,575812,Trap Bar Deadlift,Strength,Trap bar,,Glutes|Hamstrings|Quads
c0877271153b89579bb615eb909843c8800fb42b3de24df1a928fcb7feb69b3a,291212,575912,Trap Bar Farmers Carry,Strength,Trap bar,,Hamstrings|Quads
ce01d3d647b63c57d2b572059cce7dc7cecf6a30f85431de539bfa0a9ad3a679,530412,,Trap Bar Squat,Strength,Trap bar,,Glutes|Quads
e32e246965ccb2c20a8c3821716ffbcdc1305a0f35775c97357fb32d20bb6119,410312,,Trap Bar Standing Shrug,Strength,Trap bar,,Traps
b014325048cdbdf5a18822e413345d49cb6f79bd1d40d063cc485b08cb61da6f,81412,311512,Triceps Dip,Strength,Special Bar,,Triceps
b1ade3bd73ee91fbe5a9b260096baef87a1864dc7b19ee8a87ff8a2a3bb871a5,81212,,Triceps Dip (bench leg),Strength,Body weight,,Triceps
38d7a27bd3828566397f5a80a9802ae917aa62dd3980cc7dc9d83ce950543c89,81512,511012,Triceps Dip on Floor,Strength,Body weight,,Triceps
5507389de90e634b08e4185864696bef46173486d08040a7eb8d08f6cdd67bea,,554912,Triceps Extension Stepback,Aerobic,Body weight,,Glutes|Hamstrings|Quads
42436d1d13ac1aeb0d87da3264dee4d66d060de8a76bcb0159ebf62af7e15244,81612,,Triceps Press,Strength,Special Bar,,Triceps
9d9639c708f21e3f2da5eeee3c8e23930d6c4d50c5be51afddd9e73bc323ef52,119112,,Triceps Press (Head Below Bench),Strength,Body weight,,Triceps
7473f7fee01050cc840bb5dc0be2473b7aebe9833bef41462d668db2f36fbf3d,480412,,Triceps Press (low bar position),Strength,Special Bar,,Triceps
5e84bc551c3feadf7627cc05790a32992eb18d64901c742b5a8da7908773a4ac,87112,,Tuck Crunch,Strength,Body weight,,Abs
ce59a6fce551cfe46245e81ac99a9eb9c7213422396a282a0bad0be18054eafe,370012,,Tuck Jump (V2),Aerobic,Body weight,,Abs|Calves|Glutes|Hamstrings|Quads|Shoulders
a949459cc9f139bd461f28167e0fbb160d318669163163aac0ca8ce6cfb253d7,579212,,Turn Side Step 4 Corner Touches,Aerobic,Body weight,,Abs|Calves|Glutes|Hamstrings|Quads|Shoulders
11484041e33a4b75d00a17fd7881ecde8a9db7890c1c3c0a910c037e5f9ed35a,,608912,Twist Chest Out,Aerobic,Body weight,,Abs|Calves|Chest|Glutes|Hamstrings|Quads|Shoulders
f34479c455053b804b5a39d15a5d8c24ca434bd77068cb9e71bdfb44c2096e38,551412,,Twist Crunch (Legs-up),Strength,Body weight,,Abs
22b4a8b0c1047d64f4f0d594f5e7000836cadcec8b70abe1dd305e5aa8e22891,146612,,Twist Hip Lift,Strength,Body weight,,Abs|Glutes
7b5dbeda2fed04c5a79554430560932cef0ca95085371cec39987b909817acc8,,531812,Twist March,Aerobic,Body weight,,Abs|Calves|Glutes|Hamstrings|Quads
8265b7afc010e82702bdee0eb50364f3cd48f0a073bea4e9b02f8b738139ce34,396412,,Twist Push-up,Strength,Body weight,,Chest
dd2bdb1969d0a8a5a0b6a4f21684d88cdc4258a2dc8aa1224883c7abb7504de8,,82112,Twist Sit-up,Strength,Body weight,,Abs|Quads
5ad0fbb4ec0033cd70ac9ae3b34cce8ab519870314014411f7292879bb202308,,82212,Twist Squat,Strength,Body weight,,Abs|Glutes|Quads
249b7a9c1afa6a33eb6129b2711c8222fc86335a840bb374addb9b4a04681583,,395612,Twist Step Stretch,Stretching,Body weight,,Glutes
0dbbb3be3fb0fa22433d25a5aac18f4bdce9ea7e3e769de9828808bb23888596,,571512,Twist Stepback,Aerobic,Body weight,,Abs|Glutes|Hamstrings|Quads
eccfb390c5e57c6e997cfb9779127255df8609f005340424cda8c3253812de6a,409112,,Twist Superman,Strength,Body weight,,Abs|Glutes|Lats
714e8ab60a577dce2af75a304dc136dc5ed1e8009be557fb72cb98631b14683a,554112,554612,Twist Turn Slam,Aerobic,Body weight,,Abs|Calves|Chest|Glutes|Hamstrings|Lats|Quads|Shoulders|Triceps
c43771c2754c51ef290d2a02fab9bb754fa5fa62991af2283db22a29f3ca257b,,513712,Twist and Turn,Aerobic,Body weight,,Abs|Glutes
ac94892dc15a0cad69f19ab2a2b6027a55c90124517f942f8613eea58416a2cd,,549512,Twist and Turn Punch,Aerobic,Body weight,,Abs|Chest|Glutes|Hamstrings|Shoulders
1adb6ec2e6a5d108d7b19bba0179f9b26858c612d3fa388a1a938b38273087d6,,590612,Twisted Leg Lunge Pose,Stretching,Body weight,,Abs|Glutes|Quads
887642162c6ec824f6d7071d189e633ec88bd1fd65ef05ef09c3009cc9803503,280212,280112,Twisted Leg Raise,Strength,Special Bar,,Abs|Quads
8adec97d45151688907727635416a8830f1fdb2216254f29f44346baaa5c0da6,462012,601612,Twisting Crunch,Strength,Body weight,,Abs
a8ec269dd0713aabcf525f4b6ff47d6f18b62524731497635a1392828dfcc0b5,362112,,Twisting Crunch (Straight Arms),Strength,Body weight,,Abs
7fe72ed87d5ed466d4e3a694ef3728803b131e1a488bd84648e163b398d2fdfe,,82312,Twisting Crunch (arms straight),Strength,Body weight,,Abs
7c1bdaa90d343a0740577111161987e1ff0a21a09f52ba3c4ce21d26cb104aa0,454912,517612,Twisting Knee Thrust,Aerobic,Body weight,,Abs|Biceps|Calves|Chest|Glutes|Hamstrings|Quads|Shoulders
ec91aae6c29f1a39608887e311efd383d60ce4ced163544ebf75cf7e19c311ec,553212,559712,Twisting Knee-up,Aerobic,Body weight,,Abs|Calves|Glutes|Hamstrings|Quads
6a725fa546389f9281a77dedd37813136d645b11e5bb6f696eb76ecd2b1b809f,,324912,Two Front Toe Touching,Stretching,Body weight,,Abs|Glutes|Lats
ba819cab13c3ffe8b12c91917e4b0db4db25f7453003c77797c7683b8247c8e1,385112,,Two Legs Hammer Curl with Towel (V2),Strength,Body weight,,Forearms
bfd7bf1749495a08bb93432cc0c664f700fa77252a3ac16f2c4d784e5395bdcb,385012,,Two Legs Reverse Biceps Curl with Towel (V2),Strength,Body weight,,Biceps
9a207c40e9ad48625321943165a68b4dbed6110a94905c833dbb67ee9aa414e5,,640412,U Squat,Aerobic,Body weight,,Abs|Calves|Glutes|Hamstrings|Quads
33a2d11794c4543c94b013a0bcf10699725f6344f528b306697c4c987b7514e2,122312,,Underhand-Grip Inverted Back Row,Strength,Special Bar,,Lats|Shoulders|Traps
bf85cc4804c5ce9a3d17a3c8e6ba3c93defae9f6024c004f91b22cb804915642,,487712,Up and Down,Strength,Body weight,,Lats|Shoulders|Traps
fb75e989f2cdcab523cb923eafa7abf7b39fd8b0d533ed6010b55ed3c72c351b,498912,,V Sit Cross Punch,Strength,Body weight,,Abs|Chest
926d8d1ad609c9554a558f9000397d800327718463c786393284421b44565968,504612,,V Sit Toe Tap,Strength,Body weight,,Abs|Quads
5a8c713a9e931b44723521c444f201945ee46fe14829a0399556b208984e09fa,342012,,V Sit on Floor,Strength,Body weight,,Abs|Quads|Shoulders|Traps|Triceps
bf3e420376a12a7ddc5ac1e3d48584924782fd3e844dabee832ef52d343b74ac,362212,82512,V-up,Strength,Body weight,,Abs|Quads
e6dbb50d696a9fbb959f3d860fbc072fd82b9be507052480cce3aa106277fa0c,400212,427212,V-up Double Crunch,Strength,Body weight,,Abs|Quads
a4127cc449fa97e46feff1979a28fe5253b8dc098f41e00c3f7cf98463eedbb8,281512,,V-up Down (Stability ball),Strength,Stability ball,,Abs
fa01142a92e64093cb7a56195243d0001ae1af9f96f566ddb35dca476cd0f2d4,534412,549212,V-up Hold,Strength,Body weight,,Abs|Quads
1cb2f427894d61d020dc61a2966ca448b3beab1212eda41215a04ea0f8a659fd,400312,427112,V-up with Clap,Strength,Body weight,,Abs
e4e5816b72c5f73e4359faa12d424942c8180a9ba6073865a11fa5924678806c,82612,362312,Vertical Leg Raise (on parallel bars),Strength,Special Bar,,Abs|Quads
81d5af4d3a2210f0f4320c4397b6d03b839624d0cd6bba68992004d2a154e152,596312,,Vertical Sit-up,Strength,Special Bench,,Abs|Quads
ed3e8a98a3052a5d6b386053a605f4775a14cd45951bbf13b96867717f3305f7,,252712,Vibrate Plate Lunge,Stretching,Vibrate Plate,,Abs|Calves|Glutes|Hamstrings|Quads
908d856c118077dfb1b836a5295f9f22682c6d31afe501dccd1ccdc5c2dffa6b,,252612,Vibrate Plate Plank,Stretching,Vibrate Plate,,Abs|Biceps|Forearms|Triceps
6eb99c739051c59234d16d814eb09fbd9196a3d4d74ceaa184826e93d1a8cc8f,,252512,Vibrate Plate Standing,Stretching,Vibrate Plate,,Abs|Calves|Glutes|Hamstrings|Quads
fabdf3af4e80ae23e039230f7ec118bba41248fed48f4a53bb045711f667d152,553512,554512,W to Y Superman,Strength,Body weight,,Glutes
01bdc662c0472800d1f5083c82833513606a031fe1422b945ea2a87d664ed257,214112,362412,Walk Elliptical Cross Trainer,Aerobic,Special Machine,,Biceps|Calves|Chest|Forearms|Glutes|Hamstrings|Lats|Quads|Shoulders|Triceps
46321101604e7453a9e9279c80dc1b9d4a8d5dcdddc299c289a30ed23eff0606,,613012,Walk The Dog,Stretching,Body weight,,Calves|Glutes|Hamstrings|Lats|Shoulders|Triceps
98db74996cf3cf55b286a3fc9208e84a964294c5aef75b7644000e0b6d7833a5,214012,362512,Walk Wave Machine,Aerobic,Special Machine,,Calves|Glutes|Hamstrings|Quads
eba9c6212a18078e2ea209cfcb0d3cfe8c2bfe882cb2a7cec6632d6b253659f7,225812,226112,Walking,Aerobic,Body weight,,Calves|Hamstrings|Quads
e682be6d41f3344b233bd1e0d93bec5ad6423e1f916c9bbeec4583c895bcfeea,365512,,Walking High Knees Lunge,Aerobic,Body weight,,Calves|Glutes|Hamstrings|Quads
778e6299d4ae96b530d9b90a5cc5b8603284002a3b2645b0669bba3f20c490e1,146012,381112,Walking Lunge,Strength,Body weight,,Glutes|Quads
db4eaada7cd6312343f264a5e3bff35256bd50d26843c101c90b492282ff8f7b,,425912,Walking on Elliptical Machine (V7),Aerobic,Special Machine,,Biceps|Calves|Glutes|Hamstrings|Quads|Shoulders|Triceps
50428e5ae258cbe4dd5aa5644e85899b18b8fb8e9a87fdd5d870130c14a08dcc,366612,520912,Walking on Incline Treadmill,Aerobic,Treadmill,,Calves|Glutes|Hamstrings|Quads
0c0c1e361c2abca052b8bbbe9d721727e29fb07d3ec3afe5052242a8553edf5a,231112,249012,Walking on Stepmill,Aerobic,Special Machine,,Calves|Glutes|Hamstrings|Quads
e4f579d8f2bd22ae4a91334044b448b6429ad535a6125978452cace405b3c7f5,225912,226012,Walking on Treadmill,Aerobic,Treadmill,,Calves|Hamstrings|Quads
051ff4c4d1834a82d0a66e315ff4c05e38ddcb5fc32dbb9737d9041d9345ab0f,559312,,Wall Press and Twist,Strength,Body weight,,Abs
e3131ef9c4b9b3c66d8e38e426f69ce159e4f59d624b56f41a8b3c2b4a0d2ee2,517412,,Wall Pulse,Strength,Body weight,,Triceps
f85e21d81d6fd117da5df1e48dbfd12f0959025d4438f88f5674ca34fc2a0e1b,73412,,Wall Sit,Strength,Body weight,,Glutes|Quads
c508e42184f5fbc1cf7abaa7a7c0b624b9d5afdbe06767b3e4f737e3b762712f,346612,,Warming-up in Lunge (six),Stretching,Body weight,,Abs|Calves|Glutes|Hamstrings|Quads
859a31772f8605c6fdfa12ec4a05419ca5d93fd1fff5a97d6f16d7856ab7f027,,590712,Warrior III Pose,Stretching,Body weight,,Glutes|Hamstrings
2cde494fc7cb71c5e83ac0a0311802f872622a056a7b12c4ccc8d1cdd4dbb704,634812,,Weighted Bag Half Squat High Pull,Strength,Weighted,,Shoulders
5f2e6af88535d87d5222fc7123cc5e05fac90eb6ac0e9b3d31a31d0f61c9d119,634712,,Weighted Bag Standing Swing Twist,Strength,Weighted,,Abs
71ad3eafb9b777a403882ea15ef6f5798cb5b9d47eaa168173c97d83efc124e3,212712,,Weighted Captains chair leg raise,Strength,Weighted,Special Bar,Abs|Quads
80d35bdf98d2610219632d10e4dd1eb18b9606747031f796fb14531fd8104124,591012,,Weighted Chain Sumo Deadlift,Strength,Weighted,,Glutes
2c5083f4d5ec5ae87df54daa0c2685bf10a56660b9b4896236b7ad0b51a73113,410212,,Weighted Chin-up,Strength,Weighted,Special Bar,Lats|Shoulders|Traps
a447fb0d2528369f5722fe04871936811bb545f13375b0488d7c075af2d7f107,412812,578312,Weighted Counterbalanced Squat,Strength,Weighted,,Glutes|Hamstrings|Quads
bae8aaa1a09d9066693bba48acce07fb1c143f08e8580d3864c415503ba3b57b,425212,,Weighted Crunch (V2),Strength,Weighted,,Abs
2822d75dab42d0bbd65349e7a335212ddd7790c0e5b24000df44609539059a21,367012,,Weighted Decline Sit-up,Strength,Weighted,Special Bench,Abs|Quads|Shoulders
251147621f7658a8ab2e563b9aa6aeb7788b34fa55aec35e8f0e58ce1a2c9d8b,213512,,Weighted Front Plank,Strength,Weighted,,Abs
a3a774551702003b80bd2315ac1ad764579add50791ca81b13aab3c214ef63ff,83412,,Weighted Front Raise,Strength,Weighted,,Shoulders
2d6669872872aeb9e4ccdb9b075a940e73cc3ee4a9183988fc5af95bcddd812c,581812,,Weighted Full Can Exercise,Strength,Weighted,,Shoulders
04b0c2f29b656a4ae013bc7de715cff565803719151dd067f1f87c7ec624e07c,298612,,Weighted Hammer-Grip Pull-up on Dip Cage,Strength,Weighted,,Lats
462eb16c1c9a27c9757a693460a6e6c4444c3c1528c14fcfb6f763beb5871212,418112,,Weighted Hang Chin-up,Strength,Weighted,Special Bar,Lats
4fec4afae111033b6e7b4d7654e95cb40494c7b3ca9542aab085904a0607aac0,212812,,Weighted Hanging Straight Leg Raise,Strength,Weighted,Special Bar,Abs|Quads
1659cbe998e003dd8a4fa256be56ef248075c294c8519d34f196a28b2c8d2980,86612,,Weighted Hanging leg hip raise,Strength,Weighted,Special Bar,Abs
f5fa67b7056e3735d179f6dfe6703d3785800eddc79437005ac41877016172fc,,275412,Weighted Hip Thrusts,Strength,Weighted,,Glutes|Hamstrings|Quads
a079689c4fceb60eab1e04482745497855929e934c40a5ddf8ebfab6aa5d52d7,503512,578212,Weighted Hyperextension,Strength,Weighted,Special Bench,Glutes|Lats
938b6aeac6ade3995c46a198e40690093e12775455afc9a74601142faf6e334a,,83612,Weighted Leg Extension Crunch,Strength,Stability ball,,Abs
3a5c453d464db4a6523f1cd74c61e353f0d87e75dba756da0edb693d93f45c46,364412,,Weighted Lunge with Swing,Strength,Weighted,,Glutes|Quads|Shoulders
f9885410dda1eccdd2acaa2b4795bc4e035d661bf6ee5df54cac822f345bd06b,240812,,Weighted Lying Neck Extension (Head harness),Strength,Weighted,Head Harness,Traps
f838882a27846e562a7349ee2369fe3c61a2d0d20f6406f72deb7ee785298af6,104312,,Weighted Lying Neck Flexion,Strength,Weighted,,Traps
4b089eca712d272a0a0cae0eb7add3b48082ebde753a581a86568fa959db0263,240912,,Weighted Lying Neck Flexion (Head harness),Strength,Weighted,Head Harness,Traps
0bbd024e4832d087ba438f8ff6309fe6211e0840a0f5ea51c983dac248b65678,83812,,Weighted Lying Side Lifting Head (Head harness),Strength,Weighted,Head Harness,Traps
10e0a2f2ef84fd72d9e59a966d01446134f4947b75e361f237097f4721eced01,,83912,Weighted Lying Twist,Strength,Stability ball,,Abs
1ecede88f154177798176b1fc909824f6a8cc50aeae2ee40270758b5d95a9289,358712,,Weighted One Leg Lift,Strength,Weighted,,Quads
5b0fadb6a8ebc2acd9b2f6202a84add3435fe39336b102b482227d5ec2f11737,84012,,Weighted Overhead Crunch (on stability ball),Strength,Weighted,Stability ball,Abs
5c8e2299fcf4b60c7385b0d2bbcca153e3d9db70b7ba03ed105b74d6f7b62d20,386012,,Weighted Plate Bent-Over Row,Strength,Weighted,,Lats|Shoulders|Traps
bd77d5da02f862d5344a1bf40c5e23b8668ce6681f98d5dbfc9bc5c2a515e3dd,619612,,Weighted Plate Cossack Squat,Strength,Weighted,,Hamstrings|Quads
8f3189e7553916769da11e4b53eecde65dfd481b1ee1eaa97ae35aff1b574ab7,642212,,Weighted Plate Standing Overhead Press,Strength,Weighted,,Shoulders
65d9d207fdd08653a5935ee4264ccf1e1eb1c2d72eab4f03f34fd32bc4655afb,84112,,Weighted Pull-up,Strength,Weighted,,Lats
8a5dbc203fbda3e26aa6cb3c6d7bd0b7de84b9055c94b7e4848ae2494772a0eb,391012,,Weighted Push-up with Vest,Strength,Weighted,,Chest
d515ea4e9edc78a7d3e2c4fd88bfc1023663da49ee0576b354c67a83e25dca50,84412,,Weighted Round Arm,Strength,Weighted,,Shoulders
a87a8777ba00a9004e59f0406fd93678a6b009058690e55787b5fc918e918e5a,237112,,Weighted Russian Twist (V2),Strength,Weighted,,Abs
51a3a99ab1239abab7ed1d79edbb1d1364663ef3e32353c2dee4d830b1e51573,84512,,Weighted Russian Twist (legs up),Strength,Weighted,,Abs
e3b97ddbac00327aae77b3542c5a095749f50a0e1d640d460b0dbbb91c81d25b,84812,,Weighted Seated Neck Extension (Head harness),Strength,Weighted,Head Harness,Traps
93c51369bbc04feffb070e1045997240becb4be9dd346c4a89abc7e3c1d75788,462312,,Weighted Seated Tuck Crunch on Floor,Strength,Weighted,,Abs
2f9f12352bace35d8d5fa0e73009910eb4816c93cc1f30561319b6f75a65fefa,85012,,Weighted Side Bend (on stability ball),Strength,Weighted,Stability ball,Abs
ce4aae4c18f0ba9211bc1fc31517ea4800bd3e202c69329985f95982142816b8,85112,403212,Weighted Sissy Squat,Strength,Weighted,,Quads
b5146e866f0bc576f4c40af9092a924837aed26090cfae7920540cf0450aac86,160312,,Weighted Stability ball Wall Squat,Strength,Weighted,Stability ball,Hamstrings|Quads
8fb1ecb976ba2dc54c4704a6a5be7f2726bd127043a7304afb44d8a2ade0e573,85312,362612,Weighted Standing Curl,Strength,Weighted,,Biceps|Forearms
b484029c422f7998d53c6801f7471fd042ef254307e06b6d025fd81a2af0db0f,241012,,Weighted Standing Neck Extension (Head harness),Strength,Weighted,Head Harness,Traps
7d1f4fb1e3060464e2d436e5a130d35e2bbda7f08825107137d6cdc7f426ffa7,,85512,Weighted Standing Twist,Strength,Weighted,,Abs
9adde317e16c391a297caf0ee35e18b1b897ac037dd3a2a54f0ee796e85c1396,364212,,Weighted Stretch Lunge,Stretching,Weighted,,Glutes|Hamstrings|Quads
4e14acc08b4f03e4a41b3679905af62d10b0fa4431d8f45e9a13ac99fd07675d,533212,,Weighted Svend Bench Press,Strength,Weighted,,Chest
eec731f1bdf5a942a2146766d233072897823bf627cddb5e768e982e9f2c9717,85612,,Weighted Svend Press,Strength,Weighted,,Chest
40209d8607e2d857133b81a2d3c7942b8445d7e68c6ac3f0da6a9d0b60aaed68,175412,,Weighted Three Bench Dips,Strength,Weighted,,Triceps
1bd091775a124656552131039817cea46eeda1e03535f38cf090084cc68fe201,175512,,Weighted Tricep Dips,Strength,Weighted,,Triceps
4d9f7652b5359896a4fded261cf0b6de71fac8c2da42bcfb1255ab61d0d1136c,,118812,Weighted Twisting Crunch (on bench),Strength,Weighted,,Abs|Quads
fad0ac80b12040fcffbc2668155766235b167617323cf0f2a2713b7e657907f1,551112,642912,Weighted V-up Passes with Pad,Strength,Weighted,,Abs
fb7e5c0ccd09189d8fcffbba4530c7fe92de1d97ace513ccbc33355b788bc412,213012,,Weighted decline crunch,Strength,Weighted,Special Bench,Abs
6e07e19c5a006a3e8f2c663b11bd2137fcdfdcaac98a535d0f48b24eac5775ae,85712,233212,Wheel Rollout,Strength,Ab Wheel Roller,,Abs|Quads
065f894a715b3ad87096d6a8ac29b94b8d219ea6c56f0b1af72831e0724d73f9,409312,,Wheel Rollout with Wall Support,Strength,Ab Wheel Roller,,Abs
0df5e6e60b07d6af504ef91ac3c0e8fb4fc48b3d62ec8ec3166a76cd9cc68951,480512,,Wide Air Squat,Strength,Body weight,,Glutes
f48d50b92d6b0f1f82605ae522b95bf218abbb18b6394df3a9dd1bbc607c8af8,,491512,Wide Chin-Up,Strength,Special Bar,,Lats|Shoulders|Traps
38661da87cbb307904b5cc51df6c17b037495046c618d38b6ae84a3e6b4b2528,,580412,Wide Glute Bridge,Strength,Body weight,,Glutes
6084b818628f051706483a575c70fef226f55ad5aba87e1ac2da550bd1f2553c,,580512,Wide Glute Pulse Bridge,Strength,Body weight,,Glutes
3e8bc08f67e8cc7b4b85303108bc4f3c8c0f77ba056571c263bc62dbafcd4e8e,131112,403712,Wide Hand Push-up,Strength,Body weight,,Chest
e75efcbbd5d56bcaf4ddeaad2c70bb6ae5f170545342749b791680592f1dd0fa,520812,520712,Wide Leg Sit-up,Strength,Body weight,,Abs|Quads
5beb0a7ce16ff3e5b88a6d28675262070676aa3ca930d3e05e802b13942477ea,,274012,Wide Push-up (wall),Strength,Body weight,,Chest
9396a7f6cf80123dc52b703a9ec82d93c45378cd68150b1ef10ea29eccaa3889,586512,,Wide Stance Jump Squat to Narrow Stance Jump Squat,Aerobic,Body weight,,Glutes
097436c5d721d22c842c39c575c5f1b7fb4978dc338f71d590311c06a45d75fe,236312,,Wide-Grip Chest Dip on High Parallel Bars,Strength,Special Bar,,Chest
a35f17bf7f2a503abd14572474716666ca7a21659078e830186582d018581356,142912,362712,Wide-Grip Pull-Up,Strength,Special Bar,,Lats
717a5aaeed34a95d9d47cdc43ce2f190b64275cdb618b4fed565044813880eeb,136712,362812,Wide-Grip Rear Pull-Up,Strength,Special Bar,,Lats
93dc153e7e2aafdc407f25f02e72a45cd7002a0ec71220f6bd3f7a05fdee48cb,579312,,Wind Side Twist Jump,Aerobic,Body weight,,Abs|Calves|Chest|Glutes|Hamstrings|Quads|Shoulders
1e4c262f31e169c9c5843308193476769b0fcf41edd02be01d5b4a60fad92359,124912,,Wipers (straight leg),Strength,Body weight,,Abs
8c10a78e0a4931973291771612db4726f2da1825a06f10a661c1fe3237938cdc,463312,,Worlds Greatest Stretch,Stretching,Body weight,,Abs|Glutes|Lats|Quads
bf361738daaf528aa248e745daff3ce22530cc043dcbe3ea0dc8d71e1dc00b42,278912,,Wrist - Adduction,Stretching,Body weight,,Forearms
b143f6cb3139a4c3b88f9be50165dcd69b4808f9c084558aa68b5aac6d7f7792,279012,,Wrist - Extension,Stretching,Body weight,,Forearms
c8920060d14f4ad1a7cf09b1d74a623fd9839f9d355a790c377b64824bde3303,279112,,Wrist - Flexion,Stretching,Body weight,,Forearms
9733a4b9ef5d3bd664d463fe5c6b6c3ff064f6bc3a0f9a66fd95335a4777b93b,142812,432312,Wrist Circles,Strength,Body weight,,Forearms
9495e6925e93229bc4a9953a2f50fa937c4f2858ec90c8910a604552d4ac990d,,184912,Wrist Extensor Stretch,Stretching,Body weight,,Forearms
4a21ef65663f3836eb4afec45f69670b47fc99c2229dd58d74065f5a7c66dde7,,185012,Wrist Flexor Stretch,Stretching,Body weight,,Forearms
80bbbfa2e9b81e1dfa4d9fc3f985319ef6a84a2b90ba3a0861c3f694fd06b87a,85912,,Wrist Roller,Strength,Weighted,,Forearms
5ad18a7e75dc24f5ab09f9f2b81a39aa8b2f0e7186c3c10dd2d7d4342051d616,618012,182512,Wrist Ulnar Deviator And Flexor Stretch,Stretching,Body weight,,Forearms
0c8c51bff67b0131cf8c659d4e75e903409192b5a138f78d672621a2444bcc44,292612,,X Band Side Walk,Strength,Band,,Glutes
f6e2652dcddba778ecb88380d3617bc45a8ac4ab559ec098068c4e7f35741231,,638712,Y Leg Squeeze and Curl,Strength,Body weight,,Glutes
83d590a496825f6e9f88ad9b3122714b2734048680a231cd419e199a5270f9f8,213412,,Zercher Carry,Strength,Weighted,,Calves|Glutes|Hamstrings|Quads
